-- Automatically generated by SQLQueryTestSuite
-- Number of queries: 57


-- !query
SELECT CAST('1.23' AS int)
-- !query schema
struct<>
-- !query output
java.lang.NumberFormatException
invalid input syntax for type numeric: '1.23'. To return NULL instead, use 'try_cast'. If necessary set spark.sql.ansi.enabled to false to bypass this error.


-- !query
SELECT CAST('1.23' AS long)
-- !query schema
struct<>
-- !query output
java.lang.NumberFormatException
invalid input syntax for type numeric: '1.23'. To return NULL instead, use 'try_cast'. If necessary set spark.sql.ansi.enabled to false to bypass this error.


-- !query
SELECT CAST('-4.56' AS int)
-- !query schema
struct<>
-- !query output
java.lang.NumberFormatException
invalid input syntax for type numeric: '-4.56'. To return NULL instead, use 'try_cast'. If necessary set spark.sql.ansi.enabled to false to bypass this error.


-- !query
SELECT CAST('-4.56' AS long)
-- !query schema
struct<>
-- !query output
java.lang.NumberFormatException
invalid input syntax for type numeric: '-4.56'. To return NULL instead, use 'try_cast'. If necessary set spark.sql.ansi.enabled to false to bypass this error.


-- !query
SELECT CAST('abc' AS int)
-- !query schema
struct<>
-- !query output
java.lang.NumberFormatException
invalid input syntax for type numeric: 'abc'. To return NULL instead, use 'try_cast'. If necessary set spark.sql.ansi.enabled to false to bypass this error.


-- !query
SELECT CAST('abc' AS long)
-- !query schema
struct<>
-- !query output
java.lang.NumberFormatException
invalid input syntax for type numeric: 'abc'. To return NULL instead, use 'try_cast'. If necessary set spark.sql.ansi.enabled to false to bypass this error.


-- !query
SELECT CAST('1234567890123' AS int)
-- !query schema
struct<>
-- !query output
java.lang.NumberFormatException
invalid input syntax for type numeric: '1234567890123'. To return NULL instead, use 'try_cast'. If necessary set spark.sql.ansi.enabled to false to bypass this error.


-- !query
SELECT CAST('12345678901234567890123' AS long)
-- !query schema
struct<>
-- !query output
java.lang.NumberFormatException
invalid input syntax for type numeric: '12345678901234567890123'. To return NULL instead, use 'try_cast'. If necessary set spark.sql.ansi.enabled to false to bypass this error.


-- !query
SELECT CAST('' AS int)
-- !query schema
struct<>
-- !query output
java.lang.NumberFormatException
invalid input syntax for type numeric: ''. To return NULL instead, use 'try_cast'. If necessary set spark.sql.ansi.enabled to false to bypass this error.


-- !query
SELECT CAST('' AS long)
-- !query schema
struct<>
-- !query output
java.lang.NumberFormatException
invalid input syntax for type numeric: ''. To return NULL instead, use 'try_cast'. If necessary set spark.sql.ansi.enabled to false to bypass this error.


-- !query
SELECT CAST(NULL AS int)
-- !query schema
struct<CAST(NULL AS INT):int>
-- !query output
NULL


-- !query
SELECT CAST(NULL AS long)
-- !query schema
struct<CAST(NULL AS BIGINT):bigint>
-- !query output
NULL


-- !query
SELECT CAST('123.a' AS int)
-- !query schema
struct<>
-- !query output
java.lang.NumberFormatException
invalid input syntax for type numeric: '123.a'. To return NULL instead, use 'try_cast'. If necessary set spark.sql.ansi.enabled to false to bypass this error.


-- !query
SELECT CAST('123.a' AS long)
-- !query schema
struct<>
-- !query output
java.lang.NumberFormatException
invalid input syntax for type numeric: '123.a'. To return NULL instead, use 'try_cast'. If necessary set spark.sql.ansi.enabled to false to bypass this error.


-- !query
SELECT CAST('-2147483648' AS int)
-- !query schema
struct<CAST(-2147483648 AS INT):int>
-- !query output
-2147483648


-- !query
SELECT CAST('-2147483649' AS int)
-- !query schema
struct<>
-- !query output
java.lang.NumberFormatException
invalid input syntax for type numeric: '-2147483649'. To return NULL instead, use 'try_cast'. If necessary set spark.sql.ansi.enabled to false to bypass this error.


-- !query
SELECT CAST('2147483647' AS int)
-- !query schema
struct<CAST(2147483647 AS INT):int>
-- !query output
2147483647


-- !query
SELECT CAST('2147483648' AS int)
-- !query schema
struct<>
-- !query output
java.lang.NumberFormatException
invalid input syntax for type numeric: '2147483648'. To return NULL instead, use 'try_cast'. If necessary set spark.sql.ansi.enabled to false to bypass this error.


-- !query
SELECT CAST('-9223372036854775808' AS long)
-- !query schema
struct<CAST(-9223372036854775808 AS BIGINT):bigint>
-- !query output
-9223372036854775808


-- !query
SELECT CAST('-9223372036854775809' AS long)
-- !query schema
struct<>
-- !query output
java.lang.NumberFormatException
invalid input syntax for type numeric: '-9223372036854775809'. To return NULL instead, use 'try_cast'. If necessary set spark.sql.ansi.enabled to false to bypass this error.


-- !query
SELECT CAST('9223372036854775807' AS long)
-- !query schema
struct<CAST(9223372036854775807 AS BIGINT):bigint>
-- !query output
9223372036854775807


-- !query
SELECT CAST('9223372036854775808' AS long)
-- !query schema
struct<>
-- !query output
java.lang.NumberFormatException
invalid input syntax for type numeric: '9223372036854775808'. To return NULL instead, use 'try_cast'. If necessary set spark.sql.ansi.enabled to false to bypass this error.


-- !query
SELECT HEX(CAST('abc' AS binary))
-- !query schema
struct<hex(CAST(abc AS BINARY)):string>
-- !query output
616263


-- !query
SELECT HEX(CAST(CAST(123 AS byte) AS binary))
-- !query schema
struct<>
-- !query output
org.apache.spark.sql.AnalysisException
cannot resolve 'CAST(CAST(123 AS TINYINT) AS BINARY)' due to data type mismatch: 
 cannot cast tinyint to binary with ANSI mode on.
 If you have to cast tinyint to binary, you can set spark.sql.ansi.enabled as false.
; line 1 pos 11


-- !query
SELECT HEX(CAST(CAST(-123 AS byte) AS binary))
-- !query schema
struct<>
-- !query output
org.apache.spark.sql.AnalysisException
cannot resolve 'CAST(CAST(-123 AS TINYINT) AS BINARY)' due to data type mismatch: 
 cannot cast tinyint to binary with ANSI mode on.
 If you have to cast tinyint to binary, you can set spark.sql.ansi.enabled as false.
; line 1 pos 11


-- !query
SELECT HEX(CAST(123S AS binary))
-- !query schema
struct<>
-- !query output
org.apache.spark.sql.AnalysisException
cannot resolve 'CAST(123S AS BINARY)' due to data type mismatch: 
 cannot cast smallint to binary with ANSI mode on.
 If you have to cast smallint to binary, you can set spark.sql.ansi.enabled as false.
; line 1 pos 11


-- !query
SELECT HEX(CAST(-123S AS binary))
-- !query schema
struct<>
-- !query output
org.apache.spark.sql.AnalysisException
cannot resolve 'CAST(-123S AS BINARY)' due to data type mismatch: 
 cannot cast smallint to binary with ANSI mode on.
 If you have to cast smallint to binary, you can set spark.sql.ansi.enabled as false.
; line 1 pos 11


-- !query
SELECT HEX(CAST(123 AS binary))
-- !query schema
struct<>
-- !query output
org.apache.spark.sql.AnalysisException
cannot resolve 'CAST(123 AS BINARY)' due to data type mismatch: 
 cannot cast int to binary with ANSI mode on.
 If you have to cast int to binary, you can set spark.sql.ansi.enabled as false.
; line 1 pos 11


-- !query
SELECT HEX(CAST(-123 AS binary))
-- !query schema
struct<>
-- !query output
org.apache.spark.sql.AnalysisException
cannot resolve 'CAST(-123 AS BINARY)' due to data type mismatch: 
 cannot cast int to binary with ANSI mode on.
 If you have to cast int to binary, you can set spark.sql.ansi.enabled as false.
; line 1 pos 11


-- !query
SELECT HEX(CAST(123L AS binary))
-- !query schema
struct<>
-- !query output
org.apache.spark.sql.AnalysisException
cannot resolve 'CAST(123L AS BINARY)' due to data type mismatch: 
 cannot cast bigint to binary with ANSI mode on.
 If you have to cast bigint to binary, you can set spark.sql.ansi.enabled as false.
; line 1 pos 11


-- !query
SELECT HEX(CAST(-123L AS binary))
-- !query schema
struct<>
-- !query output
org.apache.spark.sql.AnalysisException
cannot resolve 'CAST(-123L AS BINARY)' due to data type mismatch: 
 cannot cast bigint to binary with ANSI mode on.
 If you have to cast bigint to binary, you can set spark.sql.ansi.enabled as false.
; line 1 pos 11


-- !query
DESC FUNCTION boolean
-- !query schema
struct<function_desc:string>
-- !query output
Class: org.apache.spark.sql.catalyst.expressions.Cast
Function: boolean
Usage: boolean(expr) - Casts the value `expr` to the target data type `boolean`.


-- !query
DESC FUNCTION EXTENDED boolean
-- !query schema
struct<function_desc:string>
-- !query output
Class: org.apache.spark.sql.catalyst.expressions.Cast
Extended Usage:
    No example/argument for boolean.

    Since: 2.0.1

Function: boolean
Usage: boolean(expr) - Casts the value `expr` to the target data type `boolean`.


-- !query
SELECT CAST('interval 3 month 1 hour' AS interval)
-- !query schema
struct<CAST(interval 3 month 1 hour AS INTERVAL):interval>
-- !query output
3 months 1 hours


-- !query
SELECT CAST("interval '3-1' year to month" AS interval year to month)
-- !query schema
struct<CAST(interval '3-1' year to month AS INTERVAL YEAR TO MONTH):interval year to month>
-- !query output
3-1


-- !query
SELECT CAST("interval '3 00:00:01' day to second" AS interval day to second)
-- !query schema
struct<CAST(interval '3 00:00:01' day to second AS INTERVAL DAY TO SECOND):interval day to second>
-- !query output
3 00:00:01.000000000


-- !query
SELECT CAST(interval 3 month 1 hour AS string)
-- !query schema
struct<>
-- !query output
org.apache.spark.sql.catalyst.parser.ParseException

Cannot mix year-month and day-time fields: interval 3 month 1 hour(line 1, pos 12)

== SQL ==
SELECT CAST(interval 3 month 1 hour AS string)
------------^^^


-- !query
SELECT CAST(interval 3 year 1 month AS string)
-- !query schema
struct<CAST(INTERVAL '3-1' YEAR TO MONTH AS STRING):string>
-- !query output
INTERVAL '3-1' YEAR TO MONTH


-- !query
SELECT CAST(interval 3 day 1 second AS string)
-- !query schema
struct<CAST(INTERVAL '3 00:00:01' DAY TO SECOND AS STRING):string>
-- !query output
INTERVAL '3 00:00:01' DAY TO SECOND


-- !query
select cast(' 1' as tinyint)
-- !query schema
struct<CAST( 1 AS TINYINT):tinyint>
-- !query output
1


-- !query
select cast(' 1\t' as tinyint)
-- !query schema
struct<CAST( 1	 AS TINYINT):tinyint>
-- !query output
1


-- !query
select cast(' 1' as smallint)
-- !query schema
struct<CAST( 1 AS SMALLINT):smallint>
-- !query output
1


-- !query
select cast(' 1' as INT)
-- !query schema
struct<CAST( 1 AS INT):int>
-- !query output
1


-- !query
select cast(' 1' as bigint)
-- !query schema
struct<CAST( 1 AS BIGINT):bigint>
-- !query output
1


-- !query
select cast(' 1' as float)
-- !query schema
struct<CAST( 1 AS FLOAT):float>
-- !query output
1.0


-- !query
select cast(' 1 ' as DOUBLE)
-- !query schema
struct<CAST( 1  AS DOUBLE):double>
-- !query output
1.0


-- !query
select cast('1.0 ' as DEC)
-- !query schema
struct<CAST(1.0  AS DECIMAL(10,0)):decimal(10,0)>
-- !query output
1


-- !query
select cast('1中文' as tinyint)
-- !query schema
struct<>
-- !query output
java.lang.NumberFormatException
invalid input syntax for type numeric: '1中文'. To return NULL instead, use 'try_cast'. If necessary set spark.sql.ansi.enabled to false to bypass this error.


-- !query
select cast('1中文' as smallint)
-- !query schema
struct<>
-- !query output
java.lang.NumberFormatException
invalid input syntax for type numeric: '1中文'. To return NULL instead, use 'try_cast'. If necessary set spark.sql.ansi.enabled to false to bypass this error.


-- !query
select cast('1中文' as INT)
-- !query schema
struct<>
-- !query output
java.lang.NumberFormatException
invalid input syntax for type numeric: '1中文'. To return NULL instead, use 'try_cast'. If necessary set spark.sql.ansi.enabled to false to bypass this error.


-- !query
select cast('中文1' as bigint)
-- !query schema
struct<>
-- !query output
java.lang.NumberFormatException
invalid input syntax for type numeric: '中文1'. To return NULL instead, use 'try_cast'. If necessary set spark.sql.ansi.enabled to false to bypass this error.


-- !query
select cast('1中文' as bigint)
-- !query schema
struct<>
-- !query output
java.lang.NumberFormatException
invalid input syntax for type numeric: '1中文'. To return NULL instead, use 'try_cast'. If necessary set spark.sql.ansi.enabled to false to bypass this error.


-- !query
select cast('\t\t true \n\r ' as boolean)
-- !query schema
struct<CAST(		 true 
  AS BOOLEAN):boolean>
-- !query output
true


-- !query
select cast('\t\n false \t\r' as boolean)
-- !query schema
struct<CAST(	
 false 	 AS BOOLEAN):boolean>
-- !query output
false


-- !query
select cast('\t\n xyz \t\r' as boolean)
-- !query schema
struct<>
-- !query output
java.lang.UnsupportedOperationException
invalid input syntax for type boolean: 	
 xyz 	. To return NULL instead, use 'try_cast'. If necessary set spark.sql.ansi.enabled to false to bypass this error.


-- !query
select cast('23.45' as decimal(4, 2))
-- !query schema
struct<CAST(23.45 AS DECIMAL(4,2)):decimal(4,2)>
-- !query output
23.45


-- !query
select cast('123.45' as decimal(4, 2))
-- !query schema
struct<>
-- !query output
org.apache.spark.SparkArithmeticException
Decimal(expanded,123.45,5,2}) cannot be represented as Decimal(4, 2). If necessary set spark.sql.ansi.enabled to false to bypass this error.
== SQL(line 1, position 7) ==
select cast('123.45' as decimal(4, 2))
       ^^^^^^^^^^^^^^^^^^^^^^^^^^^^^^^
