-- Automatically generated by SQLQueryTestSuite
-- !query
create temporary view data as select * from values
  (1, 1),
  (1, 2),
  (2, 1),
  (2, 2),
  (3, 1),
  (3, 2)
  as data(a, b)
-- !query schema
struct<>
-- !query output



-- !query
select a, udaf(b) from data group by 1
-- !query schema
struct<a:int,udaf(b):int>
-- !query output
1	2
2	2
3	2


-- !query
select 1, 2, udaf(b) from data group by 1, 2
-- !query schema
struct<1:int,2:int,udaf(b):int>
-- !query output
1	2	6


-- !query
select a, 1, udaf(b) from data group by a, 1
-- !query schema
struct<a:int,1:int,udaf(b):int>
-- !query output
1	1	2
2	1	2
3	1	2


-- !query
select a, 1, udaf(b) from data group by 1, 2
-- !query schema
struct<a:int,1:int,udaf(b):int>
-- !query output
1	1	2
2	1	2
3	1	2


-- !query
select a, b + 2, udaf(2) from data group by a, 2
-- !query schema
struct<a:int,(b + 2):int,udaf(2):int>
-- !query output
1	3	1
1	4	1
2	3	1
2	4	1
3	3	1
3	4	1


-- !query
select a as aa, b + 2 as bb, udaf(2) from data group by 1, 2
-- !query schema
struct<aa:int,bb:int,udaf(2):int>
-- !query output
1	3	1
1	4	1
2	3	1
2	4	1
3	3	1
3	4	1


-- !query
select udaf(b) from data group by 1 + 0
-- !query schema
struct<udaf(b):int>
-- !query output
6


-- !query
select a, b, udaf(b) from data group by 3
-- !query schema
struct<>
-- !query output
org.apache.spark.sql.AnalysisException
{
  "errorClass" : "COLUMN_NOT_IN_GROUP_BY_CLAUSE",
  "sqlState" : "42000",
  "messageParameters" : {
    "expression" : "\"a\""
  }
}


-- !query
select a, b, udaf(b) + 2 from data group by 3
-- !query schema
struct<>
-- !query output
org.apache.spark.sql.AnalysisException
{
  "errorClass" : "COLUMN_NOT_IN_GROUP_BY_CLAUSE",
  "sqlState" : "42000",
  "messageParameters" : {
    "expression" : "\"a\""
  }
}


-- !query
select a, rand(0), udaf(b)
from 
(select /*+ REPARTITION(1) */ a, b from data) group by a, 2
-- !query schema
struct<a:int,rand(0):double,udaf(b):int>
-- !query output
1	0.5234194256885571	1
1	0.7604953758285915	1
2	0.0953472826424725	1
2	0.3163249920547614	1
3	0.2710259815484829	1
3	0.7141011170991605	1


-- !query
select a, udaf(a) from (select 1 as a) tmp group by 1 order by 1
-- !query schema
struct<a:int,udaf(a):int>
-- !query output
1	1


-- !query
select udaf(a), a from (select 1 as a) tmp group by 2 having a > 0
-- !query schema
struct<udaf(a):int,a:int>
-- !query output
1	1


-- !query
select a, a AS k, udaf(b) from data group by k, 1
-- !query schema
struct<a:int,k:int,udaf(b):int>
-- !query output
1	1	2
2	2	2
3	3	2


-- !query
select a, b, udaf(1) from data group by cube(1, 2)
-- !query schema
struct<a:int,b:int,udaf(1):int>
-- !query output
1	1	1
1	2	1
1	NULL	2
2	1	1
2	2	1
2	NULL	2
3	1	1
3	2	1
3	NULL	2
NULL	1	3
NULL	2	3
NULL	NULL	6


-- !query
select a, b, udaf(1) from data group by cube(1, b)
-- !query schema
struct<a:int,b:int,udaf(1):int>
-- !query output
1	1	1
1	2	1
1	NULL	2
2	1	1
2	2	1
2	NULL	2
3	1	1
3	2	1
3	NULL	2
NULL	1	3
NULL	2	3
NULL	NULL	6


-- !query
select a, b, udaf(1) from data group by 1, 2 with cube
-- !query schema
struct<a:int,b:int,udaf(1):int>
-- !query output
1	1	1
1	2	1
1	NULL	2
2	1	1
2	2	1
2	NULL	2
3	1	1
3	2	1
3	NULL	2
NULL	1	3
NULL	2	3
NULL	NULL	6


-- !query
select a, b, udaf(1) from data group by rollup(1, 2)
-- !query schema
struct<a:int,b:int,udaf(1):int>
-- !query output
1	1	1
1	2	1
1	NULL	2
2	1	1
2	2	1
2	NULL	2
3	1	1
3	2	1
3	NULL	2
NULL	NULL	6


-- !query
select a, b, udaf(1) from data group by rollup(1, b)
-- !query schema
struct<a:int,b:int,udaf(1):int>
-- !query output
1	1	1
1	2	1
1	NULL	2
2	1	1
2	2	1
2	NULL	2
3	1	1
3	2	1
3	NULL	2
NULL	NULL	6


-- !query
select a, b, udaf(1) from data group by 1, 2 with rollup
-- !query schema
struct<a:int,b:int,udaf(1):int>
-- !query output
1	1	1
1	2	1
1	NULL	2
2	1	1
2	2	1
2	NULL	2
3	1	1
3	2	1
3	NULL	2
NULL	NULL	6


-- !query
select a, b, udaf(1) from data group by grouping sets((1), (2), (1, 2))
-- !query schema
struct<a:int,b:int,udaf(1):int>
-- !query output
1	1	1
1	2	1
1	NULL	2
2	1	1
2	2	1
2	NULL	2
3	1	1
3	2	1
3	NULL	2
NULL	1	3
NULL	2	3


-- !query
select a, b, udaf(1) from data group by grouping sets((1), (b), (a, 2))
-- !query schema
struct<a:int,b:int,udaf(1):int>
-- !query output
1	1	1
1	2	1
1	NULL	2
2	1	1
2	2	1
2	NULL	2
3	1	1
3	2	1
3	NULL	2
NULL	1	3
NULL	2	3


-- !query
select a, b, udaf(1) from data group by a, 2 grouping sets((1), (b), (a, 2))
-- !query schema
struct<a:int,b:int,udaf(1):int>
-- !query output
1	1	1
1	2	1
1	NULL	2
2	1	1
2	2	1
2	NULL	2
3	1	1
3	2	1
3	NULL	2
NULL	1	3
NULL	2	3


-- !query
select a, b, udaf(1) from data group by a, -1
-- !query schema
struct<>
-- !query output
org.apache.spark.sql.AnalysisException
{
  "errorClass" : "GROUP_BY_POS_OUT_OF_RANGE",
  "sqlState" : "42000",
  "messageParameters" : {
    "index" : "-1",
    "size" : "3"
  },
  "queryContext" : [ {
    "objectType" : "",
    "objectName" : "",
    "startIndex" : 44,
    "stopIndex" : 45,
    "fragment" : "-1"
  } ]
}


-- !query
select a, b, udaf(1) from data group by a, 3
-- !query schema
struct<>
-- !query output
org.apache.spark.sql.AnalysisException
{
  "errorClass" : "COLUMN_NOT_IN_GROUP_BY_CLAUSE",
  "sqlState" : "42000",
  "messageParameters" : {
    "expression" : "\"b\""
  }
}


-- !query
select a, b, udaf(1) from data group by cube(-1, 2)
-- !query schema
struct<>
-- !query output
org.apache.spark.sql.AnalysisException
{
  "errorClass" : "GROUP_BY_POS_OUT_OF_RANGE",
  "sqlState" : "42000",
  "messageParameters" : {
    "index" : "-1",
    "size" : "3"
  },
  "queryContext" : [ {
    "objectType" : "",
    "objectName" : "",
    "startIndex" : 46,
    "stopIndex" : 47,
    "fragment" : "-1"
  } ]
}


-- !query
select a, b, udaf(1) from data group by cube(1, 3)
-- !query schema
struct<>
-- !query output
org.apache.spark.sql.AnalysisException
grouping expressions sequence is empty, and 'data.a' is not an aggregate function. Wrap '()' in windowing function(s) or wrap 'data.a' in first() (or first_value) if you don't care which value you get.


-- !query
set spark.sql.groupByOrdinal=false
-- !query schema
struct<key:string,value:string>
-- !query output
spark.sql.groupByOrdinal	false


-- !query
select udaf(b) from data group by -1
-- !query schema
struct<udaf(b):int>
-- !query output
6
