-- Automatically generated by SQLQueryTestSuite
-- !query
SELECT X''
-- !query schema
struct<X'':binary>
-- !query output
[]


-- !query
SELECT X'4561736F6E2059616F20323031382D31312D31373A31333A33333A3333'
-- !query schema
struct<X'4561736F6E2059616F20323031382D31312D31373A31333A33333A3333':binary>
-- !query output
[69, 97, 115, 111, 110, 32, 89, 97, 111, 32, 50, 48, 49, 56, 45, 49, 49, 45, 49, 55, 58, 49, 51, 58, 51, 51, 58, 51, 51]


-- !query
SELECT CAST('Spark' as BINARY)
-- !query schema
struct<CAST(Spark AS BINARY):binary>
-- !query output
[83, 112, 97, 114, 107]


-- !query
SELECT array( X'', X'4561736F6E2059616F20323031382D31312D31373A31333A33333A3333', CAST('Spark' as BINARY))
-- !query schema
struct<array(X'', X'4561736F6E2059616F20323031382D31312D31373A31333A33333A3333', CAST(Spark AS BINARY)):array<binary>>
-- !query output
[[],[69, 97, 115, 111, 110, 32, 89, 97, 111, 32, 50, 48, 49, 56, 45, 49, 49, 45, 49, 55, 58, 49, 51, 58, 51, 51, 58, 51, 51],[83, 112, 97, 114, 107]]


-- !query
SELECT to_csv(named_struct('n', 1, 'info', X'4561736F6E2059616F20323031382D31312D31373A31333A33333A3333'))
-- !query schema
struct<to_csv(named_struct(n, 1, info, X'4561736F6E2059616F20323031382D31312D31373A31333A33333A3333')):string>
-- !query output
1,"[69, 97, 115, 111, 110, 32, 89, 97, 111, 32, 50, 48, 49, 56, 45, 49, 49, 45, 49, 55, 58, 49, 51, 58, 51, 51, 58, 51, 51]"


-- !query
select to_xml(named_struct('name', binary('Eason'), 'birth', 2018, 'org', binary('Kindergarten Cop')))
-- !query schema
struct<to_xml(named_struct(name, Eason, birth, 2018, org, Kindergarten Cop)):string>
-- !query output
<ROW>
    <name>[69, 97, 115, 111, 110]</name>
    <birth>2018</birth>
    <org>[75, 105, 110, 100, 101, 114, 103, 97, 114, 116, 101, 110, 32, 67, 111, 112]</org>
</ROW>
