-- Automatically generated by SQLQueryTestSuite
-- !query
SELECT X''
-- !query schema
struct<X'':binary>
-- !query output



-- !query
SELECT X'4561736F6E2059616F20323031382D31312D31373A31333A33333A3333'
-- !query schema
struct<X'4561736F6E2059616F20323031382D31312D31373A31333A33333A3333':binary>
-- !query output
4561736F6E2059616F20323031382D31312D31373A31333A33333A3333


-- !query
SELECT CAST('Spark' as BINARY)
-- !query schema
struct<CAST(Spark AS BINARY):binary>
-- !query output
537061726B


-- !query
SELECT array( X'', X'4561736F6E2059616F20323031382D31312D31373A31333A33333A3333', CAST('Spark' as BINARY))
-- !query schema
struct<array(X'', X'4561736F6E2059616F20323031382D31312D31373A31333A33333A3333', CAST(Spark AS BINARY)):array<binary>>
-- !query output
[,4561736F6E2059616F20323031382D31312D31373A31333A33333A3333,537061726B]


-- !query
SELECT to_csv(named_struct('n', 1, 'info', X'4561736F6E2059616F20323031382D31312D31373A31333A33333A3333'))
-- !query schema
struct<to_csv(named_struct(n, 1, info, X'4561736F6E2059616F20323031382D31312D31373A31333A33333A3333')):string>
-- !query output
1,4561736F6E2059616F20323031382D31312D31373A31333A33333A3333


-- !query
select to_xml(named_struct('name', binary('Eason'), 'birth', 2018, 'org', binary('Kindergarten Cop')))
-- !query schema
struct<to_xml(named_struct(name, Eason, birth, 2018, org, Kindergarten Cop)):string>
-- !query output
<ROW>
    <name>4561736F6E</name>
    <birth>2018</birth>
    <org>4B696E64657267617274656E20436F70</org>
</ROW>
