-- Automatically generated by SQLQueryTestSuite
-- !query
SELECT X''
-- !query schema
struct<X'':binary>
-- !query output
[]


-- !query
SELECT X'4561736F6E2059616F20323031382D31312D31373A31333A33333A3333'
-- !query schema
struct<X'4561736F6E2059616F20323031382D31312D31373A31333A33333A3333':binary>
-- !query output
[45 61 73 6F 6E 20 59 61 6F 20 32 30 31 38 2D 31 31 2D 31 37 3A 31 33 3A 33 33 3A 33 33]


-- !query
SELECT CAST('Spark' as BINARY)
-- !query schema
struct<CAST(Spark AS BINARY):binary>
-- !query output
[53 70 61 72 6B]


-- !query
SELECT array( X'', X'4561736F6E2059616F20323031382D31312D31373A31333A33333A3333', CAST('Spark' as BINARY))
-- !query schema
struct<array(X'', X'4561736F6E2059616F20323031382D31312D31373A31333A33333A3333', CAST(Spark AS BINARY)):array<binary>>
-- !query output
[[],[45 61 73 6F 6E 20 59 61 6F 20 32 30 31 38 2D 31 31 2D 31 37 3A 31 33 3A 33 33 3A 33 33],[53 70 61 72 6B]]


-- !query
SELECT to_csv(named_struct('n', 1, 'info', X'4561736F6E2059616F20323031382D31312D31373A31333A33333A3333'))
-- !query schema
struct<to_csv(named_struct(n, 1, info, X'4561736F6E2059616F20323031382D31312D31373A31333A33333A3333')):string>
-- !query output
1,[45 61 73 6F 6E 20 59 61 6F 20 32 30 31 38 2D 31 31 2D 31 37 3A 31 33 3A 33 33 3A 33 33]


-- !query
select to_xml(named_struct('name', binary('Eason'), 'birth', 2018, 'org', binary('Kindergarten Cop')))
-- !query schema
struct<to_xml(named_struct(name, Eason, birth, 2018, org, Kindergarten Cop)):string>
-- !query output
<ROW>
    <name>[45 61 73 6F 6E]</name>
    <birth>2018</birth>
    <org>[4B 69 6E 64 65 72 67 61 72 74 65 6E 20 43 6F 70]</org>
</ROW>
