-- Automatically generated by SQLQueryTestSuite
-- !query
create table t1(s string, utf8_binary string collate utf8_binary, utf8_lcase string collate utf8_lcase) using parquet
-- !query schema
struct<>
-- !query output



-- !query
insert into t1 values ('Spark', 'Spark', 'SQL')
-- !query schema
struct<>
-- !query output



-- !query
insert into t1 values ('aaAaAAaA', 'aaAaAAaA', 'aaAaAAaA')
-- !query schema
struct<>
-- !query output



-- !query
insert into t1 values ('aaAaAAaA', 'aaAaAAaA', 'aaAaaAaA')
-- !query schema
struct<>
-- !query output



-- !query
insert into t1 values ('aaAaAAaA', 'aaAaAAaA', 'aaAaaAaAaaAaaAaAaaAaaAaA')
-- !query schema
struct<>
-- !query output



-- !query
insert into t1 values ('bbAbaAbA', 'bbAbAAbA', 'a')
-- !query schema
struct<>
-- !query output



-- !query
insert into t1 values ('İo', 'İo', 'İo')
-- !query schema
struct<>
-- !query output



-- !query
insert into t1 values ('İo', 'İo', 'İo ')
-- !query schema
struct<>
-- !query output



-- !query
insert into t1 values ('İo', 'İo ', 'İo')
-- !query schema
struct<>
-- !query output



-- !query
insert into t1 values ('İo', 'İo', 'i̇o')
-- !query schema
struct<>
-- !query output



-- !query
insert into t1 values ('efd2', 'efd2', 'efd2')
-- !query schema
struct<>
-- !query output



-- !query
insert into t1 values ('Hello, world! Nice day.', 'Hello, world! Nice day.', 'Hello, world! Nice day.')
-- !query schema
struct<>
-- !query output



-- !query
insert into t1 values ('Something else. Nothing here.', 'Something else. Nothing here.', 'Something else. Nothing here.')
-- !query schema
struct<>
-- !query output



-- !query
insert into t1 values ('kitten', 'kitten', 'sitTing')
-- !query schema
struct<>
-- !query output



-- !query
insert into t1 values ('abc', 'abc', 'abc')
-- !query schema
struct<>
-- !query output



-- !query
insert into t1 values ('abcdcba', 'abcdcba', 'aBcDCbA')
-- !query schema
struct<>
-- !query output



-- !query
select concat_ws(' ', utf8_lcase, utf8_lcase) from t1
-- !query schema
struct<concat_ws(' ' collate UTF8_LCASE, utf8_lcase, utf8_lcase):string collate UTF8_LCASE>
-- !query output
Hello, world! Nice day. Hello, world! Nice day.
SQL SQL
Something else. Nothing here. Something else. Nothing here.
a a
aBcDCbA aBcDCbA
aaAaAAaA aaAaAAaA
aaAaaAaA aaAaaAaA
aaAaaAaAaaAaaAaAaaAaaAaA aaAaaAaAaaAaaAaAaaAaaAaA
abc abc
efd2 efd2
i̇o i̇o
sitTing sitTing
İo  İo 
İo İo
İo İo


-- !query
select `concat_ws(' ' collate UTF8_LCASE, utf8_lcase, utf8_lcase)` from (
  select concat_ws(' ', utf8_lcase, utf8_lcase) from t1
)
-- !query schema
struct<concat_ws(' ' collate UTF8_LCASE, utf8_lcase, utf8_lcase):string collate UTF8_LCASE>
-- !query output
Hello, world! Nice day. Hello, world! Nice day.
SQL SQL
Something else. Nothing here. Something else. Nothing here.
a a
aBcDCbA aBcDCbA
aaAaAAaA aaAaAAaA
aaAaaAaA aaAaaAaA
aaAaaAaAaaAaaAaAaaAaaAaA aaAaaAaAaaAaaAaAaaAaaAaA
abc abc
efd2 efd2
i̇o i̇o
sitTing sitTing
İo  İo 
İo İo
İo İo


-- !query
select * from (
  select concat_ws(' ', utf8_lcase, utf8_lcase) from t1
)
-- !query schema
struct<concat_ws(' ' collate UTF8_LCASE, utf8_lcase, utf8_lcase):string collate UTF8_LCASE>
-- !query output
Hello, world! Nice day. Hello, world! Nice day.
SQL SQL
Something else. Nothing here. Something else. Nothing here.
a a
aBcDCbA aBcDCbA
aaAaAAaA aaAaAAaA
aaAaaAaA aaAaaAaA
aaAaaAaAaaAaaAaAaaAaaAaA aaAaaAaAaaAaaAaAaaAaaAaA
abc abc
efd2 efd2
i̇o i̇o
sitTing sitTing
İo  İo 
İo İo
İo İo


-- !query
select subq1.* from (
  select concat_ws(' ', utf8_lcase, utf8_lcase) from t1
) AS subq1
-- !query schema
struct<concat_ws(' ' collate UTF8_LCASE, utf8_lcase, utf8_lcase):string collate UTF8_LCASE>
-- !query output
Hello, world! Nice day. Hello, world! Nice day.
SQL SQL
Something else. Nothing here. Something else. Nothing here.
a a
aBcDCbA aBcDCbA
aaAaAAaA aaAaAAaA
aaAaaAaA aaAaaAaA
aaAaaAaAaaAaaAaAaaAaaAaA aaAaaAaAaaAaaAaAaaAaaAaA
abc abc
efd2 efd2
i̇o i̇o
sitTing sitTing
İo  İo 
İo İo
İo İo


-- !query
with cte as (
  select concat_ws(' ', utf8_lcase, utf8_lcase) from t1
)
select * from cte
-- !query schema
struct<concat_ws(' ' collate UTF8_LCASE, utf8_lcase, utf8_lcase):string collate UTF8_LCASE>
-- !query output
Hello, world! Nice day. Hello, world! Nice day.
SQL SQL
Something else. Nothing here. Something else. Nothing here.
a a
aBcDCbA aBcDCbA
aaAaAAaA aaAaAAaA
aaAaaAaA aaAaaAaA
aaAaaAaAaaAaaAaAaaAaaAaA aaAaaAaAaaAaaAaAaaAaaAaA
abc abc
efd2 efd2
i̇o i̇o
sitTing sitTing
İo  İo 
İo İo
İo İo


-- !query
select * from values (1) where exists (
  select concat_ws(' ', utf8_lcase, utf8_lcase) from t1
)
-- !query schema
struct<col1:int>
-- !query output
1


-- !query
select (
  select concat_ws(' ', utf8_lcase, utf8_lcase) from t1 limit 1
)
-- !query schema
struct<scalarsubquery():string collate UTF8_LCASE>
-- !query output
Something else. Nothing here. Something else. Nothing here.


-- !query
select (
  with cte as (
    select concat_ws(' ', utf8_lcase, utf8_lcase) from t1
  )
  select * from cte limit 1
)
-- !query schema
struct<scalarsubquery():string collate UTF8_LCASE>
-- !query output
Something else. Nothing here. Something else. Nothing here.


-- !query
select * from (
  select concat_ws(' ', utf8_lcase, utf8_lcase) from t1 limit 1
)
where (
  `concat_ws(' ' collate UTF8_LCASE, utf8_lcase, utf8_lcase)` == 'aaa'
)
-- !query schema
struct<concat_ws(' ' collate UTF8_LCASE, utf8_lcase, utf8_lcase):string collate UTF8_LCASE>
-- !query output



-- !query
select lower(`concat_ws(' ' collate UTF8_LCASE, utf8_lcase, utf8_lcase)`) from (
  select concat_ws(' ', utf8_lcase, utf8_lcase) from t1
  group by 1
  order by 1
)
-- !query schema
struct<lower(concat_ws(' ' collate UTF8_LCASE, utf8_lcase, utf8_lcase)):string collate UTF8_LCASE>
-- !query output
a a
aaaaaaaa aaaaaaaa
aaaaaaaaaaaaaaaaaaaaaaaa aaaaaaaaaaaaaaaaaaaaaaaa
abc abc
abcdcba abcdcba
efd2 efd2
hello, world! nice day. hello, world! nice day.
i̇o  i̇o 
i̇o i̇o
sitting sitting
something else. nothing here. something else. nothing here.
sql sql


-- !query
select lower(`concat_ws(' ' collate UTF8_LCASE, utf8_lcase, utf8_lcase)`) from (
  select concat_ws(' ', utf8_lcase, utf8_lcase) from t1
  group by 1
  order by max(concat_ws(' ', utf8_lcase, utf8_lcase))
)
-- !query schema
struct<lower(concat_ws(' ' collate UTF8_LCASE, utf8_lcase, utf8_lcase)):string collate UTF8_LCASE>
-- !query output
a a
aaaaaaaa aaaaaaaa
aaaaaaaaaaaaaaaaaaaaaaaa aaaaaaaaaaaaaaaaaaaaaaaa
abc abc
abcdcba abcdcba
efd2 efd2
hello, world! nice day. hello, world! nice day.
i̇o  i̇o 
i̇o i̇o
sitting sitting
something else. nothing here. something else. nothing here.
sql sql


-- !query
create temporary view v1 as (
  select concat_ws(' ', utf8_lcase, utf8_lcase) from t1
)
-- !query schema
struct<>
-- !query output



-- !query
select * from v1
-- !query schema
struct<concat_ws(' ' collate UTF8_LCASE, utf8_lcase, utf8_lcase):string collate UTF8_LCASE>
-- !query output
Hello, world! Nice day. Hello, world! Nice day.
SQL SQL
Something else. Nothing here. Something else. Nothing here.
a a
aBcDCbA aBcDCbA
aaAaAAaA aaAaAAaA
aaAaaAaA aaAaaAaA
aaAaaAaAaaAaaAaAaaAaaAaA aaAaaAaAaaAaaAaAaaAaaAaA
abc abc
efd2 efd2
i̇o i̇o
sitTing sitTing
İo  İo 
İo İo
İo İo


-- !query
select `concat_ws(' ' collate UTF8_LCASE, utf8_lcase, utf8_lcase)` from v1
-- !query schema
struct<concat_ws(' ' collate UTF8_LCASE, utf8_lcase, utf8_lcase):string collate UTF8_LCASE>
-- !query output
Hello, world! Nice day. Hello, world! Nice day.
SQL SQL
Something else. Nothing here. Something else. Nothing here.
a a
aBcDCbA aBcDCbA
aaAaAAaA aaAaAAaA
aaAaaAaA aaAaaAaA
aaAaaAaAaaAaaAaAaaAaaAaA aaAaaAaAaaAaaAaAaaAaaAaA
abc abc
efd2 efd2
i̇o i̇o
sitTing sitTing
İo  İo 
İo İo
İo İo


-- !query
drop view v1
-- !query schema
struct<>
-- !query output



-- !query
drop table t1
-- !query schema
struct<>
-- !query output

