-- Automatically generated by SQLQueryTestSuite
-- !query
create table t1(ucs_basic string collate 'ucs_basic', ucs_basic_lcase string collate 'ucs_basic_lcase') using parquet
-- !query schema
struct<>
-- !query output



-- !query
insert into t1 values('aaa', 'aaa')
-- !query schema
struct<>
-- !query output



-- !query
insert into t1 values('AAA', 'AAA')
-- !query schema
struct<>
-- !query output



-- !query
insert into t1 values('bbb', 'bbb')
-- !query schema
struct<>
-- !query output



-- !query
insert into t1 values('BBB', 'BBB')
-- !query schema
struct<>
-- !query output



-- !query
select count(*) from t1 group by ucs_basic
-- !query schema
struct<count(1):bigint>
-- !query output
1
1
1
1


-- !query
select count(*) from t1 group by ucs_basic_lcase
-- !query schema
struct<count(1):bigint>
-- !query output
2
2


-- !query
select * from t1 where ucs_basic = 'aaa'
-- !query schema
struct<ucs_basic:string,ucs_basic_lcase:string COLLATE 'UCS_BASIC_LCASE'>
-- !query output
aaa	aaa


-- !query
select * from t1 where ucs_basic_lcase = 'aaa' collate 'ucs_basic_lcase'
-- !query schema
struct<ucs_basic:string,ucs_basic_lcase:string COLLATE 'UCS_BASIC_LCASE'>
-- !query output
AAA	AAA
aaa	aaa


-- !query
select * from t1 where ucs_basic < 'bbb'
-- !query schema
struct<ucs_basic:string,ucs_basic_lcase:string COLLATE 'UCS_BASIC_LCASE'>
-- !query output
AAA	AAA
BBB	BBB
aaa	aaa


-- !query
select * from t1 where ucs_basic_lcase < 'bbb' collate 'ucs_basic_lcase'
-- !query schema
struct<ucs_basic:string,ucs_basic_lcase:string COLLATE 'UCS_BASIC_LCASE'>
-- !query output
AAA	AAA
aaa	aaa


-- !query
select l.ucs_basic, r.ucs_basic_lcase from t1 l join t1 r on l.ucs_basic_lcase = r.ucs_basic_lcase
-- !query schema
struct<ucs_basic:string,ucs_basic_lcase:string COLLATE 'UCS_BASIC_LCASE'>
-- !query output
AAA	AAA
AAA	aaa
BBB	BBB
BBB	bbb
aaa	AAA
aaa	aaa
bbb	BBB
bbb	bbb


-- !query
create table t2(ucs_basic string collate 'ucs_basic', ucs_basic_lcase string collate 'ucs_basic_lcase') using parquet
-- !query schema
struct<>
-- !query output



-- !query
insert into t2 values('aaa', 'aaa')
-- !query schema
struct<>
-- !query output



-- !query
insert into t2 values('bbb', 'bbb')
-- !query schema
struct<>
-- !query output



-- !query
select * from t1 anti join t2 on t1.ucs_basic_lcase = t2.ucs_basic_lcase
-- !query schema
struct<ucs_basic:string,ucs_basic_lcase:string COLLATE 'UCS_BASIC_LCASE'>
-- !query output



-- !query
drop table t2
-- !query schema
struct<>
-- !query output



-- !query
drop table t1
-- !query schema
struct<>
-- !query output



-- !query
create table t1 (c1 struct<ucs_basic: string collate 'ucs_basic', ucs_basic_lcase: string collate 'ucs_basic_lcase'>) USING PARQUET
-- !query schema
struct<>
-- !query output



-- !query
INSERT INTO t1 VALUES (named_struct('ucs_basic', 'aaa', 'ucs_basic_lcase', 'aaa'))
-- !query schema
struct<>
-- !query output



-- !query
INSERT INTO t1 VALUES (named_struct('ucs_basic', 'AAA', 'ucs_basic_lcase', 'AAA'))
-- !query schema
struct<>
-- !query output



-- !query
select count(*) from t1 group by c1.ucs_basic
-- !query schema
struct<count(1):bigint>
-- !query output
1
1


-- !query
select count(*) from t1 group by c1.ucs_basic_lcase
-- !query schema
struct<count(1):bigint>
-- !query output
2


-- !query
drop table t1
-- !query schema
struct<>
-- !query output

