-- Automatically generated by SQLQueryTestSuite
-- !query
create table t1(utf8_binary string collate utf8_binary, utf8_binary_lcase string collate utf8_binary_lcase) using parquet
-- !query schema
struct<>
-- !query output



-- !query
insert into t1 values('aaa', 'aaa')
-- !query schema
struct<>
-- !query output



-- !query
insert into t1 values('AAA', 'AAA')
-- !query schema
struct<>
-- !query output



-- !query
insert into t1 values('bbb', 'bbb')
-- !query schema
struct<>
-- !query output



-- !query
insert into t1 values('BBB', 'BBB')
-- !query schema
struct<>
-- !query output



-- !query
select count(*) from t1 group by utf8_binary
-- !query schema
struct<count(1):bigint>
-- !query output
1
1
1
1


-- !query
select count(*) from t1 group by utf8_binary_lcase
-- !query schema
struct<count(1):bigint>
-- !query output
2
2


-- !query
select * from t1 where utf8_binary = 'aaa'
-- !query schema
struct<utf8_binary:string,utf8_binary_lcase:string collate UTF8_BINARY_LCASE>
-- !query output
aaa	aaa


-- !query
select * from t1 where utf8_binary_lcase = 'aaa' collate utf8_binary_lcase
-- !query schema
struct<utf8_binary:string,utf8_binary_lcase:string collate UTF8_BINARY_LCASE>
-- !query output
AAA	AAA
aaa	aaa


-- !query
select * from t1 where utf8_binary < 'bbb'
-- !query schema
struct<utf8_binary:string,utf8_binary_lcase:string collate UTF8_BINARY_LCASE>
-- !query output
AAA	AAA
BBB	BBB
aaa	aaa


-- !query
select * from t1 where utf8_binary_lcase < 'bbb' collate utf8_binary_lcase
-- !query schema
struct<utf8_binary:string,utf8_binary_lcase:string collate UTF8_BINARY_LCASE>
-- !query output
AAA	AAA
aaa	aaa


-- !query
select l.utf8_binary, r.utf8_binary_lcase from t1 l join t1 r on l.utf8_binary_lcase = r.utf8_binary_lcase
-- !query schema
struct<utf8_binary:string,utf8_binary_lcase:string collate UTF8_BINARY_LCASE>
-- !query output
AAA	AAA
AAA	aaa
BBB	BBB
BBB	bbb
aaa	AAA
aaa	aaa
bbb	BBB
bbb	bbb


-- !query
create table t2(utf8_binary string collate utf8_binary, utf8_binary_lcase string collate utf8_binary_lcase) using parquet
-- !query schema
struct<>
-- !query output



-- !query
insert into t2 values('aaa', 'aaa')
-- !query schema
struct<>
-- !query output



-- !query
insert into t2 values('bbb', 'bbb')
-- !query schema
struct<>
-- !query output



-- !query
select * from t1 anti join t2 on t1.utf8_binary_lcase = t2.utf8_binary_lcase
-- !query schema
struct<utf8_binary:string,utf8_binary_lcase:string collate UTF8_BINARY_LCASE>
-- !query output



-- !query
drop table t2
-- !query schema
struct<>
-- !query output



-- !query
drop table t1
-- !query schema
struct<>
-- !query output



-- !query
select col1 collate utf8_binary_lcase from values ('aaa'), ('AAA'), ('bbb'), ('BBB'), ('zzz'), ('ZZZ') except select col1 collate utf8_binary_lcase from values ('aaa'), ('bbb')
-- !query schema
struct<collate(col1):string collate UTF8_BINARY_LCASE>
-- !query output
zzz


-- !query
select col1 collate utf8_binary_lcase from values ('aaa'), ('AAA'), ('bbb'), ('BBB'), ('zzz'), ('ZZZ') except all select col1 collate utf8_binary_lcase from values ('aaa'), ('bbb')
-- !query schema
struct<collate(col1):string collate UTF8_BINARY_LCASE>
-- !query output
aaa
bbb
zzz
zzz


-- !query
select col1 collate utf8_binary_lcase from values ('aaa'), ('AAA'), ('bbb'), ('BBB'), ('zzz'), ('ZZZ') union select col1 collate utf8_binary_lcase from values ('aaa'), ('bbb')
-- !query schema
struct<collate(col1):string collate UTF8_BINARY_LCASE>
-- !query output
aaa
bbb
zzz


-- !query
select col1 collate utf8_binary_lcase from values ('aaa'), ('AAA'), ('bbb'), ('BBB'), ('zzz'), ('ZZZ') union all select col1 collate utf8_binary_lcase from values ('aaa'), ('bbb')
-- !query schema
struct<collate(col1):string collate UTF8_BINARY_LCASE>
-- !query output
AAA
BBB
ZZZ
aaa
aaa
bbb
bbb
zzz


-- !query
select col1 collate utf8_binary_lcase from values ('aaa'), ('bbb'), ('BBB'), ('zzz'), ('ZZZ') intersect select col1 collate utf8_binary_lcase from values ('aaa'), ('bbb')
-- !query schema
struct<collate(col1):string collate UTF8_BINARY_LCASE>
-- !query output
aaa
bbb


-- !query
create table t1 (c1 struct<utf8_binary: string collate utf8_binary, utf8_binary_lcase: string collate utf8_binary_lcase>) USING PARQUET
-- !query schema
struct<>
-- !query output



-- !query
INSERT INTO t1 VALUES (named_struct('utf8_binary', 'aaa', 'utf8_binary_lcase', 'aaa'))
-- !query schema
struct<>
-- !query output



-- !query
INSERT INTO t1 VALUES (named_struct('utf8_binary', 'AAA', 'utf8_binary_lcase', 'AAA'))
-- !query schema
struct<>
-- !query output



-- !query
select count(*) from t1 group by c1.utf8_binary
-- !query schema
struct<count(1):bigint>
-- !query output
1
1


-- !query
select count(*) from t1 group by c1.utf8_binary_lcase
-- !query schema
struct<count(1):bigint>
-- !query output
2


-- !query
drop table t1
-- !query schema
struct<>
-- !query output

