-- Automatically generated by SQLQueryTestSuite
-- Number of queries: 13


-- !query
create temporary view nt1 as select * from values
  ("one", 1),
  ("two", 2),
  ("three", 3)
  as nt1(k, v1)
-- !query schema
struct<>
-- !query output



-- !query
create temporary view nt2 as select * from values
  ("one", 1),
  ("two", 22),
  ("one", 5)
  as nt2(k, v2)
-- !query schema
struct<>
-- !query output



-- !query
SELECT * FROM nt1 cross join nt2
-- !query schema
struct<k:string,v1:int,k:string,v2:int>
-- !query output
one	1	one	1
one	1	one	5
one	1	two	22
three	3	one	1
three	3	one	5
three	3	two	22
two	2	one	1
two	2	one	5
two	2	two	22


-- !query
SELECT * FROM nt1 cross join nt2 where nt1.k = nt2.k
-- !query schema
struct<k:string,v1:int,k:string,v2:int>
-- !query output
one	1	one	1
one	1	one	5
two	2	two	22


-- !query
SELECT * FROM nt1 cross join nt2 on (nt1.k = nt2.k)
-- !query schema
struct<k:string,v1:int,k:string,v2:int>
-- !query output
one	1	one	1
one	1	one	5
two	2	two	22


-- !query
SELECT * FROM nt1 cross join nt2 where nt1.v1 = 1 and nt2.v2 = 22
-- !query schema
struct<k:string,v1:int,k:string,v2:int>
-- !query output
one	1	two	22


-- !query
SELECT a.key, b.key FROM
(SELECT k key FROM nt1 WHERE v1 < 2) a
CROSS JOIN
(SELECT k key FROM nt2 WHERE v2 = 22) b
-- !query schema
struct<key:string,key:string>
-- !query output
one	two


-- !query
create temporary view A(a, va) as select * from nt1
-- !query schema
struct<>
-- !query output



-- !query
create temporary view B(b, vb) as select * from nt1
-- !query schema
struct<>
-- !query output



-- !query
create temporary view C(c, vc) as select * from nt1
-- !query schema
struct<>
-- !query output



-- !query
create temporary view D(d, vd) as select * from nt1
-- !query schema
struct<>
-- !query output



-- !query
select * from ((A join B on (a = b)) cross join C) join D on (a = d)
-- !query schema
struct<a:string,va:int,b:string,vb:int,c:string,vc:int,d:string,vd:int>
-- !query output
one	1	one	1	one	1	one	1
one	1	one	1	three	3	one	1
one	1	one	1	two	2	one	1
three	3	three	3	one	1	three	3
three	3	three	3	three	3	three	3
three	3	three	3	two	2	three	3
two	2	two	2	one	1	two	2
two	2	two	2	three	3	two	2
two	2	two	2	two	2	two	2


-- !query
SELECT * FROM nt1 CROSS JOIN nt2 ON (nt1.k > nt2.k)
-- !query schema
struct<k:string,v1:int,k:string,v2:int>
-- !query output
three	3	one	1
three	3	one	5
two	2	one	1
two	2	one	5
