-- Automatically generated by SQLQueryTestSuite
-- Number of queries: 16


-- !query
WITH t as (
  WITH t2 AS (SELECT 1)
  SELECT * FROM t2
)
SELECT * FROM t
-- !query schema
struct<1:int>
-- !query output
1


-- !query
SELECT max(c) FROM (
  WITH t(c) AS (SELECT 1)
  SELECT * FROM t
)
-- !query schema
struct<max(c):int>
-- !query output
1


-- !query
SELECT (
  WITH t AS (SELECT 1)
  SELECT * FROM t
)
-- !query schema
struct<scalarsubquery():int>
-- !query output
1


-- !query
WITH
  t AS (SELECT 1),
  t2 AS (
    WITH t AS (SELECT 2)
    SELECT * FROM t
  )
SELECT * FROM t2
-- !query schema
struct<>
-- !query output
org.apache.spark.sql.AnalysisException
Name t is ambiguous in nested CTE. Please set spark.sql.legacy.ctePrecedencePolicy to CORRECTED so that name defined in inner CTE takes precedence. If set it to LEGACY, outer CTE definitions will take precedence. See more details in SPARK-28228.


-- !query
WITH
  t(c) AS (SELECT 1),
  t2 AS (
    SELECT (
      SELECT max(c) FROM (
        WITH t(c) AS (SELECT 2)
        SELECT * FROM t
      )
    )
  )
SELECT * FROM t2
-- !query schema
struct<scalarsubquery():int>
-- !query output
2


-- !query
WITH
  t AS (SELECT 1),
  t2 AS (
    WITH t AS (SELECT 2),
    t2 AS (
      WITH t AS (SELECT 3)
      SELECT * FROM t
    )
    SELECT * FROM t2
  )
SELECT * FROM t2
-- !query schema
struct<>
-- !query output
org.apache.spark.sql.AnalysisException
Name t is ambiguous in nested CTE. Please set spark.sql.legacy.ctePrecedencePolicy to CORRECTED so that name defined in inner CTE takes precedence. If set it to LEGACY, outer CTE definitions will take precedence. See more details in SPARK-28228.


-- !query
WITH t(c) AS (SELECT 1)
SELECT max(c) FROM (
  WITH t(c) AS (SELECT 2)
  SELECT * FROM t
)
-- !query schema
struct<max(c):int>
-- !query output
2


-- !query
WITH t(c) AS (SELECT 1)
SELECT sum(c) FROM (
  SELECT max(c) AS c FROM (
    WITH t(c) AS (SELECT 2)
    SELECT * FROM t
  )
)
-- !query schema
struct<sum(c):bigint>
-- !query output
2


-- !query
WITH t(c) AS (SELECT 1)
SELECT sum(c) FROM (
  WITH t(c) AS (SELECT 2)
  SELECT max(c) AS c FROM (
    WITH t(c) AS (SELECT 3)
    SELECT * FROM t
  )
)
-- !query schema
struct<sum(c):bigint>
-- !query output
3


-- !query
WITH t AS (SELECT 1)
SELECT (
  WITH t AS (SELECT 2)
  SELECT * FROM t
)
-- !query schema
struct<>
-- !query output
org.apache.spark.sql.AnalysisException
Name t is ambiguous in nested CTE. Please set spark.sql.legacy.ctePrecedencePolicy to CORRECTED so that name defined in inner CTE takes precedence. If set it to LEGACY, outer CTE definitions will take precedence. See more details in SPARK-28228.


-- !query
WITH t AS (SELECT 1)
SELECT (
  SELECT (
    WITH t AS (SELECT 2)
    SELECT * FROM t
  )
)
-- !query schema
struct<>
-- !query output
org.apache.spark.sql.AnalysisException
Name t is ambiguous in nested CTE. Please set spark.sql.legacy.ctePrecedencePolicy to CORRECTED so that name defined in inner CTE takes precedence. If set it to LEGACY, outer CTE definitions will take precedence. See more details in SPARK-28228.


-- !query
WITH t AS (SELECT 1)
SELECT (
  WITH t AS (SELECT 2)
  SELECT (
    WITH t AS (SELECT 3)
    SELECT * FROM t
  )
)
-- !query schema
struct<>
-- !query output
org.apache.spark.sql.AnalysisException
Name t is ambiguous in nested CTE. Please set spark.sql.legacy.ctePrecedencePolicy to CORRECTED so that name defined in inner CTE takes precedence. If set it to LEGACY, outer CTE definitions will take precedence. See more details in SPARK-28228.


-- !query
WITH t(c) AS (SELECT 1)
SELECT * FROM t
WHERE c IN (
  WITH t(c) AS (SELECT 2)
  SELECT * FROM t
)
-- !query schema
struct<>
-- !query output
org.apache.spark.sql.AnalysisException
Name t is ambiguous in nested CTE. Please set spark.sql.legacy.ctePrecedencePolicy to CORRECTED so that name defined in inner CTE takes precedence. If set it to LEGACY, outer CTE definitions will take precedence. See more details in SPARK-28228.


-- !query
WITH
  t AS (
    WITH t2 AS (SELECT 1)
    SELECT * FROM t2
  ),
  t2 AS (SELECT 2)
SELECT * FROM t
-- !query schema
struct<1:int>
-- !query output
1


-- !query
WITH
  abc AS (SELECT 1),
  t AS (
    WITH aBc AS (SELECT 2)
    SELECT * FROM aBC
  )
SELECT * FROM t
-- !query schema
struct<>
-- !query output
org.apache.spark.sql.AnalysisException
Name aBc is ambiguous in nested CTE. Please set spark.sql.legacy.ctePrecedencePolicy to CORRECTED so that name defined in inner CTE takes precedence. If set it to LEGACY, outer CTE definitions will take precedence. See more details in SPARK-28228.


-- !query
WITH abc AS (SELECT 1)
SELECT (
  WITH aBc AS (SELECT 2)
  SELECT * FROM aBC
)
-- !query schema
struct<>
-- !query output
org.apache.spark.sql.AnalysisException
Name aBc is ambiguous in nested CTE. Please set spark.sql.legacy.ctePrecedencePolicy to CORRECTED so that name defined in inner CTE takes precedence. If set it to LEGACY, outer CTE definitions will take precedence. See more details in SPARK-28228.
