-- Automatically generated by SQLQueryTestSuite
-- Number of queries: 194


-- !query
create temporary view date_view as select '2011-11-11' date_str, '1' int_str
-- !query schema
struct<>
-- !query output



-- !query
select date '2019-01-01\t'
-- !query schema
struct<DATE '2019-01-01':date>
-- !query output
2019-01-01


-- !query
select date '2020-01-01中文'
-- !query schema
struct<>
-- !query output
org.apache.spark.sql.catalyst.parser.ParseException

Cannot parse the DATE value: 2020-01-01中文(line 1, pos 7)

== SQL ==
select date '2020-01-01中文'
-------^^^


-- !query
select make_date(2019, 1, 1), make_date(12, 12, 12)
-- !query schema
struct<make_date(2019, 1, 1):date,make_date(12, 12, 12):date>
-- !query output
2019-01-01	0012-12-12


-- !query
select make_date(2000, 13, 1)
-- !query schema
struct<make_date(2000, 13, 1):date>
-- !query output
NULL


-- !query
select make_date(2000, 1, 33)
-- !query schema
struct<make_date(2000, 1, 33):date>
-- !query output
NULL


-- !query
select date'015'
-- !query schema
struct<>
-- !query output
org.apache.spark.sql.catalyst.parser.ParseException

Cannot parse the DATE value: 015(line 1, pos 7)

== SQL ==
select date'015'
-------^^^


-- !query
select date'2021-4294967297-11'
-- !query schema
struct<>
-- !query output
org.apache.spark.sql.catalyst.parser.ParseException

Cannot parse the DATE value: 2021-4294967297-11(line 1, pos 7)

== SQL ==
select date'2021-4294967297-11'
-------^^^


-- !query
select current_date = current_date
-- !query schema
struct<(current_date() = current_date()):boolean>
-- !query output
true


-- !query
select current_date() = current_date()
-- !query schema
struct<(current_date() = current_date()):boolean>
-- !query output
true


-- !query
select DATE_FROM_UNIX_DATE(0), DATE_FROM_UNIX_DATE(1000), DATE_FROM_UNIX_DATE(null)
-- !query schema
struct<date_from_unix_date(0):date,date_from_unix_date(1000):date,date_from_unix_date(NULL):date>
-- !query output
1970-01-01	1972-09-27	NULL


-- !query
select UNIX_DATE(DATE('1970-01-01')), UNIX_DATE(DATE('2020-12-04')), UNIX_DATE(null)
-- !query schema
struct<unix_date(1970-01-01):int,unix_date(2020-12-04):int,unix_date(NULL):int>
-- !query output
0	18600	NULL


-- !query
select to_date(null), to_date('2016-12-31'), to_date('2016-12-31', 'yyyy-MM-dd')
-- !query schema
struct<to_date(NULL):date,to_date(2016-12-31):date,to_date(2016-12-31, yyyy-MM-dd):date>
-- !query output
NULL	2016-12-31	2016-12-31


-- !query
select to_date("16", "dd")
-- !query schema
struct<to_date(16, dd):date>
-- !query output
1970-01-16


-- !query
select to_date("02-29", "MM-dd")
-- !query schema
struct<to_date(02-29, MM-dd):date>
-- !query output
NULL


-- !query
select dayofweek('2007-02-03'), dayofweek('2009-07-30'), dayofweek('2017-05-27'), dayofweek(null),
  dayofweek('1582-10-15 13:10:15'), dayofweek(timestamp_ltz'1582-10-15 13:10:15'), dayofweek(timestamp_ntz'1582-10-15 13:10:15')
-- !query schema
struct<dayofweek(2007-02-03):int,dayofweek(2009-07-30):int,dayofweek(2017-05-27):int,dayofweek(NULL):int,dayofweek(1582-10-15 13:10:15):int,dayofweek(TIMESTAMP '1582-10-15 13:10:15'):int,dayofweek(TIMESTAMP_NTZ '1582-10-15 13:10:15'):int>
-- !query output
7	5	7	NULL	6	6	6


-- !query
select weekday('2007-02-03'), weekday('2009-07-30'), weekday('2017-05-27'), weekday(null),
  weekday('1582-10-15 13:10:15'), weekday(timestamp_ltz'1582-10-15 13:10:15'), weekday(timestamp_ntz'1582-10-15 13:10:15')
-- !query schema
struct<weekday(2007-02-03):int,weekday(2009-07-30):int,weekday(2017-05-27):int,weekday(NULL):int,weekday(1582-10-15 13:10:15):int,weekday(TIMESTAMP '1582-10-15 13:10:15'):int,weekday(TIMESTAMP_NTZ '1582-10-15 13:10:15'):int>
-- !query output
5	3	5	NULL	4	4	4


-- !query
select year('1500-01-01'), year('1582-10-15 13:10:15'), year(timestamp_ltz'1582-10-15 13:10:15'), year(timestamp_ntz'1582-10-15 13:10:15')
-- !query schema
struct<year(1500-01-01):int,year(1582-10-15 13:10:15):int,year(TIMESTAMP '1582-10-15 13:10:15'):int,year(TIMESTAMP_NTZ '1582-10-15 13:10:15'):int>
-- !query output
1500	1582	1582	1582


-- !query
select month('1500-01-01'), month('1582-10-15 13:10:15'), month(timestamp_ltz'1582-10-15 13:10:15'), month(timestamp_ntz'1582-10-15 13:10:15')
-- !query schema
struct<month(1500-01-01):int,month(1582-10-15 13:10:15):int,month(TIMESTAMP '1582-10-15 13:10:15'):int,month(TIMESTAMP_NTZ '1582-10-15 13:10:15'):int>
-- !query output
1	10	10	10


-- !query
select dayOfYear('1500-01-01'), dayOfYear('1582-10-15 13:10:15'), dayOfYear(timestamp_ltz'1582-10-15 13:10:15'), dayOfYear(timestamp_ntz'1582-10-15 13:10:15')
-- !query schema
struct<dayofyear(1500-01-01):int,dayofyear(1582-10-15 13:10:15):int,dayofyear(TIMESTAMP '1582-10-15 13:10:15'):int,dayofyear(TIMESTAMP_NTZ '1582-10-15 13:10:15'):int>
-- !query output
1	288	288	288


-- !query
select next_day("2015-07-23", "Mon")
-- !query schema
struct<next_day(2015-07-23, Mon):date>
-- !query output
2015-07-27


-- !query
select next_day("2015-07-23", "xx")
-- !query schema
struct<next_day(2015-07-23, xx):date>
-- !query output
NULL


-- !query
select next_day("2015-07-23 12:12:12", "Mon")
-- !query schema
struct<next_day(2015-07-23 12:12:12, Mon):date>
-- !query output
2015-07-27


-- !query
select next_day(timestamp_ltz"2015-07-23 12:12:12", "Mon")
-- !query schema
struct<next_day(TIMESTAMP '2015-07-23 12:12:12', Mon):date>
-- !query output
2015-07-27


-- !query
select next_day(timestamp_ntz"2015-07-23 12:12:12", "Mon")
-- !query schema
struct<next_day(TIMESTAMP_NTZ '2015-07-23 12:12:12', Mon):date>
-- !query output
2015-07-27


-- !query
select next_day("xx", "Mon")
-- !query schema
struct<next_day(xx, Mon):date>
-- !query output
NULL


-- !query
select next_day(null, "Mon")
-- !query schema
struct<next_day(NULL, Mon):date>
-- !query output
NULL


-- !query
select next_day(null, "xx")
-- !query schema
struct<next_day(NULL, xx):date>
-- !query output
NULL


-- !query
select date_add(date'2011-11-11', 1)
-- !query schema
struct<date_add(DATE '2011-11-11', 1):date>
-- !query output
2011-11-12


-- !query
select date_add('2011-11-11', 1)
-- !query schema
struct<date_add(2011-11-11, 1):date>
-- !query output
2011-11-12


-- !query
select date_add('2011-11-11', 1Y)
-- !query schema
struct<date_add(2011-11-11, 1):date>
-- !query output
2011-11-12


-- !query
select date_add('2011-11-11', 1S)
-- !query schema
struct<date_add(2011-11-11, 1):date>
-- !query output
2011-11-12


-- !query
select date_add('2011-11-11', 1L)
-- !query schema
struct<>
-- !query output
org.apache.spark.sql.AnalysisException
cannot resolve 'date_add(CAST('2011-11-11' AS DATE), 1L)' due to data type mismatch: argument 2 requires (int or smallint or tinyint) type, however, '1L' is of bigint type.; line 1 pos 7


-- !query
select date_add('2011-11-11', 1.0)
-- !query schema
struct<>
-- !query output
org.apache.spark.sql.AnalysisException
cannot resolve 'date_add(CAST('2011-11-11' AS DATE), 1.0BD)' due to data type mismatch: argument 2 requires (int or smallint or tinyint) type, however, '1.0BD' is of decimal(2,1) type.; line 1 pos 7


-- !query
select date_add('2011-11-11', 1E1)
-- !query schema
struct<>
-- !query output
org.apache.spark.sql.AnalysisException
cannot resolve 'date_add(CAST('2011-11-11' AS DATE), 10.0D)' due to data type mismatch: argument 2 requires (int or smallint or tinyint) type, however, '10.0D' is of double type.; line 1 pos 7


-- !query
select date_add('2011-11-11', '1')
-- !query schema
struct<date_add(2011-11-11, 1):date>
-- !query output
2011-11-12


-- !query
select date_add('2011-11-11', '1.2')
-- !query schema
struct<>
-- !query output
org.apache.spark.sql.AnalysisException
The second argument of 'date_add' function needs to be an integer.


-- !query
select date_add(null, 1)
-- !query schema
struct<date_add(NULL, 1):date>
-- !query output
NULL


-- !query
select date_add(date'2011-11-11', null)
-- !query schema
struct<date_add(DATE '2011-11-11', NULL):date>
-- !query output
NULL


-- !query
select date_add(timestamp_ltz'2011-11-11 12:12:12', 1)
-- !query schema
struct<date_add(TIMESTAMP '2011-11-11 12:12:12', 1):date>
-- !query output
2011-11-12


-- !query
select date_add(timestamp_ntz'2011-11-11 12:12:12', 1)
-- !query schema
struct<date_add(TIMESTAMP_NTZ '2011-11-11 12:12:12', 1):date>
-- !query output
2011-11-12


-- !query
select date_sub(date'2011-11-11', 1)
-- !query schema
struct<date_sub(DATE '2011-11-11', 1):date>
-- !query output
2011-11-10


-- !query
select date_sub('2011-11-11', 1)
-- !query schema
struct<date_sub(2011-11-11, 1):date>
-- !query output
2011-11-10


-- !query
select date_sub('2011-11-11', 1Y)
-- !query schema
struct<date_sub(2011-11-11, 1):date>
-- !query output
2011-11-10


-- !query
select date_sub('2011-11-11', 1S)
-- !query schema
struct<date_sub(2011-11-11, 1):date>
-- !query output
2011-11-10


-- !query
select date_sub('2011-11-11', 1L)
-- !query schema
struct<>
-- !query output
org.apache.spark.sql.AnalysisException
cannot resolve 'date_sub(CAST('2011-11-11' AS DATE), 1L)' due to data type mismatch: argument 2 requires (int or smallint or tinyint) type, however, '1L' is of bigint type.; line 1 pos 7


-- !query
select date_sub('2011-11-11', 1.0)
-- !query schema
struct<>
-- !query output
org.apache.spark.sql.AnalysisException
cannot resolve 'date_sub(CAST('2011-11-11' AS DATE), 1.0BD)' due to data type mismatch: argument 2 requires (int or smallint or tinyint) type, however, '1.0BD' is of decimal(2,1) type.; line 1 pos 7


-- !query
select date_sub('2011-11-11', 1E1)
-- !query schema
struct<>
-- !query output
org.apache.spark.sql.AnalysisException
cannot resolve 'date_sub(CAST('2011-11-11' AS DATE), 10.0D)' due to data type mismatch: argument 2 requires (int or smallint or tinyint) type, however, '10.0D' is of double type.; line 1 pos 7


-- !query
select date_sub(date'2011-11-11', '1')
-- !query schema
struct<date_sub(DATE '2011-11-11', 1):date>
-- !query output
2011-11-10


-- !query
select date_sub(date'2011-11-11', '1.2')
-- !query schema
struct<>
-- !query output
org.apache.spark.sql.AnalysisException
The second argument of 'date_sub' function needs to be an integer.


-- !query
select date_sub(null, 1)
-- !query schema
struct<date_sub(NULL, 1):date>
-- !query output
NULL


-- !query
select date_sub(date'2011-11-11', null)
-- !query schema
struct<date_sub(DATE '2011-11-11', NULL):date>
-- !query output
NULL


-- !query
select date_sub(timestamp_ltz'2011-11-11 12:12:12', 1)
-- !query schema
struct<date_sub(TIMESTAMP '2011-11-11 12:12:12', 1):date>
-- !query output
2011-11-10


-- !query
select date_sub(timestamp_ntz'2011-11-11 12:12:12', 1)
-- !query schema
struct<date_sub(TIMESTAMP_NTZ '2011-11-11 12:12:12', 1):date>
-- !query output
2011-11-10


-- !query
select date_add('2011-11-11', int_str) from date_view
-- !query schema
struct<>
-- !query output
org.apache.spark.sql.AnalysisException
cannot resolve 'date_add(CAST('2011-11-11' AS DATE), date_view.int_str)' due to data type mismatch: argument 2 requires (int or smallint or tinyint) type, however, 'date_view.int_str' is of string type.; line 1 pos 7


-- !query
select date_sub('2011-11-11', int_str) from date_view
-- !query schema
struct<>
-- !query output
org.apache.spark.sql.AnalysisException
cannot resolve 'date_sub(CAST('2011-11-11' AS DATE), date_view.int_str)' due to data type mismatch: argument 2 requires (int or smallint or tinyint) type, however, 'date_view.int_str' is of string type.; line 1 pos 7


-- !query
select date_add(date_str, 1) from date_view
-- !query schema
struct<date_add(date_str, 1):date>
-- !query output
2011-11-12


-- !query
select date_sub(date_str, 1) from date_view
-- !query schema
struct<date_sub(date_str, 1):date>
-- !query output
2011-11-10


-- !query
select date '2011-11-11' + 1E1
-- !query schema
struct<>
-- !query output
org.apache.spark.sql.AnalysisException
cannot resolve 'date_add(DATE '2011-11-11', 10.0D)' due to data type mismatch: argument 2 requires (int or smallint or tinyint) type, however, '10.0D' is of double type.; line 1 pos 7


-- !query
select date '2001-09-28' + 7Y
-- !query schema
struct<date_add(DATE '2001-09-28', 7):date>
-- !query output
2001-10-05


-- !query
select 7S + date '2001-09-28'
-- !query schema
struct<date_add(DATE '2001-09-28', 7):date>
-- !query output
2001-10-05


-- !query
select date '2001-10-01' - 7
-- !query schema
struct<date_sub(DATE '2001-10-01', 7):date>
-- !query output
2001-09-24


-- !query
select date '2001-10-01' - date '2001-09-28'
-- !query schema
struct<(DATE '2001-10-01' - DATE '2001-09-28'):interval day>
-- !query output
3 00:00:00.000000000


-- !query
select date '2001-10-01' - '2001-09-28'
-- !query schema
struct<>
-- !query output
org.apache.spark.sql.AnalysisException
cannot resolve 'date_sub(DATE '2001-10-01', CAST('2001-09-28' AS DOUBLE))' due to data type mismatch: argument 2 requires (int or smallint or tinyint) type, however, 'CAST('2001-09-28' AS DOUBLE)' is of double type.; line 1 pos 7


-- !query
select '2001-10-01' - date '2001-09-28'
-- !query schema
struct<(2001-10-01 - DATE '2001-09-28'):interval day>
-- !query output
3 00:00:00.000000000


-- !query
select date '2001-09-28' - null
-- !query schema
struct<date_sub(DATE '2001-09-28', NULL):date>
-- !query output
NULL


-- !query
select null - date '2019-10-06'
-- !query schema
struct<(NULL - DATE '2019-10-06'):interval day>
-- !query output
NULL


-- !query
select date_str - date '2001-09-28' from date_view
-- !query schema
struct<(date_str - DATE '2001-09-28'):interval day>
-- !query output
3696 00:00:00.000000000


-- !query
select date '2001-09-28' - date_str from date_view
-- !query schema
struct<>
-- !query output
org.apache.spark.sql.AnalysisException
cannot resolve 'date_sub(DATE '2001-09-28', CAST(date_view.date_str AS DOUBLE))' due to data type mismatch: argument 2 requires (int or smallint or tinyint) type, however, 'CAST(date_view.date_str AS DOUBLE)' is of double type.; line 1 pos 7


-- !query
select date'2011-11-11' + '1'
-- !query schema
struct<>
-- !query output
org.apache.spark.sql.AnalysisException
cannot resolve 'date_add(DATE '2011-11-11', CAST('1' AS DOUBLE))' due to data type mismatch: argument 2 requires (int or smallint or tinyint) type, however, 'CAST('1' AS DOUBLE)' is of double type.; line 1 pos 7


-- !query
select '1' + date'2011-11-11'
-- !query schema
struct<>
-- !query output
org.apache.spark.sql.AnalysisException
cannot resolve 'date_add(DATE '2011-11-11', CAST('1' AS DOUBLE))' due to data type mismatch: argument 2 requires (int or smallint or tinyint) type, however, 'CAST('1' AS DOUBLE)' is of double type.; line 1 pos 7


-- !query
select date'2011-11-11' + null
-- !query schema
struct<date_add(DATE '2011-11-11', NULL):date>
-- !query output
NULL


-- !query
select null + date'2011-11-11'
-- !query schema
struct<date_add(DATE '2011-11-11', NULL):date>
-- !query output
NULL


-- !query
select date '2012-01-01' - interval '2-2' year to month,
       date '2011-11-11' - interval '2' day,
       date '2012-01-01' + interval '-2-2' year to month,
       date '2011-11-11' + interval '-2' month,
       - interval '2-2' year to month + date '2012-01-01',
       interval '-2' day + date '2011-11-11'
-- !query schema
struct<DATE '2012-01-01' - INTERVAL '2-2' YEAR TO MONTH:date,date_add(DATE '2011-11-11', (- extractansiintervaldays(INTERVAL '2' DAY))):date,DATE '2012-01-01' + INTERVAL '-2-2' YEAR TO MONTH:date,DATE '2011-11-11' + INTERVAL '-2' MONTH:date,DATE '2012-01-01' + (- INTERVAL '2-2' YEAR TO MONTH):date,date_add(DATE '2011-11-11', extractansiintervaldays(INTERVAL '-2' DAY)):date>
-- !query output
2009-11-01	2011-11-09	2009-11-01	2011-09-11	2009-11-01	2011-11-09


-- !query
select to_date('26/October/2015', 'dd/MMMMM/yyyy')
-- !query schema
struct<to_date(26/October/2015, dd/MMMMM/yyyy):date>
-- !query output
2015-10-26


-- !query
select from_json('{"d":"26/October/2015"}', 'd Date', map('dateFormat', 'dd/MMMMM/yyyy'))
-- !query schema
struct<from_json({"d":"26/October/2015"}):struct<d:date>>
-- !query output
{"d":2015-10-26}


-- !query
select from_csv('26/October/2015', 'd Date', map('dateFormat', 'dd/MMMMM/yyyy'))
-- !query schema
struct<from_csv(26/October/2015):struct<d:date>>
-- !query output
{"d":2015-10-26}


-- !query
select dateadd(MICROSECOND, 1001, timestamp'2022-02-25 01:02:03.123')
-- !query schema
struct<timestampadd(MICROSECOND, 1001, TIMESTAMP '2022-02-25 01:02:03.123'):timestamp>
-- !query output
2022-02-25 01:02:03.124001


-- !query
select date_add(MILLISECOND, -1, timestamp'2022-02-25 01:02:03.456')
-- !query schema
struct<timestampadd(MILLISECOND, -1, TIMESTAMP '2022-02-25 01:02:03.456'):timestamp>
-- !query output
2022-02-25 01:02:03.455


-- !query
select dateadd(SECOND, 58, timestamp'2022-02-25 01:02:03')
-- !query schema
struct<timestampadd(SECOND, 58, TIMESTAMP '2022-02-25 01:02:03'):timestamp>
-- !query output
2022-02-25 01:03:01


-- !query
select date_add(MINUTE, -100, date'2022-02-25')
-- !query schema
struct<timestampadd(MINUTE, -100, DATE '2022-02-25'):timestamp>
-- !query output
2022-02-24 22:20:00


-- !query
select dateadd(HOUR, -1, timestamp'2022-02-25 01:02:03')
-- !query schema
struct<timestampadd(HOUR, -1, TIMESTAMP '2022-02-25 01:02:03'):timestamp>
-- !query output
2022-02-25 00:02:03


-- !query
select date_add(DAY, 367, date'2022-02-25')
-- !query schema
struct<timestampadd(DAY, 367, DATE '2022-02-25'):timestamp>
-- !query output
2023-02-27 00:00:00


-- !query
select dateadd(WEEK, -4, timestamp'2022-02-25 01:02:03')
-- !query schema
struct<timestampadd(WEEK, -4, TIMESTAMP '2022-02-25 01:02:03'):timestamp>
-- !query output
2022-01-28 01:02:03


-- !query
select date_add(MONTH, -1, timestamp'2022-02-25 01:02:03')
-- !query schema
struct<timestampadd(MONTH, -1, TIMESTAMP '2022-02-25 01:02:03'):timestamp>
-- !query output
2022-01-25 01:02:03


-- !query
select dateadd(QUARTER, 5, date'2022-02-25')
-- !query schema
struct<timestampadd(QUARTER, 5, DATE '2022-02-25'):timestamp>
-- !query output
2023-05-25 00:00:00


-- !query
select date_add(YEAR, 1, date'2022-02-25')
-- !query schema
struct<timestampadd(YEAR, 1, DATE '2022-02-25'):timestamp>
-- !query output
2023-02-25 00:00:00


-- !query
select date_diff(MICROSECOND, timestamp'2022-02-25 01:02:03.123', timestamp'2022-02-25 01:02:03.124001')
-- !query schema
struct<timestampdiff(MICROSECOND, TIMESTAMP '2022-02-25 01:02:03.123', TIMESTAMP '2022-02-25 01:02:03.124001'):bigint>
-- !query output
1001


-- !query
select datediff(MILLISECOND, timestamp'2022-02-25 01:02:03.456', timestamp'2022-02-25 01:02:03.455')
-- !query schema
struct<timestampdiff(MILLISECOND, TIMESTAMP '2022-02-25 01:02:03.456', TIMESTAMP '2022-02-25 01:02:03.455'):bigint>
-- !query output
-1


-- !query
select date_diff(SECOND, timestamp'2022-02-25 01:02:03', timestamp'2022-02-25 01:03:01')
-- !query schema
struct<timestampdiff(SECOND, TIMESTAMP '2022-02-25 01:02:03', TIMESTAMP '2022-02-25 01:03:01'):bigint>
-- !query output
58


-- !query
select datediff(MINUTE, date'2022-02-25', timestamp'2022-02-24 22:20:00')
-- !query schema
struct<timestampdiff(MINUTE, DATE '2022-02-25', TIMESTAMP '2022-02-24 22:20:00'):bigint>
-- !query output
-100


-- !query
select date_diff(HOUR, timestamp'2022-02-25 01:02:03', timestamp'2022-02-25 00:02:03')
-- !query schema
struct<timestampdiff(HOUR, TIMESTAMP '2022-02-25 01:02:03', TIMESTAMP '2022-02-25 00:02:03'):bigint>
-- !query output
-1


-- !query
select datediff(DAY, date'2022-02-25', timestamp'2023-02-27 00:00:00')
-- !query schema
struct<timestampdiff(DAY, DATE '2022-02-25', TIMESTAMP '2023-02-27 00:00:00'):bigint>
-- !query output
367


-- !query
select date_diff(WEEK, timestamp'2022-02-25 01:02:03', timestamp'2022-01-28 01:02:03')
-- !query schema
struct<timestampdiff(WEEK, TIMESTAMP '2022-02-25 01:02:03', TIMESTAMP '2022-01-28 01:02:03'):bigint>
-- !query output
-4


-- !query
select datediff(MONTH, timestamp'2022-02-25 01:02:03', timestamp'2022-01-25 01:02:03')
-- !query schema
struct<timestampdiff(MONTH, TIMESTAMP '2022-02-25 01:02:03', TIMESTAMP '2022-01-25 01:02:03'):bigint>
-- !query output
-1


-- !query
select date_diff(QUARTER, date'2022-02-25', date'2023-05-25')
-- !query schema
struct<timestampdiff(QUARTER, DATE '2022-02-25', DATE '2023-05-25'):bigint>
-- !query output
5


-- !query
select datediff(YEAR, date'2022-02-25', date'2023-02-25')
-- !query schema
struct<timestampdiff(YEAR, DATE '2022-02-25', DATE '2023-02-25'):bigint>
-- !query output
1


-- !query
select timestamp '2019-01-01\t'
-- !query schema
struct<TIMESTAMP '2019-01-01 00:00:00':timestamp>
-- !query output
2019-01-01 00:00:00


-- !query
select timestamp '2019-01-01中文'
-- !query schema
struct<>
-- !query output
org.apache.spark.sql.catalyst.parser.ParseException

Cannot parse the TIMESTAMP value: 2019-01-01中文(line 1, pos 7)

== SQL ==
select timestamp '2019-01-01中文'
-------^^^


-- !query
select timestamp'4294967297'
-- !query schema
struct<>
-- !query output
org.apache.spark.sql.catalyst.parser.ParseException

Cannot parse the TIMESTAMP value: 4294967297(line 1, pos 7)

== SQL ==
select timestamp'4294967297'
-------^^^


-- !query
select timestamp'2021-01-01T12:30:4294967297.123456'
-- !query schema
struct<>
-- !query output
org.apache.spark.sql.catalyst.parser.ParseException

Cannot parse the TIMESTAMP value: 2021-01-01T12:30:4294967297.123456(line 1, pos 7)

== SQL ==
select timestamp'2021-01-01T12:30:4294967297.123456'
-------^^^


-- !query
select current_timestamp = current_timestamp
-- !query schema
struct<(current_timestamp() = current_timestamp()):boolean>
-- !query output
true


-- !query
select current_timestamp() = current_timestamp()
-- !query schema
struct<(current_timestamp() = current_timestamp()):boolean>
-- !query output
true


-- !query
select localtimestamp() = localtimestamp()
-- !query schema
struct<(localtimestamp() = localtimestamp()):boolean>
-- !query output
true


-- !query
SELECT make_timestamp(2021, 07, 11, 6, 30, 45.678)
-- !query schema
struct<make_timestamp(2021, 7, 11, 6, 30, 45.678):timestamp>
-- !query output
2021-07-11 06:30:45.678


-- !query
SELECT make_timestamp(2021, 07, 11, 6, 30, 45.678, 'CET')
-- !query schema
struct<make_timestamp(2021, 7, 11, 6, 30, 45.678, CET):timestamp>
-- !query output
2021-07-10 21:30:45.678


-- !query
SELECT make_timestamp(2021, 07, 11, 6, 30, 60.007)
-- !query schema
struct<make_timestamp(2021, 7, 11, 6, 30, 60.007):timestamp>
-- !query output
NULL


-- !query
SELECT make_timestamp(1, 1, 1, 1, 1, 1)
-- !query schema
struct<make_timestamp(1, 1, 1, 1, 1, 1):timestamp>
-- !query output
0001-01-01 01:01:01


-- !query
SELECT make_timestamp(1, 1, 1, 1, 1, 60)
-- !query schema
struct<make_timestamp(1, 1, 1, 1, 1, 60):timestamp>
-- !query output
0001-01-01 01:02:00


-- !query
SELECT make_timestamp(1, 1, 1, 1, 1, 61)
-- !query schema
struct<make_timestamp(1, 1, 1, 1, 1, 61):timestamp>
-- !query output
NULL


-- !query
SELECT make_timestamp(1, 1, 1, 1, 1, null)
-- !query schema
struct<make_timestamp(1, 1, 1, 1, 1, NULL):timestamp>
-- !query output
NULL


-- !query
SELECT make_timestamp(1, 1, 1, 1, 1, 59.999999)
-- !query schema
struct<make_timestamp(1, 1, 1, 1, 1, 59.999999):timestamp>
-- !query output
0001-01-01 01:01:59.999999


-- !query
SELECT make_timestamp(1, 1, 1, 1, 1, 99.999999)
-- !query schema
struct<make_timestamp(1, 1, 1, 1, 1, 99.999999):timestamp>
-- !query output
NULL


-- !query
SELECT make_timestamp(1, 1, 1, 1, 1, 999.999999)
-- !query schema
struct<make_timestamp(1, 1, 1, 1, 1, 999.999999):timestamp>
-- !query output
NULL


-- !query
select TIMESTAMP_SECONDS(1230219000),TIMESTAMP_SECONDS(-1230219000),TIMESTAMP_SECONDS(null)
-- !query schema
struct<timestamp_seconds(1230219000):timestamp,timestamp_seconds(-1230219000):timestamp,timestamp_seconds(NULL):timestamp>
-- !query output
2008-12-25 07:30:00	1931-01-07 00:30:00	NULL


-- !query
select TIMESTAMP_SECONDS(1.23), TIMESTAMP_SECONDS(1.23d), TIMESTAMP_SECONDS(FLOAT(1.23))
-- !query schema
struct<timestamp_seconds(1.23):timestamp,timestamp_seconds(1.23):timestamp,timestamp_seconds(1.23):timestamp>
-- !query output
1969-12-31 16:00:01.23	1969-12-31 16:00:01.23	1969-12-31 16:00:01.23


-- !query
select TIMESTAMP_MILLIS(1230219000123),TIMESTAMP_MILLIS(-1230219000123),TIMESTAMP_MILLIS(null)
-- !query schema
struct<timestamp_millis(1230219000123):timestamp,timestamp_millis(-1230219000123):timestamp,timestamp_millis(NULL):timestamp>
-- !query output
2008-12-25 07:30:00.123	1931-01-07 00:29:59.877	NULL


-- !query
select TIMESTAMP_MICROS(1230219000123123),TIMESTAMP_MICROS(-1230219000123123),TIMESTAMP_MICROS(null)
-- !query schema
struct<timestamp_micros(1230219000123123):timestamp,timestamp_micros(-1230219000123123):timestamp,timestamp_micros(NULL):timestamp>
-- !query output
2008-12-25 07:30:00.123123	1931-01-07 00:29:59.876877	NULL


-- !query
select TIMESTAMP_SECONDS(1230219000123123)
-- !query schema
struct<>
-- !query output
java.lang.ArithmeticException
long overflow


-- !query
select TIMESTAMP_SECONDS(-1230219000123123)
-- !query schema
struct<>
-- !query output
java.lang.ArithmeticException
long overflow


-- !query
select TIMESTAMP_MILLIS(92233720368547758)
-- !query schema
struct<>
-- !query output
java.lang.ArithmeticException
long overflow


-- !query
select TIMESTAMP_MILLIS(-92233720368547758)
-- !query schema
struct<>
-- !query output
java.lang.ArithmeticException
long overflow


-- !query
select TIMESTAMP_SECONDS(0.1234567)
-- !query schema
struct<>
-- !query output
java.lang.ArithmeticException
Rounding necessary


-- !query
select TIMESTAMP_SECONDS(0.1234567d), TIMESTAMP_SECONDS(FLOAT(0.1234567))
-- !query schema
struct<timestamp_seconds(0.1234567):timestamp,timestamp_seconds(0.1234567):timestamp>
-- !query output
1969-12-31 16:00:00.123456	1969-12-31 16:00:00.123456


-- !query
create temporary view ttf1 as select * from values
  (1, 2),
  (2, 3)
  as ttf1(`current_date`, `current_timestamp`)
-- !query schema
struct<>
-- !query output



-- !query
select typeof(current_date), typeof(current_timestamp) from ttf1
-- !query schema
struct<typeof(current_date):string,typeof(current_timestamp):string>
-- !query output
int	int
int	int


-- !query
create temporary view ttf2 as select * from values
  (1, 2),
  (2, 3)
  as ttf2(a, b)
-- !query schema
struct<>
-- !query output



-- !query
select current_date = current_date(), current_timestamp = current_timestamp(), a, b from ttf2
-- !query schema
struct<(current_date() = current_date()):boolean,(current_timestamp() = current_timestamp()):boolean,a:int,b:int>
-- !query output
true	true	1	2
true	true	2	3


-- !query
select a, b from ttf2 order by a, current_date
-- !query schema
struct<a:int,b:int>
-- !query output
1	2
2	3


-- !query
select UNIX_SECONDS(timestamp'2020-12-01 14:30:08Z'), UNIX_SECONDS(timestamp'2020-12-01 14:30:08.999999Z'), UNIX_SECONDS(null)
-- !query schema
struct<unix_seconds(TIMESTAMP '2020-12-01 06:30:08'):bigint,unix_seconds(TIMESTAMP '2020-12-01 06:30:08.999999'):bigint,unix_seconds(NULL):bigint>
-- !query output
1606833008	1606833008	NULL


-- !query
select UNIX_MILLIS(timestamp'2020-12-01 14:30:08Z'), UNIX_MILLIS(timestamp'2020-12-01 14:30:08.999999Z'), UNIX_MILLIS(null)
-- !query schema
struct<unix_millis(TIMESTAMP '2020-12-01 06:30:08'):bigint,unix_millis(TIMESTAMP '2020-12-01 06:30:08.999999'):bigint,unix_millis(NULL):bigint>
-- !query output
1606833008000	1606833008999	NULL


-- !query
select UNIX_MICROS(timestamp'2020-12-01 14:30:08Z'), UNIX_MICROS(timestamp'2020-12-01 14:30:08.999999Z'), UNIX_MICROS(null)
-- !query schema
struct<unix_micros(TIMESTAMP '2020-12-01 06:30:08'):bigint,unix_micros(TIMESTAMP '2020-12-01 06:30:08.999999'):bigint,unix_micros(NULL):bigint>
-- !query output
1606833008000000	1606833008999999	NULL


-- !query
select to_timestamp(null), to_timestamp('2016-12-31 00:12:00'), to_timestamp('2016-12-31', 'yyyy-MM-dd')
-- !query schema
struct<to_timestamp(NULL):timestamp,to_timestamp(2016-12-31 00:12:00):timestamp,to_timestamp(2016-12-31, yyyy-MM-dd):timestamp>
-- !query output
NULL	2016-12-31 00:12:00	2016-12-31 00:00:00


-- !query
select to_timestamp('2019-10-06 10:11:12.', 'yyyy-MM-dd HH:mm:ss.SSSSSS[zzz]')
-- !query schema
struct<to_timestamp(2019-10-06 10:11:12., yyyy-MM-dd HH:mm:ss.SSSSSS[zzz]):timestamp>
-- !query output
NULL


-- !query
select to_timestamp('2019-10-06 10:11:12.0', 'yyyy-MM-dd HH:mm:ss.SSSSSS[zzz]')
-- !query schema
struct<to_timestamp(2019-10-06 10:11:12.0, yyyy-MM-dd HH:mm:ss.SSSSSS[zzz]):timestamp>
-- !query output
NULL


-- !query
select to_timestamp('2019-10-06 10:11:12.1', 'yyyy-MM-dd HH:mm:ss.SSSSSS[zzz]')
-- !query schema
struct<to_timestamp(2019-10-06 10:11:12.1, yyyy-MM-dd HH:mm:ss.SSSSSS[zzz]):timestamp>
-- !query output
NULL


-- !query
select to_timestamp('2019-10-06 10:11:12.12', 'yyyy-MM-dd HH:mm:ss.SSSSSS[zzz]')
-- !query schema
struct<to_timestamp(2019-10-06 10:11:12.12, yyyy-MM-dd HH:mm:ss.SSSSSS[zzz]):timestamp>
-- !query output
NULL


-- !query
select to_timestamp('2019-10-06 10:11:12.123UTC', 'yyyy-MM-dd HH:mm:ss.SSSSSS[zzz]')
-- !query schema
struct<to_timestamp(2019-10-06 10:11:12.123UTC, yyyy-MM-dd HH:mm:ss.SSSSSS[zzz]):timestamp>
-- !query output
NULL


-- !query
select to_timestamp('2019-10-06 10:11:12.1234', 'yyyy-MM-dd HH:mm:ss.SSSSSS[zzz]')
-- !query schema
struct<to_timestamp(2019-10-06 10:11:12.1234, yyyy-MM-dd HH:mm:ss.SSSSSS[zzz]):timestamp>
-- !query output
NULL


-- !query
select to_timestamp('2019-10-06 10:11:12.12345CST', 'yyyy-MM-dd HH:mm:ss.SSSSSS[zzz]')
-- !query schema
struct<to_timestamp(2019-10-06 10:11:12.12345CST, yyyy-MM-dd HH:mm:ss.SSSSSS[zzz]):timestamp>
-- !query output
NULL


-- !query
select to_timestamp('2019-10-06 10:11:12.123456PST', 'yyyy-MM-dd HH:mm:ss.SSSSSS[zzz]')
-- !query schema
struct<to_timestamp(2019-10-06 10:11:12.123456PST, yyyy-MM-dd HH:mm:ss.SSSSSS[zzz]):timestamp>
-- !query output
NULL


-- !query
select to_timestamp('2019-10-06 10:11:12.1234567PST', 'yyyy-MM-dd HH:mm:ss.SSSSSS[zzz]')
-- !query schema
struct<to_timestamp(2019-10-06 10:11:12.1234567PST, yyyy-MM-dd HH:mm:ss.SSSSSS[zzz]):timestamp>
-- !query output
NULL


-- !query
select to_timestamp('123456 2019-10-06 10:11:12.123456PST', 'SSSSSS yyyy-MM-dd HH:mm:ss.SSSSSS[zzz]')
-- !query schema
struct<to_timestamp(123456 2019-10-06 10:11:12.123456PST, SSSSSS yyyy-MM-dd HH:mm:ss.SSSSSS[zzz]):timestamp>
-- !query output
NULL


-- !query
select to_timestamp('223456 2019-10-06 10:11:12.123456PST', 'SSSSSS yyyy-MM-dd HH:mm:ss.SSSSSS[zzz]')
-- !query schema
struct<to_timestamp(223456 2019-10-06 10:11:12.123456PST, SSSSSS yyyy-MM-dd HH:mm:ss.SSSSSS[zzz]):timestamp>
-- !query output
NULL


-- !query
select to_timestamp('2019-10-06 10:11:12.1234', 'yyyy-MM-dd HH:mm:ss.[SSSSSS]')
-- !query schema
struct<to_timestamp(2019-10-06 10:11:12.1234, yyyy-MM-dd HH:mm:ss.[SSSSSS]):timestamp>
-- !query output
NULL


-- !query
select to_timestamp('2019-10-06 10:11:12.123', 'yyyy-MM-dd HH:mm:ss[.SSSSSS]')
-- !query schema
struct<to_timestamp(2019-10-06 10:11:12.123, yyyy-MM-dd HH:mm:ss[.SSSSSS]):timestamp>
-- !query output
NULL


-- !query
select to_timestamp('2019-10-06 10:11:12', 'yyyy-MM-dd HH:mm:ss[.SSSSSS]')
-- !query schema
struct<to_timestamp(2019-10-06 10:11:12, yyyy-MM-dd HH:mm:ss[.SSSSSS]):timestamp>
-- !query output
NULL


-- !query
select to_timestamp('2019-10-06 10:11:12.12', 'yyyy-MM-dd HH:mm[:ss.SSSSSS]')
-- !query schema
struct<to_timestamp(2019-10-06 10:11:12.12, yyyy-MM-dd HH:mm[:ss.SSSSSS]):timestamp>
-- !query output
NULL


-- !query
select to_timestamp('2019-10-06 10:11', 'yyyy-MM-dd HH:mm[:ss.SSSSSS]')
-- !query schema
struct<to_timestamp(2019-10-06 10:11, yyyy-MM-dd HH:mm[:ss.SSSSSS]):timestamp>
-- !query output
NULL


-- !query
select to_timestamp("2019-10-06S10:11:12.12345", "yyyy-MM-dd'S'HH:mm:ss.SSSSSS")
-- !query schema
struct<to_timestamp(2019-10-06S10:11:12.12345, yyyy-MM-dd'S'HH:mm:ss.SSSSSS):timestamp>
-- !query output
NULL


-- !query
select to_timestamp("12.12342019-10-06S10:11", "ss.SSSSyyyy-MM-dd'S'HH:mm")
-- !query schema
struct<to_timestamp(12.12342019-10-06S10:11, ss.SSSSyyyy-MM-dd'S'HH:mm):timestamp>
-- !query output
NULL


-- !query
select to_timestamp("12.1232019-10-06S10:11", "ss.SSSSyyyy-MM-dd'S'HH:mm")
-- !query schema
struct<to_timestamp(12.1232019-10-06S10:11, ss.SSSSyyyy-MM-dd'S'HH:mm):timestamp>
-- !query output
NULL


-- !query
select to_timestamp("12.1232019-10-06S10:11", "ss.SSSSyy-MM-dd'S'HH:mm")
-- !query schema
struct<to_timestamp(12.1232019-10-06S10:11, ss.SSSSyy-MM-dd'S'HH:mm):timestamp>
-- !query output
NULL


-- !query
select to_timestamp("12.1234019-10-06S10:11", "ss.SSSSy-MM-dd'S'HH:mm")
-- !query schema
struct<to_timestamp(12.1234019-10-06S10:11, ss.SSSSy-MM-dd'S'HH:mm):timestamp>
-- !query output
NULL


-- !query
select to_timestamp("2019-10-06S", "yyyy-MM-dd'S'")
-- !query schema
struct<to_timestamp(2019-10-06S, yyyy-MM-dd'S'):timestamp>
-- !query output
2019-10-06 00:00:00


-- !query
select to_timestamp("S2019-10-06", "'S'yyyy-MM-dd")
-- !query schema
struct<to_timestamp(S2019-10-06, 'S'yyyy-MM-dd):timestamp>
-- !query output
2019-10-06 00:00:00


-- !query
select to_timestamp("2019-10-06T10:11:12'12", "yyyy-MM-dd'T'HH:mm:ss''SSSS")
-- !query schema
struct<to_timestamp(2019-10-06T10:11:12'12, yyyy-MM-dd'T'HH:mm:ss''SSSS):timestamp>
-- !query output
2019-10-06 10:11:12.012


-- !query
select to_timestamp("2019-10-06T10:11:12'", "yyyy-MM-dd'T'HH:mm:ss''")
-- !query schema
struct<to_timestamp(2019-10-06T10:11:12', yyyy-MM-dd'T'HH:mm:ss''):timestamp>
-- !query output
2019-10-06 10:11:12


-- !query
select to_timestamp("'2019-10-06T10:11:12", "''yyyy-MM-dd'T'HH:mm:ss")
-- !query schema
struct<to_timestamp('2019-10-06T10:11:12, ''yyyy-MM-dd'T'HH:mm:ss):timestamp>
-- !query output
2019-10-06 10:11:12


-- !query
select to_timestamp("P2019-10-06T10:11:12", "'P'yyyy-MM-dd'T'HH:mm:ss")
-- !query schema
struct<to_timestamp(P2019-10-06T10:11:12, 'P'yyyy-MM-dd'T'HH:mm:ss):timestamp>
-- !query output
2019-10-06 10:11:12


-- !query
select to_timestamp("16", "dd")
-- !query schema
struct<to_timestamp(16, dd):timestamp>
-- !query output
1970-01-16 00:00:00


-- !query
select to_timestamp("02-29", "MM-dd")
-- !query schema
struct<to_timestamp(02-29, MM-dd):timestamp>
-- !query output
NULL


-- !query
select to_timestamp("2019 40", "yyyy mm")
-- !query schema
struct<to_timestamp(2019 40, yyyy mm):timestamp>
-- !query output
2019-01-01 00:40:00


-- !query
select to_timestamp("2019 10:10:10", "yyyy hh:mm:ss")
-- !query schema
struct<to_timestamp(2019 10:10:10, yyyy hh:mm:ss):timestamp>
-- !query output
2019-01-01 10:10:10


-- !query
select timestamp'2011-11-11 11:11:11' - timestamp'2011-11-11 11:11:10'
-- !query schema
struct<(TIMESTAMP '2011-11-11 11:11:11' - TIMESTAMP '2011-11-11 11:11:10'):interval day to second>
-- !query output
0 00:00:01.000000000


-- !query
select date'2020-01-01' - timestamp'2019-10-06 10:11:12.345678'
-- !query schema
struct<(DATE '2020-01-01' - TIMESTAMP '2019-10-06 10:11:12.345678'):interval day to second>
-- !query output
86 13:48:47.654322000


-- !query
select timestamp'2019-10-06 10:11:12.345678' - date'2020-01-01'
-- !query schema
struct<(TIMESTAMP '2019-10-06 10:11:12.345678' - DATE '2020-01-01'):interval day to second>
-- !query output
-86 13:48:47.654322000


-- !query
select timestamp'2011-11-11 11:11:11' - '2011-11-11 11:11:10'
-- !query schema
struct<>
-- !query output
org.apache.spark.sql.AnalysisException
cannot resolve '(TIMESTAMP '2011-11-11 11:11:11' - '2011-11-11 11:11:10')' due to data type mismatch: argument 2 requires (timestamp or timestamp without time zone) type, however, ''2011-11-11 11:11:10'' is of string type.; line 1 pos 7


-- !query
select '2011-11-11 11:11:11' - timestamp'2011-11-11 11:11:10'
-- !query schema
struct<>
-- !query output
org.apache.spark.sql.AnalysisException
cannot resolve '('2011-11-11 11:11:11' - TIMESTAMP '2011-11-11 11:11:10')' due to data type mismatch: argument 1 requires (timestamp or timestamp without time zone) type, however, ''2011-11-11 11:11:11'' is of string type.; line 1 pos 7


-- !query
select timestamp'2011-11-11 11:11:11' - null
-- !query schema
struct<(TIMESTAMP '2011-11-11 11:11:11' - NULL):interval day to second>
-- !query output
NULL


-- !query
select null - timestamp'2011-11-11 11:11:11'
-- !query schema
struct<(NULL - TIMESTAMP '2011-11-11 11:11:11'):interval day to second>
-- !query output
NULL


-- !query
create temporary view ts_view as select '2011-11-11 11:11:11' str
-- !query schema
struct<>
-- !query output



-- !query
select str - timestamp'2011-11-11 11:11:11' from ts_view
-- !query schema
struct<>
-- !query output
org.apache.spark.sql.AnalysisException
cannot resolve '(ts_view.str - TIMESTAMP '2011-11-11 11:11:11')' due to data type mismatch: argument 1 requires (timestamp or timestamp without time zone) type, however, 'ts_view.str' is of string type.; line 1 pos 7


-- !query
select timestamp'2011-11-11 11:11:11' - str from ts_view
-- !query schema
struct<>
-- !query output
org.apache.spark.sql.AnalysisException
cannot resolve '(TIMESTAMP '2011-11-11 11:11:11' - ts_view.str)' due to data type mismatch: argument 2 requires (timestamp or timestamp without time zone) type, however, 'ts_view.str' is of string type.; line 1 pos 7


-- !query
select timestamp'2011-11-11 11:11:11' + '1'
-- !query schema
struct<>
-- !query output
org.apache.spark.sql.AnalysisException
cannot resolve '(TIMESTAMP '2011-11-11 11:11:11' + CAST('1' AS DOUBLE))' due to data type mismatch: differing types in '(TIMESTAMP '2011-11-11 11:11:11' + CAST('1' AS DOUBLE))' (timestamp and double).; line 1 pos 7


-- !query
select '1' + timestamp'2011-11-11 11:11:11'
-- !query schema
struct<>
-- !query output
org.apache.spark.sql.AnalysisException
cannot resolve '(CAST('1' AS DOUBLE) + TIMESTAMP '2011-11-11 11:11:11')' due to data type mismatch: differing types in '(CAST('1' AS DOUBLE) + TIMESTAMP '2011-11-11 11:11:11')' (double and timestamp).; line 1 pos 7


-- !query
select timestamp'2011-11-11 11:11:11' + null
-- !query schema
struct<>
-- !query output
org.apache.spark.sql.AnalysisException
cannot resolve '(TIMESTAMP '2011-11-11 11:11:11' + NULL)' due to data type mismatch: differing types in '(TIMESTAMP '2011-11-11 11:11:11' + NULL)' (timestamp and void).; line 1 pos 7


-- !query
select null + timestamp'2011-11-11 11:11:11'
-- !query schema
struct<>
-- !query output
org.apache.spark.sql.AnalysisException
cannot resolve '(NULL + TIMESTAMP '2011-11-11 11:11:11')' due to data type mismatch: differing types in '(NULL + TIMESTAMP '2011-11-11 11:11:11')' (void and timestamp).; line 1 pos 7


-- !query
select timestamp'2011-11-11 11:11:11' + interval '2' day,
       timestamp'2011-11-11 11:11:11' - interval '2-2' year to month,
       timestamp'2011-11-11 11:11:11' + interval '-2' second,
       timestamp'2011-11-11 11:11:11' - interval '12:12:12.123456789' hour to second,
       - interval 2 years + timestamp'2011-11-11 11:11:11',
       interval '1 12' day to hour + timestamp'2011-11-11 11:11:11'
-- !query schema
struct<TIMESTAMP '2011-11-11 11:11:11' + INTERVAL '2' DAY:timestamp,TIMESTAMP '2011-11-11 11:11:11' - INTERVAL '2-2' YEAR TO MONTH:timestamp,TIMESTAMP '2011-11-11 11:11:11' + INTERVAL '-02' SECOND:timestamp,TIMESTAMP '2011-11-11 11:11:11' - INTERVAL '12:12:12.123456' HOUR TO SECOND:timestamp,TIMESTAMP '2011-11-11 11:11:11' + (- INTERVAL '2' YEAR):timestamp,TIMESTAMP '2011-11-11 11:11:11' + INTERVAL '1 12' DAY TO HOUR:timestamp>
-- !query output
2011-11-13 11:11:11	2009-09-11 11:11:11	2011-11-11 11:11:09	2011-11-10 22:58:58.876544	2009-11-11 11:11:11	2011-11-12 23:11:11


-- !query
select date '2012-01-01' - interval 3 hours,
       date '2012-01-01' + interval '12:12:12' hour to second,
       interval '2' minute + date '2012-01-01'
-- !query schema
struct<DATE '2012-01-01' - INTERVAL '03' HOUR:timestamp,DATE '2012-01-01' + INTERVAL '12:12:12' HOUR TO SECOND:timestamp,DATE '2012-01-01' + INTERVAL '02' MINUTE:timestamp>
-- !query output
2011-12-31 21:00:00	2012-01-01 12:12:12	2012-01-01 00:02:00


-- !query
select to_timestamp('2019-10-06 A', 'yyyy-MM-dd GGGGG')
-- !query schema
struct<to_timestamp(2019-10-06 A, yyyy-MM-dd GGGGG):timestamp>
-- !query output
NULL


-- !query
select to_timestamp('22 05 2020 Friday', 'dd MM yyyy EEEEEE')
-- !query schema
struct<to_timestamp(22 05 2020 Friday, dd MM yyyy EEEEEE):timestamp>
-- !query output
2020-05-22 00:00:00


-- !query
select to_timestamp('22 05 2020 Friday', 'dd MM yyyy EEEEE')
-- !query schema
struct<to_timestamp(22 05 2020 Friday, dd MM yyyy EEEEE):timestamp>
-- !query output
2020-05-22 00:00:00


-- !query
select unix_timestamp('22 05 2020 Friday', 'dd MM yyyy EEEEE')
-- !query schema
struct<unix_timestamp(22 05 2020 Friday, dd MM yyyy EEEEE):bigint>
-- !query output
1590130800


-- !query
select from_json('{"t":"26/October/2015"}', 't Timestamp', map('timestampFormat', 'dd/MMMMM/yyyy'))
-- !query schema
struct<from_json({"t":"26/October/2015"}):struct<t:timestamp>>
-- !query output
{"t":2015-10-26 00:00:00}


-- !query
select from_csv('26/October/2015', 't Timestamp', map('timestampFormat', 'dd/MMMMM/yyyy'))
-- !query schema
struct<from_csv(26/October/2015):struct<t:timestamp>>
-- !query output
{"t":2015-10-26 00:00:00}


-- !query
select timestampadd('MONTH', -1, timestamp'2022-02-14 01:02:03')
-- !query schema
struct<timestampadd(MONTH, -1, TIMESTAMP '2022-02-14 01:02:03'):timestamp>
-- !query output
2022-01-14 01:02:03


-- !query
select timestampadd(MINUTE, 58, timestamp'2022-02-14 01:02:03')
-- !query schema
struct<timestampadd(MINUTE, 58, TIMESTAMP '2022-02-14 01:02:03'):timestamp>
-- !query output
2022-02-14 02:00:03


-- !query
select timestampadd(YEAR, 1, date'2022-02-15')
-- !query schema
struct<timestampadd(YEAR, 1, DATE '2022-02-15'):timestamp>
-- !query output
2023-02-15 00:00:00


-- !query
select timestampadd('SECOND', -1, date'2022-02-15')
-- !query schema
struct<timestampadd(SECOND, -1, DATE '2022-02-15'):timestamp>
-- !query output
2022-02-14 23:59:59


-- !query
select timestampdiff('MONTH', timestamp'2022-02-14 01:02:03', timestamp'2022-01-14 01:02:03')
-- !query schema
struct<timestampdiff(MONTH, TIMESTAMP '2022-02-14 01:02:03', TIMESTAMP '2022-01-14 01:02:03'):bigint>
-- !query output
-1


-- !query
select timestampdiff(MINUTE, timestamp'2022-02-14 01:02:03', timestamp'2022-02-14 02:00:03')
-- !query schema
struct<timestampdiff(MINUTE, TIMESTAMP '2022-02-14 01:02:03', TIMESTAMP '2022-02-14 02:00:03'):bigint>
-- !query output
58


-- !query
select timestampdiff(YEAR, date'2022-02-15', date'2023-02-15')
-- !query schema
struct<timestampdiff(YEAR, DATE '2022-02-15', DATE '2023-02-15'):bigint>
-- !query output
1


-- !query
select timestampdiff('SECOND', date'2022-02-15', timestamp'2022-02-14 23:59:59')
-- !query schema
struct<timestampdiff(SECOND, DATE '2022-02-15', TIMESTAMP '2022-02-14 23:59:59'):bigint>
-- !query output
-1
