-- Automatically generated by SQLQueryTestSuite
-- !query
create temporary view t1 as select * from values
  ("one", 1),
  ("two", 2),
  ("three", 3),
  ("one", NULL)
  as t1(k, v)
-- !query schema
struct<>
-- !query output



-- !query
create temporary view t2 as select * from values
  ("one", 1),
  ("two", 22),
  ("one", 5),
  ("one", NULL),
  (NULL, 5)
  as t2(k, v)
-- !query schema
struct<>
-- !query output



-- !query
SELECT * FROM t1 EXCEPT SELECT * FROM t2
-- !query schema
struct<k:string,v:int>
-- !query output
three	3
two	2


-- !query
SELECT * FROM t1 EXCEPT SELECT * FROM t1 where v <> 1 and v <> 2
-- !query schema
struct<k:string,v:int>
-- !query output
one	1
one	NULL
two	2


-- !query
SELECT * FROM t1 where v <> 1 and v <> 22 EXCEPT SELECT * FROM t1 where v <> 2 and v >= 3
-- !query schema
struct<k:string,v:int>
-- !query output
two	2


-- !query
SELECT t1.* FROM t1, t2 where t1.k = t2.k
EXCEPT
SELECT t1.* FROM t1, t2 where t1.k = t2.k and t1.k != 'one'
-- !query schema
struct<k:string,v:int>
-- !query output
one	1
one	NULL


-- !query
SELECT * FROM t2 where v >= 1 and v <> 22 EXCEPT SELECT * FROM t1
-- !query schema
struct<k:string,v:int>
-- !query output
NULL	5
one	5


-- !query
SELECT (SELECT min(k) FROM t2 WHERE t2.k = t1.k) min_t2 FROM t1
MINUS
SELECT (SELECT min(k) FROM t2) abs_min_t2 FROM t1 WHERE  t1.k = 'one'
-- !query schema
struct<min_t2:string>
-- !query output
NULL
two


-- !query
SELECT t1.k
FROM   t1
WHERE  t1.v <= (SELECT   max(t2.v)
                FROM     t2
                WHERE    t2.k = t1.k)
MINUS
SELECT t1.k
FROM   t1
WHERE  t1.v >= (SELECT   min(t2.v)
                FROM     t2
                WHERE    t2.k = t1.k)
-- !query schema
struct<k:string>
-- !query output
two


-- !query
CREATE OR REPLACE TEMPORARY VIEW t3 AS VALUES (decimal(1)) tbl(v)
-- !query schema
struct<>
-- !query output



-- !query
SELECT t.v FROM (
  SELECT v FROM t3
  EXCEPT
  SELECT v + v AS v FROM t3
) t
-- !query schema
struct<v:decimal(11,0)>
-- !query output
1


-- !query
SELECT SUM(t.v) FROM (
  SELECT v FROM t3
  EXCEPT
  SELECT v + v AS v FROM t3
) t
-- !query schema
struct<sum(v):decimal(21,0)>
-- !query output
1


-- !query
DROP VIEW IF EXISTS t1
-- !query schema
struct<>
-- !query output



-- !query
DROP VIEW IF EXISTS t2
-- !query schema
struct<>
-- !query output



-- !query
DROP VIEW IF EXISTS t3
-- !query schema
struct<>
-- !query output

