-- Automatically generated by SQLQueryTestSuite
-- !query
CREATE TEMPORARY VIEW tbl_view AS SELECT * FROM VALUES
  (10, 'name1', named_struct('f1', 1, 's2', named_struct('f2', 101, 'f3', 'a'))),
  (20, 'name2', named_struct('f1', 2, 's2', named_struct('f2', 202, 'f3', 'b'))),
  (30, 'name3', named_struct('f1', 3, 's2', named_struct('f2', 303, 'f3', 'c'))),
  (40, 'name4', named_struct('f1', 4, 's2', named_struct('f2', 404, 'f3', 'd'))),
  (50, 'name5', named_struct('f1', 5, 's2', named_struct('f2', 505, 'f3', 'e'))),
  (60, 'name6', named_struct('f1', 6, 's2', named_struct('f2', 606, 'f3', 'f'))),
  (70, 'name7', named_struct('f1', 7, 's2', named_struct('f2', 707, 'f3', 'g')))
AS tbl_view(id, name, data)
-- !query schema
struct<>
-- !query output



-- !query
CREATE TABLE x (id INT) USING csv
-- !query schema
struct<>
-- !query output



-- !query
DECLARE sql_string STRING
-- !query schema
struct<>
-- !query output



-- !query
SET VAR sql_string = 'SELECT * from tbl_view where name = \'name1\''
-- !query schema
struct<>
-- !query output



-- !query
EXECUTE IMMEDIATE 'SET spark.sql.ansi.enabled=true'
-- !query schema
struct<key:string,value:string>
-- !query output
spark.sql.ansi.enabled	true


-- !query
EXECUTE IMMEDIATE 'CREATE TEMPORARY VIEW IDENTIFIER(:tblName) AS SELECT id, name FROM tbl_view' USING 'tbl_view_tmp' as tblName
-- !query schema
struct<>
-- !query output



-- !query
EXECUTE IMMEDIATE 'SELECT * FROM tbl_view_tmp'
-- !query schema
struct<id:int,name:string>
-- !query output
10	name1
20	name2
30	name3
40	name4
50	name5
60	name6
70	name7


-- !query
EXECUTE IMMEDIATE 'REFRESH TABLE IDENTIFIER(:tblName)' USING 'x' as tblName
-- !query schema
struct<>
-- !query output



-- !query
EXECUTE IMMEDIATE sql_string
-- !query schema
struct<id:int,name:string,data:struct<f1:int,s2:struct<f2:int,f3:string>>>
-- !query output
10	name1	{"f1":1,"s2":{"f2":101,"f3":"a"}}


-- !query
EXECUTE IMMEDIATE 'SELECT * from tbl_view where name = \'name1\''
-- !query schema
struct<id:int,name:string,data:struct<f1:int,s2:struct<f2:int,f3:string>>>
-- !query output
10	name1	{"f1":1,"s2":{"f2":101,"f3":"a"}}


-- !query
SET VAR sql_string = 'SELECT * from tbl_view where name = ? or name = ?'
-- !query schema
struct<>
-- !query output



-- !query
DECLARE a STRING
-- !query schema
struct<>
-- !query output



-- !query
SET VAR a = 'name1'
-- !query schema
struct<>
-- !query output



-- !query
EXECUTE IMMEDIATE sql_string USING 'name1', 'name3'
-- !query schema
struct<id:int,name:string,data:struct<f1:int,s2:struct<f2:int,f3:string>>>
-- !query output
10	name1	{"f1":1,"s2":{"f2":101,"f3":"a"}}
30	name3	{"f1":3,"s2":{"f2":303,"f3":"c"}}


-- !query
EXECUTE IMMEDIATE sql_string USING a, 'name2'
-- !query schema
struct<id:int,name:string,data:struct<f1:int,s2:struct<f2:int,f3:string>>>
-- !query output
10	name1	{"f1":1,"s2":{"f2":101,"f3":"a"}}
20	name2	{"f1":2,"s2":{"f2":202,"f3":"b"}}


-- !query
EXECUTE IMMEDIATE 'SELECT * from tbl_view where name = ? or name = ?' USING 'name1', 'name3'
-- !query schema
struct<id:int,name:string,data:struct<f1:int,s2:struct<f2:int,f3:string>>>
-- !query output
10	name1	{"f1":1,"s2":{"f2":101,"f3":"a"}}
30	name3	{"f1":3,"s2":{"f2":303,"f3":"c"}}


-- !query
EXECUTE IMMEDIATE 'SELECT * from tbl_view where name = ? or name = ?' USING a, 'name2'
-- !query schema
struct<id:int,name:string,data:struct<f1:int,s2:struct<f2:int,f3:string>>>
-- !query output
10	name1	{"f1":1,"s2":{"f2":101,"f3":"a"}}
20	name2	{"f1":2,"s2":{"f2":202,"f3":"b"}}


-- !query
EXECUTE IMMEDIATE 'SELECT * from tbl_view where name = ? or name = ?' USING (a, 'name2')
-- !query schema
struct<id:int,name:string,data:struct<f1:int,s2:struct<f2:int,f3:string>>>
-- !query output
10	name1	{"f1":1,"s2":{"f2":101,"f3":"a"}}
20	name2	{"f1":2,"s2":{"f2":202,"f3":"b"}}


-- !query
EXECUTE IMMEDIATE 'INSERT INTO x VALUES(?)' USING 1
-- !query schema
struct<>
-- !query output



-- !query
SELECT * from x
-- !query schema
struct<id:int>
-- !query output
1


-- !query
SET VAR sql_string = 'SELECT * from tbl_view where name = :first or id = :second'
-- !query schema
struct<>
-- !query output



-- !query
DECLARE b INT
-- !query schema
struct<>
-- !query output



-- !query
SET VAR b = 40
-- !query schema
struct<>
-- !query output



-- !query
EXECUTE IMMEDIATE sql_string USING 40 as second, 'name7' as first
-- !query schema
struct<id:int,name:string,data:struct<f1:int,s2:struct<f2:int,f3:string>>>
-- !query output
40	name4	{"f1":4,"s2":{"f2":404,"f3":"d"}}
70	name7	{"f1":7,"s2":{"f2":707,"f3":"g"}}


-- !query
EXECUTE IMMEDIATE sql_string USING b as second, 'name7' as first
-- !query schema
struct<id:int,name:string,data:struct<f1:int,s2:struct<f2:int,f3:string>>>
-- !query output
40	name4	{"f1":4,"s2":{"f2":404,"f3":"d"}}
70	name7	{"f1":7,"s2":{"f2":707,"f3":"g"}}


-- !query
EXECUTE IMMEDIATE 'SELECT * from tbl_view where name = :first or id = :second' USING 40 as second, 'name7' as first
-- !query schema
struct<id:int,name:string,data:struct<f1:int,s2:struct<f2:int,f3:string>>>
-- !query output
40	name4	{"f1":4,"s2":{"f2":404,"f3":"d"}}
70	name7	{"f1":7,"s2":{"f2":707,"f3":"g"}}


-- !query
EXECUTE IMMEDIATE 'SELECT * from tbl_view where name = :first or id = :second' USING 'name7' as first, b as second
-- !query schema
struct<id:int,name:string,data:struct<f1:int,s2:struct<f2:int,f3:string>>>
-- !query output
40	name4	{"f1":4,"s2":{"f2":404,"f3":"d"}}
70	name7	{"f1":7,"s2":{"f2":707,"f3":"g"}}


-- !query
EXECUTE IMMEDIATE 'SELECT tbl_view.*, :first as p FROM tbl_view WHERE name = :first' USING 'name7' as first
-- !query schema
struct<id:int,name:string,data:struct<f1:int,s2:struct<f2:int,f3:string>>,p:string>
-- !query output
70	name7	{"f1":7,"s2":{"f2":707,"f3":"g"}}	name7


-- !query
EXECUTE IMMEDIATE 'SET VAR sql_string = ?' USING 'SELECT id from tbl_view where name = :first'
-- !query schema
struct<>
-- !query output



-- !query
SELECT sql_string
-- !query schema
struct<sql_string:string>
-- !query output
SELECT id from tbl_view where name = :first


-- !query
DECLARE res_id INT
-- !query schema
struct<>
-- !query output



-- !query
EXECUTE IMMEDIATE sql_string INTO res_id USING 'name7' as first
-- !query schema
struct<>
-- !query output



-- !query
SELECT res_id
-- !query schema
struct<res_id:int>
-- !query output
70


-- !query
EXECUTE IMMEDIATE sql_string INTO res_id USING a as first
-- !query schema
struct<>
-- !query output



-- !query
SELECT res_id
-- !query schema
struct<res_id:int>
-- !query output
10


-- !query
SET VAR sql_string = 'SELECT * from tbl_view where name = :first or id = :second'
-- !query schema
struct<>
-- !query output



-- !query
EXECUTE IMMEDIATE 'SELECT 42' INTO res_id
-- !query schema
struct<>
-- !query output



-- !query
SELECT res_id
-- !query schema
struct<res_id:int>
-- !query output
42


-- !query
EXECUTE IMMEDIATE 'SELECT id, name FROM tbl_view WHERE id = ?' INTO b, a USING 10
-- !query schema
struct<>
-- !query output



-- !query
SELECT b, a
-- !query schema
struct<b:int,a:string>
-- !query output
10	name1


-- !query
EXECUTE IMMEDIATE 'SELECT * FROM tbl_view where id = ? AND name = ?' USING b as first, a
-- !query schema
struct<id:int,name:string,data:struct<f1:int,s2:struct<f2:int,f3:string>>>
-- !query output
10	name1	{"f1":1,"s2":{"f2":101,"f3":"a"}}


-- !query
EXECUTE IMMEDIATE 'SELECT 42 WHERE 2 = 1' INTO res_id
-- !query schema
struct<>
-- !query output



-- !query
SELECT res_id
-- !query schema
struct<res_id:int>
-- !query output
NULL


-- !query
EXECUTE IMMEDIATE 'SELECT \'1707\'' INTO res_id
-- !query schema
struct<>
-- !query output



-- !query
SELECT res_id
-- !query schema
struct<res_id:int>
-- !query output
1707


-- !query
EXECUTE IMMEDIATE 'SELECT \'invalid_cast_error_expected\'' INTO res_id
-- !query schema
struct<>
-- !query output
org.apache.spark.SparkNumberFormatException
{
  "errorClass" : "CAST_INVALID_INPUT",
  "sqlState" : "22018",
  "messageParameters" : {
    "ansiConfig" : "\"spark.sql.ansi.enabled\"",
    "expression" : "'invalid_cast_error_expected'",
    "sourceType" : "\"STRING\"",
    "targetType" : "\"INT\""
  },
  "queryContext" : [ {
    "objectType" : "",
    "objectName" : "",
    "startIndex" : 1,
    "stopIndex" : 70,
    "fragment" : "EXECUTE IMMEDIATE 'SELECT \\'invalid_cast_error_expected\\'' INTO res_id"
  } ]
}


-- !query
EXECUTE IMMEDIATE 'INSERT INTO x VALUES (?)' INTO res_id USING 1
-- !query schema
struct<>
-- !query output
org.apache.spark.sql.AnalysisException
{
  "errorClass" : "INVALID_STATEMENT_FOR_EXECUTE_INTO",
  "sqlState" : "07501",
  "messageParameters" : {
    "sqlString" : "INSERT INTO X VALUES (?)"
  }
}


-- !query
EXECUTE IMMEDIATE 'SELECT * FROM tbl_view WHERE ? = id' USING id
-- !query schema
struct<>
-- !query output
org.apache.spark.sql.AnalysisException
{
  "errorClass" : "UNRESOLVED_VARIABLE",
  "sqlState" : "42883",
  "messageParameters" : {
    "searchPath" : "`system`.`session`",
    "variableName" : "`id`"
  },
  "queryContext" : [ {
    "objectType" : "",
    "objectName" : "",
    "startIndex" : 63,
    "stopIndex" : 64,
    "fragment" : "id"
  } ]
}


-- !query
EXECUTE IMMEDIATE 'SELECT * FROM tbl_view where ? = id and :first = name' USING 1, 'name2' as first
-- !query schema
struct<>
-- !query output
org.apache.spark.sql.AnalysisException
{
  "errorClass" : "INVALID_QUERY_MIXED_QUERY_PARAMETERS",
  "sqlState" : "42613"
}


-- !query
EXECUTE IMMEDIATE 'SELECT * FROM tbl_view where :first = name' USING 1, 'name2' as first
-- !query schema
struct<>
-- !query output
org.apache.spark.sql.AnalysisException
{
  "errorClass" : "ALL_PARAMETERS_MUST_BE_NAMED",
  "sqlState" : "07001",
  "messageParameters" : {
    "exprs" : "\"1\""
  }
}


-- !query
EXECUTE IMMEDIATE 'SELCT Fa'
-- !query schema
struct<>
-- !query output
org.apache.spark.sql.catalyst.parser.ParseException
{
  "errorClass" : "PARSE_SYNTAX_ERROR",
  "sqlState" : "42601",
  "messageParameters" : {
    "error" : "'SELCT'",
    "hint" : ""
  },
  "queryContext" : [ {
    "objectType" : "",
    "objectName" : "",
    "startIndex" : 1,
    "stopIndex" : 28,
    "fragment" : "EXECUTE IMMEDIATE 'SELCT Fa'"
  } ]
}


-- !query
EXECUTE IMMEDIATE 'SELCT Fa' INTO res_id
-- !query schema
struct<>
-- !query output
org.apache.spark.sql.catalyst.parser.ParseException
{
  "errorClass" : "PARSE_SYNTAX_ERROR",
  "sqlState" : "42601",
  "messageParameters" : {
    "error" : "'SELCT'",
    "hint" : ""
  },
  "queryContext" : [ {
    "objectType" : "",
    "objectName" : "",
    "startIndex" : 1,
    "stopIndex" : 40,
    "fragment" : "EXECUTE IMMEDIATE 'SELCT Fa' INTO res_id"
  } ]
}


-- !query
EXECUTE IMMEDIATE b
-- !query schema
struct<>
-- !query output
org.apache.spark.sql.AnalysisException
{
  "errorClass" : "INVALID_VARIABLE_TYPE_FOR_QUERY_EXECUTE_IMMEDIATE",
  "sqlState" : "42K09",
  "messageParameters" : {
    "varType" : "\"INT\""
  }
}


-- !query
SET VAR sql_string = 'SELECT * from tbl_view where name = :first or id = :second'
-- !query schema
struct<>
-- !query output



-- !query
SET VAR a = 'na'
-- !query schema
struct<>
-- !query output



-- !query
EXECUTE IMMEDIATE 'SELECT * from tbl_view where name = :first' USING CONCAT(a , "me1") as first
-- !query schema
struct<>
-- !query output
org.apache.spark.sql.AnalysisException
{
  "errorClass" : "UNSUPPORTED_EXPR_FOR_PARAMETER",
  "sqlState" : "42K0E",
  "messageParameters" : {
    "invalidExprSql" : "\"CONCAT(a, me1)\""
  },
  "queryContext" : [ {
    "objectType" : "",
    "objectName" : "",
    "startIndex" : 70,
    "stopIndex" : 86,
    "fragment" : "CONCAT(a , \"me1\")"
  } ]
}


-- !query
EXECUTE IMMEDIATE 'SELECT * from tbl_view where name = :first' USING (SELECT 42) as first, 'name2' as second
-- !query schema
struct<>
-- !query output
org.apache.spark.sql.AnalysisException
{
  "errorClass" : "UNSUPPORTED_EXPR_FOR_PARAMETER",
  "sqlState" : "42K0E",
  "messageParameters" : {
    "invalidExprSql" : "\"scalarsubquery()\""
  },
  "queryContext" : [ {
    "objectType" : "",
    "objectName" : "",
    "startIndex" : 70,
    "stopIndex" : 80,
    "fragment" : "(SELECT 42)"
  } ]
}


-- !query
EXECUTE IMMEDIATE 'SELECT id, name FROM tbl_view WHERE id = ?' INTO a, b USING 10
-- !query schema
struct<>
-- !query output
org.apache.spark.SparkNumberFormatException
{
  "errorClass" : "CAST_INVALID_INPUT",
  "sqlState" : "22018",
  "messageParameters" : {
    "ansiConfig" : "\"spark.sql.ansi.enabled\"",
    "expression" : "'name1'",
    "sourceType" : "\"STRING\"",
    "targetType" : "\"INT\""
  },
  "queryContext" : [ {
    "objectType" : "",
    "objectName" : "",
    "startIndex" : 1,
    "stopIndex" : 81,
    "fragment" : "EXECUTE IMMEDIATE 'SELECT id, name FROM tbl_view WHERE id = ?' INTO a, b USING 10"
  } ]
}


-- !query
EXECUTE IMMEDIATE 'SELECT id, name FROM tbl_view WHERE id = ?' INTO (a, b) USING 10
-- !query schema
struct<>
-- !query output
org.apache.spark.sql.catalyst.parser.ParseException
{
  "errorClass" : "PARSE_SYNTAX_ERROR",
  "sqlState" : "42601",
  "messageParameters" : {
    "error" : "'('",
    "hint" : ""
  }
}


-- !query
EXECUTE IMMEDIATE 'SELECT id FROM tbl_view' INTO res_id
-- !query schema
struct<>
-- !query output
org.apache.spark.SparkException
{
  "errorClass" : "ROW_SUBQUERY_TOO_MANY_ROWS",
  "sqlState" : "21000"
}


-- !query
EXECUTE IMMEDIATE 'SELECT id, data.f1 FROM tbl_view' INTO res_id
-- !query schema
struct<>
-- !query output
org.apache.spark.sql.AnalysisException
{
  "errorClass" : "ASSIGNMENT_ARITY_MISMATCH",
  "sqlState" : "42802",
  "messageParameters" : {
    "numExpr" : "2",
    "numTarget" : "1"
  }
}


-- !query
EXECUTE IMMEDIATE 'SELECT id FROM tbl_view' INTO res_id, b
-- !query schema
struct<>
-- !query output
org.apache.spark.sql.AnalysisException
{
  "errorClass" : "ASSIGNMENT_ARITY_MISMATCH",
  "sqlState" : "42802",
  "messageParameters" : {
    "numExpr" : "1",
    "numTarget" : "2"
  }
}


-- !query
EXECUTE IMMEDIATE 'SELECT id FROM tbl_view WHERE id = :first' USING 10 as first, 20 as first
-- !query schema
struct<>
-- !query output
org.apache.spark.sql.catalyst.parser.ParseException
{
  "errorClass" : "EXEC_IMMEDIATE_DUPLICATE_ARGUMENT_ALIASES",
  "sqlState" : "42701",
  "messageParameters" : {
    "aliases" : "`first`"
  },
  "queryContext" : [ {
    "objectType" : "",
    "objectName" : "",
    "startIndex" : 63,
    "stopIndex" : 92,
    "fragment" : "USING 10 as first, 20 as first"
  } ]
}


-- !query
DECLARE p = 10
-- !query schema
struct<>
-- !query output



-- !query
EXECUTE IMMEDIATE 'SELECT id FROM tbl_view WHERE id = :p' USING p
-- !query schema
struct<id:int>
-- !query output
10


-- !query
EXECUTE IMMEDIATE 'SELECT id FROM tbl_view WHERE id = :p' USING p, 'p'
-- !query schema
struct<>
-- !query output
org.apache.spark.sql.AnalysisException
{
  "errorClass" : "ALL_PARAMETERS_MUST_BE_NAMED",
  "sqlState" : "07001",
  "messageParameters" : {
    "exprs" : "\"p\""
  }
}


-- !query
EXECUTE IMMEDIATE 'SELECT id, data.f1 FROM tbl_view WHERE id = 10' INTO res_id, res_id
-- !query schema
struct<>
-- !query output
org.apache.spark.sql.AnalysisException
{
  "errorClass" : "DUPLICATE_ASSIGNMENTS",
  "sqlState" : "42701",
  "messageParameters" : {
    "nameList" : "`res_id`"
  }
}


-- !query
EXECUTE IMMEDIATE 'EXECUTE IMMEDIATE \'SELECT id FROM tbl_view WHERE id = ? USING 10\''
-- !query schema
struct<>
-- !query output
org.apache.spark.sql.AnalysisException
{
  "errorClass" : "NESTED_EXECUTE_IMMEDIATE",
  "sqlState" : "07501",
  "messageParameters" : {
    "sqlString" : "EXECUTE IMMEDIATE 'SELECT ID FROM TBL_VIEW WHERE ID = ? USING 10'"
  }
}


-- !query
DROP TABLE x
-- !query schema
struct<>
-- !query output

