-- Automatically generated by SQLQueryTestSuite
-- Number of queries: 65


-- !query
CREATE TEMPORARY VIEW t AS select '2011-05-06 07:08:09.1234567' as c, interval 10 year 20 month 30 day 40 hour 50 minute 6.7890 second as i
-- !query schema
struct<>
-- !query output



-- !query
select extract(millennium from c) from t
-- !query schema
struct<extract('millennium' FROM t.`c`):int>
-- !query output
3


-- !query
select extract(millennia from c) from t
-- !query schema
struct<extract('millennia' FROM t.`c`):int>
-- !query output
3


-- !query
select extract(mil from c) from t
-- !query schema
struct<extract('mil' FROM t.`c`):int>
-- !query output
3


-- !query
select extract(mils from c) from t
-- !query schema
struct<extract('mils' FROM t.`c`):int>
-- !query output
3


-- !query
select extract(century from c) from t
-- !query schema
struct<extract('century' FROM t.`c`):int>
-- !query output
21


-- !query
select extract(centuries from c) from t
-- !query schema
struct<extract('centuries' FROM t.`c`):int>
-- !query output
21


-- !query
select extract(c from c) from t
-- !query schema
struct<extract('c' FROM t.`c`):int>
-- !query output
21


-- !query
select extract(cent from c)from t
-- !query schema
struct<extract('cent' FROM t.`c`):int>
-- !query output
21


-- !query
select extract(decade from c) from t
-- !query schema
struct<extract('decade' FROM t.`c`):int>
-- !query output
201


-- !query
select extract(decades from c) from t
-- !query schema
struct<extract('decades' FROM t.`c`):int>
-- !query output
201


-- !query
select extract(dec from c) from t
-- !query schema
struct<extract('dec' FROM t.`c`):int>
-- !query output
201


-- !query
select extract(decs from c) from t
-- !query schema
struct<extract('decs' FROM t.`c`):int>
-- !query output
201


-- !query
select extract(year from c), extract(year from i) from t
-- !query schema
struct<extract('year' FROM t.`c`):int,extract('year' FROM t.`i`):int>
-- !query output
2011	11


-- !query
select extract(y from c), extract(y from i) from t
-- !query schema
struct<extract('y' FROM t.`c`):int,extract('y' FROM t.`i`):int>
-- !query output
2011	11


-- !query
select extract(years from c), extract(years from i) from t
-- !query schema
struct<extract('years' FROM t.`c`):int,extract('years' FROM t.`i`):int>
-- !query output
2011	11


-- !query
select extract(yr from c), extract(yr from i) from t
-- !query schema
struct<extract('yr' FROM t.`c`):int,extract('yr' FROM t.`i`):int>
-- !query output
2011	11


-- !query
select extract(yrs from c), extract(yrs from i) from t
-- !query schema
struct<extract('yrs' FROM t.`c`):int,extract('yrs' FROM t.`i`):int>
-- !query output
2011	11


-- !query
select extract(isoyear from c) from t
-- !query schema
struct<extract('isoyear' FROM t.`c`):int>
-- !query output
2011


-- !query
select extract(quarter from c) from t
-- !query schema
struct<extract('quarter' FROM t.`c`):int>
-- !query output
2


-- !query
select extract(qtr from c) from t
-- !query schema
struct<extract('qtr' FROM t.`c`):int>
-- !query output
2


-- !query
select extract(month from c), extract(month from i) from t
-- !query schema
struct<extract('month' FROM t.`c`):int,extract('month' FROM t.`i`):tinyint>
-- !query output
5	8


-- !query
select extract(mon from c), extract(mon from i) from t
-- !query schema
struct<extract('mon' FROM t.`c`):int,extract('mon' FROM t.`i`):tinyint>
-- !query output
5	8


-- !query
select extract(mons from c), extract(mons from i) from t
-- !query schema
struct<extract('mons' FROM t.`c`):int,extract('mons' FROM t.`i`):tinyint>
-- !query output
5	8


-- !query
select extract(months from c), extract(months from i) from t
-- !query schema
struct<extract('months' FROM t.`c`):int,extract('months' FROM t.`i`):tinyint>
-- !query output
5	8


-- !query
select extract(week from c) from t
-- !query schema
struct<extract('week' FROM t.`c`):int>
-- !query output
18


-- !query
select extract(w from c) from t
-- !query schema
struct<extract('w' FROM t.`c`):int>
-- !query output
18


-- !query
select extract(weeks from c) from t
-- !query schema
struct<extract('weeks' FROM t.`c`):int>
-- !query output
18


-- !query
select extract(day from c), extract(day from i) from t
-- !query schema
struct<extract('day' FROM t.`c`):int,extract('day' FROM t.`i`):int>
-- !query output
6	30


-- !query
select extract(d from c), extract(d from i) from t
-- !query schema
struct<extract('d' FROM t.`c`):int,extract('d' FROM t.`i`):int>
-- !query output
6	30


-- !query
select extract(days from c), extract(days from i) from t
-- !query schema
struct<extract('days' FROM t.`c`):int,extract('days' FROM t.`i`):int>
-- !query output
6	30


-- !query
select extract(dayofweek from c) from t
-- !query schema
struct<extract('dayofweek' FROM t.`c`):int>
-- !query output
6


-- !query
select extract(dow from c) from t
-- !query schema
struct<extract('dow' FROM t.`c`):int>
-- !query output
5


-- !query
select extract(isodow from c) from t
-- !query schema
struct<extract('isodow' FROM t.`c`):int>
-- !query output
5


-- !query
select extract(doy from c) from t
-- !query schema
struct<extract('doy' FROM t.`c`):int>
-- !query output
126


-- !query
select extract(hour from c), extract(hour from i) from t
-- !query schema
struct<extract('hour' FROM t.`c`):int,extract('hour' FROM t.`i`):bigint>
-- !query output
7	40


-- !query
select extract(h from c), extract(h from i) from t
-- !query schema
struct<extract('h' FROM t.`c`):int,extract('h' FROM t.`i`):bigint>
-- !query output
7	40


-- !query
select extract(hours from c), extract(hours from i) from t
-- !query schema
struct<extract('hours' FROM t.`c`):int,extract('hours' FROM t.`i`):bigint>
-- !query output
7	40


-- !query
select extract(hr from c), extract(hr from i) from t
-- !query schema
struct<extract('hr' FROM t.`c`):int,extract('hr' FROM t.`i`):bigint>
-- !query output
7	40


-- !query
select extract(hrs from c), extract(hrs from i) from t
-- !query schema
struct<extract('hrs' FROM t.`c`):int,extract('hrs' FROM t.`i`):bigint>
-- !query output
7	40


-- !query
select extract(minute from c), extract(minute from i) from t
-- !query schema
struct<extract('minute' FROM t.`c`):int,extract('minute' FROM t.`i`):tinyint>
-- !query output
8	50


-- !query
select extract(m from c), extract(m from i) from t
-- !query schema
struct<extract('m' FROM t.`c`):int,extract('m' FROM t.`i`):tinyint>
-- !query output
8	50


-- !query
select extract(min from c), extract(min from i) from t
-- !query schema
struct<extract('min' FROM t.`c`):int,extract('min' FROM t.`i`):tinyint>
-- !query output
8	50


-- !query
select extract(mins from c), extract(mins from i) from t
-- !query schema
struct<extract('mins' FROM t.`c`):int,extract('mins' FROM t.`i`):tinyint>
-- !query output
8	50


-- !query
select extract(minutes from c), extract(minutes from i) from t
-- !query schema
struct<extract('minutes' FROM t.`c`):int,extract('minutes' FROM t.`i`):tinyint>
-- !query output
8	50


-- !query
select extract(second from c), extract(second from i) from t
-- !query schema
struct<extract('second' FROM t.`c`):decimal(8,6),extract('second' FROM t.`i`):decimal(8,6)>
-- !query output
9.123456	6.789000


-- !query
select extract(s from c), extract(s from i) from t
-- !query schema
struct<extract('s' FROM t.`c`):decimal(8,6),extract('s' FROM t.`i`):decimal(8,6)>
-- !query output
9.123456	6.789000


-- !query
select extract(sec from c), extract(sec from i) from t
-- !query schema
struct<extract('sec' FROM t.`c`):decimal(8,6),extract('sec' FROM t.`i`):decimal(8,6)>
-- !query output
9.123456	6.789000


-- !query
select extract(seconds from c), extract(seconds from i) from t
-- !query schema
struct<extract('seconds' FROM t.`c`):decimal(8,6),extract('seconds' FROM t.`i`):decimal(8,6)>
-- !query output
9.123456	6.789000


-- !query
select extract(secs from c), extract(secs from i) from t
-- !query schema
struct<extract('secs' FROM t.`c`):decimal(8,6),extract('secs' FROM t.`i`):decimal(8,6)>
-- !query output
9.123456	6.789000


-- !query
select extract(milliseconds from c) from t
-- !query schema
struct<extract('milliseconds' FROM t.`c`):decimal(8,3)>
-- !query output
9123.456


-- !query
select extract(msec from c) from t
-- !query schema
struct<extract('msec' FROM t.`c`):decimal(8,3)>
-- !query output
9123.456


-- !query
select extract(msecs from c) from t
-- !query schema
struct<extract('msecs' FROM t.`c`):decimal(8,3)>
-- !query output
9123.456


-- !query
select extract(millisecon from c) from t
-- !query schema
struct<extract('millisecon' FROM t.`c`):decimal(8,3)>
-- !query output
9123.456


-- !query
select extract(mseconds from c) from t
-- !query schema
struct<extract('mseconds' FROM t.`c`):decimal(8,3)>
-- !query output
9123.456


-- !query
select extract(ms from c) from t
-- !query schema
struct<extract('ms' FROM t.`c`):decimal(8,3)>
-- !query output
9123.456


-- !query
select extract(microseconds from c) from t
-- !query schema
struct<extract('microseconds' FROM t.`c`):int>
-- !query output
9123456


-- !query
select extract(usec from c) from t
-- !query schema
struct<extract('usec' FROM t.`c`):int>
-- !query output
9123456


-- !query
select extract(usecs from c) from t
-- !query schema
struct<extract('usecs' FROM t.`c`):int>
-- !query output
9123456


-- !query
select extract(useconds from c) from t
-- !query schema
struct<extract('useconds' FROM t.`c`):int>
-- !query output
9123456


-- !query
select extract(microsecon from c) from t
-- !query schema
struct<extract('microsecon' FROM t.`c`):int>
-- !query output
9123456


-- !query
select extract(us from c) from t
-- !query schema
struct<extract('us' FROM t.`c`):int>
-- !query output
9123456


-- !query
select extract(epoch from c) from t
-- !query schema
struct<extract('epoch' FROM t.`c`):decimal(20,6)>
-- !query output
1304665689.123456


-- !query
select extract(not_supported from c) from t
-- !query schema
struct<>
-- !query output
org.apache.spark.sql.AnalysisException
Literals of type 'not_supported' are currently not supported for the string type.;; line 1 pos 7


-- !query
select extract(not_supported from i) from t
-- !query schema
struct<>
-- !query output
org.apache.spark.sql.AnalysisException
Literals of type 'not_supported' are currently not supported for the interval type.;; line 1 pos 7
