-- Automatically generated by SQLQueryTestSuite
-- !query
CREATE OR REPLACE TEMPORARY VIEW testData AS SELECT * FROM VALUES
(1, 1), (1, 2), (2, 1), (2, 2), (3, 1), (3, 2), (null, 1), (3, null), (null, null)
AS testData(a, b)
-- !query schema
struct<>
-- !query output



-- !query
CREATE OR REPLACE TEMPORARY VIEW EMP AS SELECT * FROM VALUES
  (100, "emp 1", date "2005-01-01", 100.00D, 10),
  (100, "emp 1", date "2005-01-01", 100.00D, 10),
  (200, "emp 2", date "2003-01-01", 200.00D, 10),
  (300, "emp 3", date "2002-01-01", 300.00D, 20),
  (400, "emp 4", date "2005-01-01", 400.00D, 30),
  (500, "emp 5", date "2001-01-01", 400.00D, NULL),
  (600, "emp 6 - no dept", date "2001-01-01", 400.00D, 100),
  (700, "emp 7", date "2010-01-01", 400.00D, 100),
  (800, "emp 8", date "2016-01-01", 150.00D, 70)
AS EMP(id, emp_name, hiredate, salary, dept_id)
-- !query schema
struct<>
-- !query output



-- !query
CREATE OR REPLACE TEMPORARY VIEW DEPT AS SELECT * FROM VALUES
  (10, "dept 1", "CA"),
  (20, "dept 2", "NY"),
  (30, "dept 3", "TX"),
  (40, "dept 4 - unassigned", "OR"),
  (50, "dept 5 - unassigned", "NJ"),
  (70, "dept 7", "FL")
AS DEPT(dept_id, dept_name, state)
-- !query schema
struct<>
-- !query output



-- !query
CREATE OR REPLACE TEMPORARY VIEW FilterExpressionTestData AS SELECT * FROM VALUES
  (1, 2, "asd"),
  (3, 4, "fgh"),
  (5, 6, "jkl")
AS FilterExpressionTestData(num1, num2, str)
-- !query schema
struct<>
-- !query output



-- !query
SELECT a, COUNT(b) FILTER (WHERE a >= 2) FROM testData
-- !query schema
struct<>
-- !query output
org.apache.spark.sql.catalyst.ExtendedAnalysisException
{
  "errorClass" : "MISSING_GROUP_BY",
  "sqlState" : "42803",
  "queryContext" : [ {
    "objectType" : "",
    "objectName" : "",
    "startIndex" : 1,
    "stopIndex" : 54,
    "fragment" : "SELECT a, COUNT(b) FILTER (WHERE a >= 2) FROM testData"
  } ]
}


-- !query
SELECT COUNT(a) FILTER (WHERE a = 1), COUNT(b) FILTER (WHERE a > 1) FROM testData
-- !query schema
struct<count(a) FILTER (WHERE (a = 1)):bigint,count(b) FILTER (WHERE (a > 1)):bigint>
-- !query output
2	4


-- !query
SELECT COUNT(id) FILTER (WHERE hiredate = date "2001-01-01") FROM emp
-- !query schema
struct<count(id) FILTER (WHERE (hiredate = DATE '2001-01-01')):bigint>
-- !query output
2


-- !query
SELECT COUNT(id) FILTER (WHERE hiredate = to_date('2001-01-01 00:00:00')) FROM emp
-- !query schema
struct<count(id) FILTER (WHERE (hiredate = to_date(2001-01-01 00:00:00))):bigint>
-- !query output
2


-- !query
SELECT COUNT(id) FILTER (WHERE hiredate = to_timestamp("2001-01-01 00:00:00")) FROM emp
-- !query schema
struct<count(id) FILTER (WHERE (hiredate = to_timestamp(2001-01-01 00:00:00))):bigint>
-- !query output
2


-- !query
SELECT COUNT(id) FILTER (WHERE date_format(hiredate, "yyyy-MM-dd") = "2001-01-01") FROM emp
-- !query schema
struct<count(id) FILTER (WHERE (date_format(hiredate, yyyy-MM-dd) = 2001-01-01)):bigint>
-- !query output
2


-- !query
SELECT COUNT(DISTINCT id) FILTER (WHERE date_format(hiredate, "yyyy-MM-dd HH:mm:ss") = "2001-01-01 00:00:00") FROM emp
-- !query schema
struct<count(DISTINCT id) FILTER (WHERE (date_format(hiredate, yyyy-MM-dd HH:mm:ss) = 2001-01-01 00:00:00)):bigint>
-- !query output
2


-- !query
SELECT COUNT(DISTINCT id), COUNT(DISTINCT id) FILTER (WHERE date_format(hiredate, "yyyy-MM-dd HH:mm:ss") = "2001-01-01 00:00:00") FROM emp
-- !query schema
struct<count(DISTINCT id):bigint,count(DISTINCT id) FILTER (WHERE (date_format(hiredate, yyyy-MM-dd HH:mm:ss) = 2001-01-01 00:00:00)):bigint>
-- !query output
8	2


-- !query
SELECT COUNT(DISTINCT id) FILTER (WHERE hiredate = to_timestamp("2001-01-01 00:00:00")), COUNT(DISTINCT id) FILTER (WHERE hiredate = to_date('2001-01-01 00:00:00')) FROM emp
-- !query schema
struct<count(DISTINCT id) FILTER (WHERE (hiredate = to_timestamp(2001-01-01 00:00:00))):bigint,count(DISTINCT id) FILTER (WHERE (hiredate = to_date(2001-01-01 00:00:00))):bigint>
-- !query output
2	2


-- !query
SELECT SUM(salary), COUNT(DISTINCT id), COUNT(DISTINCT id) FILTER (WHERE hiredate = date "2001-01-01") FROM emp
-- !query schema
struct<sum(salary):double,count(DISTINCT id):bigint,count(DISTINCT id) FILTER (WHERE (hiredate = DATE '2001-01-01')):bigint>
-- !query output
2450.0	8	2


-- !query
SELECT COUNT(DISTINCT 1) FILTER (WHERE a = 1) FROM testData
-- !query schema
struct<count(DISTINCT 1) FILTER (WHERE (a = 1)):bigint>
-- !query output
1


-- !query
SELECT COUNT(DISTINCT id) FILTER (WHERE true) FROM emp
-- !query schema
struct<count(DISTINCT id) FILTER (WHERE true):bigint>
-- !query output
8


-- !query
SELECT COUNT(DISTINCT id) FILTER (WHERE false) FROM emp
-- !query schema
struct<count(DISTINCT id) FILTER (WHERE false):bigint>
-- !query output
0


-- !query
SELECT COUNT(DISTINCT 2), COUNT(DISTINCT 2,3) FILTER (WHERE dept_id = 40) FROM emp
-- !query schema
struct<count(DISTINCT 2):bigint,count(DISTINCT 2, 3) FILTER (WHERE (dept_id = 40)):bigint>
-- !query output
1	0


-- !query
SELECT COUNT(DISTINCT 2), COUNT(DISTINCT 3,2) FILTER (WHERE dept_id = 40) FROM emp
-- !query schema
struct<count(DISTINCT 2):bigint,count(DISTINCT 3, 2) FILTER (WHERE (dept_id = 40)):bigint>
-- !query output
1	0


-- !query
SELECT COUNT(DISTINCT 2), COUNT(DISTINCT 2,3) FILTER (WHERE dept_id > 0) FROM emp
-- !query schema
struct<count(DISTINCT 2):bigint,count(DISTINCT 2, 3) FILTER (WHERE (dept_id > 0)):bigint>
-- !query output
1	1


-- !query
SELECT COUNT(DISTINCT 2), COUNT(DISTINCT 3,2) FILTER (WHERE dept_id > 0) FROM emp
-- !query schema
struct<count(DISTINCT 2):bigint,count(DISTINCT 3, 2) FILTER (WHERE (dept_id > 0)):bigint>
-- !query output
1	1


-- !query
SELECT COUNT(DISTINCT id), COUNT(DISTINCT 2,3) FILTER (WHERE dept_id = 40) FROM emp
-- !query schema
struct<count(DISTINCT id):bigint,count(DISTINCT 2, 3) FILTER (WHERE (dept_id = 40)):bigint>
-- !query output
8	0


-- !query
SELECT COUNT(DISTINCT id), COUNT(DISTINCT 3,2) FILTER (WHERE dept_id = 40) FROM emp
-- !query schema
struct<count(DISTINCT id):bigint,count(DISTINCT 3, 2) FILTER (WHERE (dept_id = 40)):bigint>
-- !query output
8	0


-- !query
SELECT COUNT(DISTINCT id), COUNT(DISTINCT 2,3) FILTER (WHERE dept_id > 0) FROM emp
-- !query schema
struct<count(DISTINCT id):bigint,count(DISTINCT 2, 3) FILTER (WHERE (dept_id > 0)):bigint>
-- !query output
8	1


-- !query
SELECT COUNT(DISTINCT id), COUNT(DISTINCT 3,2) FILTER (WHERE dept_id > 0) FROM emp
-- !query schema
struct<count(DISTINCT id):bigint,count(DISTINCT 3, 2) FILTER (WHERE (dept_id > 0)):bigint>
-- !query output
8	1


-- !query
SELECT a, COUNT(b) FILTER (WHERE a >= 2) FROM testData GROUP BY a
-- !query schema
struct<a:int,count(b) FILTER (WHERE (a >= 2)):bigint>
-- !query output
1	0
2	2
3	2
NULL	0


-- !query
SELECT a, COUNT(b) FILTER (WHERE a != 2) FROM testData GROUP BY b
-- !query schema
struct<>
-- !query output
org.apache.spark.sql.catalyst.ExtendedAnalysisException
{
  "errorClass" : "MISSING_AGGREGATION",
  "sqlState" : "42803",
  "messageParameters" : {
    "expression" : "\"a\"",
    "expressionAnyValue" : "\"any_value(a)\""
  }
}


-- !query
SELECT COUNT(a) FILTER (WHERE a >= 0), COUNT(b) FILTER (WHERE a >= 3) FROM testData GROUP BY a
-- !query schema
struct<count(a) FILTER (WHERE (a >= 0)):bigint,count(b) FILTER (WHERE (a >= 3)):bigint>
-- !query output
0	0
2	0
2	0
3	2


-- !query
SELECT dept_id, SUM(salary) FILTER (WHERE hiredate > date "2003-01-01") FROM emp GROUP BY dept_id
-- !query schema
struct<dept_id:int,sum(salary) FILTER (WHERE (hiredate > DATE '2003-01-01')):double>
-- !query output
10	200.0
100	400.0
20	NULL
30	400.0
70	150.0
NULL	NULL


-- !query
SELECT dept_id, SUM(salary) FILTER (WHERE hiredate > to_date("2003-01-01")) FROM emp GROUP BY dept_id
-- !query schema
struct<dept_id:int,sum(salary) FILTER (WHERE (hiredate > to_date(2003-01-01))):double>
-- !query output
10	200.0
100	400.0
20	NULL
30	400.0
70	150.0
NULL	NULL


-- !query
SELECT dept_id, SUM(salary) FILTER (WHERE hiredate > to_timestamp("2003-01-01 00:00:00")) FROM emp GROUP BY dept_id
-- !query schema
struct<dept_id:int,sum(salary) FILTER (WHERE (hiredate > to_timestamp(2003-01-01 00:00:00))):double>
-- !query output
10	200.0
100	400.0
20	NULL
30	400.0
70	150.0
NULL	NULL


-- !query
SELECT dept_id, SUM(salary) FILTER (WHERE date_format(hiredate, "yyyy-MM-dd") > "2003-01-01") FROM emp GROUP BY dept_id
-- !query schema
struct<dept_id:int,sum(salary) FILTER (WHERE (date_format(hiredate, yyyy-MM-dd) > 2003-01-01)):double>
-- !query output
10	200.0
100	400.0
20	NULL
30	400.0
70	150.0
NULL	NULL


-- !query
SELECT dept_id, SUM(DISTINCT salary) FILTER (WHERE date_format(hiredate, "yyyy-MM-dd HH:mm:ss") > "2001-01-01 00:00:00") FROM emp GROUP BY dept_id
-- !query schema
struct<dept_id:int,sum(DISTINCT salary) FILTER (WHERE (date_format(hiredate, yyyy-MM-dd HH:mm:ss) > 2001-01-01 00:00:00)):double>
-- !query output
10	300.0
100	400.0
20	300.0
30	400.0
70	150.0
NULL	NULL


-- !query
SELECT dept_id, SUM(DISTINCT salary), SUM(DISTINCT salary) FILTER (WHERE date_format(hiredate, "yyyy-MM-dd HH:mm:ss") > "2001-01-01 00:00:00") FROM emp GROUP BY dept_id
-- !query schema
struct<dept_id:int,sum(DISTINCT salary):double,sum(DISTINCT salary) FILTER (WHERE (date_format(hiredate, yyyy-MM-dd HH:mm:ss) > 2001-01-01 00:00:00)):double>
-- !query output
10	300.0	300.0
100	400.0	400.0
20	300.0	300.0
30	400.0	400.0
70	150.0	150.0
NULL	400.0	NULL


-- !query
SELECT dept_id, SUM(DISTINCT salary) FILTER (WHERE hiredate > date "2001-01-01"), SUM(DISTINCT salary) FILTER (WHERE date_format(hiredate, "yyyy-MM-dd HH:mm:ss") > "2001-01-01 00:00:00") FROM emp GROUP BY dept_id
-- !query schema
struct<dept_id:int,sum(DISTINCT salary) FILTER (WHERE (hiredate > DATE '2001-01-01')):double,sum(DISTINCT salary) FILTER (WHERE (date_format(hiredate, yyyy-MM-dd HH:mm:ss) > 2001-01-01 00:00:00)):double>
-- !query output
10	300.0	300.0
100	400.0	400.0
20	300.0	300.0
30	400.0	400.0
70	150.0	150.0
NULL	NULL	NULL


-- !query
SELECT dept_id, COUNT(id), SUM(DISTINCT salary), SUM(DISTINCT salary) FILTER (WHERE date_format(hiredate, "yyyy-MM-dd") > "2001-01-01") FROM emp GROUP BY dept_id
-- !query schema
struct<dept_id:int,count(id):bigint,sum(DISTINCT salary):double,sum(DISTINCT salary) FILTER (WHERE (date_format(hiredate, yyyy-MM-dd) > 2001-01-01)):double>
-- !query output
10	3	300.0	300.0
100	2	400.0	400.0
20	1	300.0	300.0
30	1	400.0	400.0
70	1	150.0	150.0
NULL	1	400.0	NULL


-- !query
SELECT b, COUNT(DISTINCT 1) FILTER (WHERE a = 1) FROM testData GROUP BY b
-- !query schema
struct<b:int,count(DISTINCT 1) FILTER (WHERE (a = 1)):bigint>
-- !query output
1	1
2	1
NULL	0


-- !query
SELECT 'foo', COUNT(a) FILTER (WHERE b <= 2) FROM testData GROUP BY 1
-- !query schema
struct<foo:string,count(a) FILTER (WHERE (b <= 2)):bigint>
-- !query output
foo	6


-- !query
SELECT 'foo', SUM(salary) FILTER (WHERE hiredate >= date "2003-01-01") FROM emp GROUP BY 1
-- !query schema
struct<foo:string,sum(salary) FILTER (WHERE (hiredate >= DATE '2003-01-01')):double>
-- !query output
foo	1350.0


-- !query
SELECT 'foo', SUM(salary) FILTER (WHERE hiredate >= to_date("2003-01-01")) FROM emp GROUP BY 1
-- !query schema
struct<foo:string,sum(salary) FILTER (WHERE (hiredate >= to_date(2003-01-01))):double>
-- !query output
foo	1350.0


-- !query
SELECT 'foo', SUM(salary) FILTER (WHERE hiredate >= to_timestamp("2003-01-01")) FROM emp GROUP BY 1
-- !query schema
struct<foo:string,sum(salary) FILTER (WHERE (hiredate >= to_timestamp(2003-01-01))):double>
-- !query output
foo	1350.0


-- !query
select dept_id, count(distinct emp_name), count(distinct hiredate), sum(salary), sum(salary) filter (where id > 200) from emp group by dept_id
-- !query schema
struct<dept_id:int,count(DISTINCT emp_name):bigint,count(DISTINCT hiredate):bigint,sum(salary):double,sum(salary) FILTER (WHERE (id > 200)):double>
-- !query output
10	2	2	400.0	NULL
100	2	2	800.0	800.0
20	1	1	300.0	300.0
30	1	1	400.0	400.0
70	1	1	150.0	150.0
NULL	1	1	400.0	400.0


-- !query
select dept_id, count(distinct emp_name), count(distinct hiredate), sum(salary), sum(salary) filter (where id + dept_id > 500) from emp group by dept_id
-- !query schema
struct<dept_id:int,count(DISTINCT emp_name):bigint,count(DISTINCT hiredate):bigint,sum(salary):double,sum(salary) FILTER (WHERE ((id + dept_id) > 500)):double>
-- !query output
10	2	2	400.0	NULL
100	2	2	800.0	800.0
20	1	1	300.0	NULL
30	1	1	400.0	NULL
70	1	1	150.0	150.0
NULL	1	1	400.0	NULL


-- !query
select dept_id, count(distinct emp_name), count(distinct hiredate), sum(salary) filter (where salary < 400.00D), sum(salary) filter (where id > 200) from emp group by dept_id
-- !query schema
struct<dept_id:int,count(DISTINCT emp_name):bigint,count(DISTINCT hiredate):bigint,sum(salary) FILTER (WHERE (salary < 400.0)):double,sum(salary) FILTER (WHERE (id > 200)):double>
-- !query output
10	2	2	400.0	NULL
100	2	2	NULL	800.0
20	1	1	300.0	300.0
30	1	1	NULL	400.0
70	1	1	150.0	150.0
NULL	1	1	NULL	400.0


-- !query
select dept_id, count(distinct emp_name), count(distinct hiredate), sum(salary) filter (where salary < 400.00D), sum(salary) filter (where id + dept_id > 500) from emp group by dept_id
-- !query schema
struct<dept_id:int,count(DISTINCT emp_name):bigint,count(DISTINCT hiredate):bigint,sum(salary) FILTER (WHERE (salary < 400.0)):double,sum(salary) FILTER (WHERE ((id + dept_id) > 500)):double>
-- !query output
10	2	2	400.0	NULL
100	2	2	NULL	800.0
20	1	1	300.0	NULL
30	1	1	NULL	NULL
70	1	1	150.0	150.0
NULL	1	1	NULL	NULL


-- !query
select dept_id, count(distinct emp_name) filter (where id > 200), sum(salary) from emp group by dept_id
-- !query schema
struct<dept_id:int,count(DISTINCT emp_name) FILTER (WHERE (id > 200)):bigint,sum(salary):double>
-- !query output
10	0	400.0
100	2	800.0
20	1	300.0
30	1	400.0
70	1	150.0
NULL	1	400.0


-- !query
select dept_id, count(distinct emp_name) filter (where id + dept_id > 500), sum(salary) from emp group by dept_id
-- !query schema
struct<dept_id:int,count(DISTINCT emp_name) FILTER (WHERE ((id + dept_id) > 500)):bigint,sum(salary):double>
-- !query output
10	0	400.0
100	2	800.0
20	0	300.0
30	0	400.0
70	1	150.0
NULL	0	400.0


-- !query
select dept_id, count(distinct emp_name), count(distinct emp_name) filter (where id > 200), sum(salary) from emp group by dept_id
-- !query schema
struct<dept_id:int,count(DISTINCT emp_name):bigint,count(DISTINCT emp_name) FILTER (WHERE (id > 200)):bigint,sum(salary):double>
-- !query output
10	2	0	400.0
100	2	2	800.0
20	1	1	300.0
30	1	1	400.0
70	1	1	150.0
NULL	1	1	400.0


-- !query
select dept_id, count(distinct emp_name), count(distinct emp_name) filter (where id + dept_id > 500), sum(salary) from emp group by dept_id
-- !query schema
struct<dept_id:int,count(DISTINCT emp_name):bigint,count(DISTINCT emp_name) FILTER (WHERE ((id + dept_id) > 500)):bigint,sum(salary):double>
-- !query output
10	2	0	400.0
100	2	2	800.0
20	1	0	300.0
30	1	0	400.0
70	1	1	150.0
NULL	1	0	400.0


-- !query
select dept_id, count(distinct emp_name), count(distinct emp_name) filter (where id > 200), sum(salary), sum(salary) filter (where id > 200) from emp group by dept_id
-- !query schema
struct<dept_id:int,count(DISTINCT emp_name):bigint,count(DISTINCT emp_name) FILTER (WHERE (id > 200)):bigint,sum(salary):double,sum(salary) FILTER (WHERE (id > 200)):double>
-- !query output
10	2	0	400.0	NULL
100	2	2	800.0	800.0
20	1	1	300.0	300.0
30	1	1	400.0	400.0
70	1	1	150.0	150.0
NULL	1	1	400.0	400.0


-- !query
select dept_id, count(distinct emp_name), count(distinct emp_name) filter (where id + dept_id > 500), sum(salary), sum(salary) filter (where id > 200) from emp group by dept_id
-- !query schema
struct<dept_id:int,count(DISTINCT emp_name):bigint,count(DISTINCT emp_name) FILTER (WHERE ((id + dept_id) > 500)):bigint,sum(salary):double,sum(salary) FILTER (WHERE (id > 200)):double>
-- !query output
10	2	0	400.0	NULL
100	2	2	800.0	800.0
20	1	0	300.0	300.0
30	1	0	400.0	400.0
70	1	1	150.0	150.0
NULL	1	0	400.0	400.0


-- !query
select dept_id, count(distinct emp_name) filter (where id > 200), count(distinct hiredate), sum(salary) from emp group by dept_id
-- !query schema
struct<dept_id:int,count(DISTINCT emp_name) FILTER (WHERE (id > 200)):bigint,count(DISTINCT hiredate):bigint,sum(salary):double>
-- !query output
10	0	2	400.0
100	2	2	800.0
20	1	1	300.0
30	1	1	400.0
70	1	1	150.0
NULL	1	1	400.0


-- !query
select dept_id, count(distinct emp_name) filter (where id > 200), count(distinct hiredate) filter (where hiredate > date "2003-01-01"), sum(salary) from emp group by dept_id
-- !query schema
struct<dept_id:int,count(DISTINCT emp_name) FILTER (WHERE (id > 200)):bigint,count(DISTINCT hiredate) FILTER (WHERE (hiredate > DATE '2003-01-01')):bigint,sum(salary):double>
-- !query output
10	0	1	400.0
100	2	1	800.0
20	1	0	300.0
30	1	1	400.0
70	1	1	150.0
NULL	1	0	400.0


-- !query
select dept_id, count(distinct emp_name) filter (where id > 200), count(distinct hiredate) filter (where hiredate > date "2003-01-01"), sum(salary) filter (where salary < 400.00D) from emp group by dept_id
-- !query schema
struct<dept_id:int,count(DISTINCT emp_name) FILTER (WHERE (id > 200)):bigint,count(DISTINCT hiredate) FILTER (WHERE (hiredate > DATE '2003-01-01')):bigint,sum(salary) FILTER (WHERE (salary < 400.0)):double>
-- !query output
10	0	1	400.0
100	2	1	NULL
20	1	0	300.0
30	1	1	NULL
70	1	1	150.0
NULL	1	0	NULL


-- !query
select dept_id, count(distinct emp_name) filter (where id > 200), count(distinct hiredate) filter (where hiredate > date "2003-01-01"), sum(salary) filter (where salary < 400.00D), sum(salary) filter (where id > 200) from emp group by dept_id
-- !query schema
struct<dept_id:int,count(DISTINCT emp_name) FILTER (WHERE (id > 200)):bigint,count(DISTINCT hiredate) FILTER (WHERE (hiredate > DATE '2003-01-01')):bigint,sum(salary) FILTER (WHERE (salary < 400.0)):double,sum(salary) FILTER (WHERE (id > 200)):double>
-- !query output
10	0	1	400.0	NULL
100	2	1	NULL	800.0
20	1	0	300.0	300.0
30	1	1	NULL	400.0
70	1	1	150.0	150.0
NULL	1	0	NULL	400.0


-- !query
select dept_id, count(distinct emp_name) filter (where id > 200), count(distinct emp_name), sum(salary) from emp group by dept_id
-- !query schema
struct<dept_id:int,count(DISTINCT emp_name) FILTER (WHERE (id > 200)):bigint,count(DISTINCT emp_name):bigint,sum(salary):double>
-- !query output
10	0	2	400.0
100	2	2	800.0
20	1	1	300.0
30	1	1	400.0
70	1	1	150.0
NULL	1	1	400.0


-- !query
select dept_id, count(distinct emp_name) filter (where id > 200), count(distinct emp_name) filter (where hiredate > date "2003-01-01"), sum(salary) from emp group by dept_id
-- !query schema
struct<dept_id:int,count(DISTINCT emp_name) FILTER (WHERE (id > 200)):bigint,count(DISTINCT emp_name) FILTER (WHERE (hiredate > DATE '2003-01-01')):bigint,sum(salary):double>
-- !query output
10	0	1	400.0
100	2	1	800.0
20	1	0	300.0
30	1	1	400.0
70	1	1	150.0
NULL	1	0	400.0


-- !query
select dept_id, sum(distinct (id + dept_id)) filter (where id > 200), count(distinct hiredate), sum(salary) from emp group by dept_id
-- !query schema
struct<dept_id:int,sum(DISTINCT (id + dept_id)) FILTER (WHERE (id > 200)):bigint,count(DISTINCT hiredate):bigint,sum(salary):double>
-- !query output
10	NULL	2	400.0
100	1500	2	800.0
20	320	1	300.0
30	430	1	400.0
70	870	1	150.0
NULL	NULL	1	400.0


-- !query
select dept_id, sum(distinct (id + dept_id)) filter (where id > 200), count(distinct hiredate) filter (where hiredate > date "2003-01-01"), sum(salary) from emp group by dept_id
-- !query schema
struct<dept_id:int,sum(DISTINCT (id + dept_id)) FILTER (WHERE (id > 200)):bigint,count(DISTINCT hiredate) FILTER (WHERE (hiredate > DATE '2003-01-01')):bigint,sum(salary):double>
-- !query output
10	NULL	1	400.0
100	1500	1	800.0
20	320	0	300.0
30	430	1	400.0
70	870	1	150.0
NULL	NULL	0	400.0


-- !query
select dept_id, avg(distinct (id + dept_id)) filter (where id > 200), count(distinct hiredate) filter (where hiredate > date "2003-01-01"), sum(salary) filter (where salary < 400.00D) from emp group by dept_id
-- !query schema
struct<dept_id:int,avg(DISTINCT (id + dept_id)) FILTER (WHERE (id > 200)):double,count(DISTINCT hiredate) FILTER (WHERE (hiredate > DATE '2003-01-01')):bigint,sum(salary) FILTER (WHERE (salary < 400.0)):double>
-- !query output
10	NULL	1	400.0
100	750.0	1	NULL
20	320.0	0	300.0
30	430.0	1	NULL
70	870.0	1	150.0
NULL	NULL	0	NULL


-- !query
select dept_id, count(distinct emp_name, hiredate) filter (where id > 200), sum(salary) from emp group by dept_id
-- !query schema
struct<dept_id:int,count(DISTINCT emp_name, hiredate) FILTER (WHERE (id > 200)):bigint,sum(salary):double>
-- !query output
10	0	400.0
100	2	800.0
20	1	300.0
30	1	400.0
70	1	150.0
NULL	1	400.0


-- !query
select dept_id, count(distinct emp_name, hiredate) filter (where id > 0), sum(salary) from emp group by dept_id
-- !query schema
struct<dept_id:int,count(DISTINCT emp_name, hiredate) FILTER (WHERE (id > 0)):bigint,sum(salary):double>
-- !query output
10	2	400.0
100	2	800.0
20	1	300.0
30	1	400.0
70	1	150.0
NULL	1	400.0


-- !query
select dept_id, count(distinct 1), count(distinct 1) filter (where id > 200), sum(salary) from emp group by dept_id
-- !query schema
struct<dept_id:int,count(DISTINCT 1):bigint,count(DISTINCT 1) FILTER (WHERE (id > 200)):bigint,sum(salary):double>
-- !query output
10	1	0	400.0
100	1	1	800.0
20	1	1	300.0
30	1	1	400.0
70	1	1	150.0
NULL	1	1	400.0


-- !query
SELECT 'foo', APPROX_COUNT_DISTINCT(a) FILTER (WHERE b >= 0) FROM testData WHERE a = 0 GROUP BY 1
-- !query schema
struct<foo:string,approx_count_distinct(a) FILTER (WHERE (b >= 0)):bigint>
-- !query output



-- !query
SELECT 'foo', MAX(STRUCT(a)) FILTER (WHERE b >= 1) FROM testData WHERE a = 0 GROUP BY 1
-- !query schema
struct<foo:string,max(struct(a)) FILTER (WHERE (b >= 1)):struct<a:int>>
-- !query output



-- !query
SELECT a + b, COUNT(b) FILTER (WHERE b >= 2) FROM testData GROUP BY a + b
-- !query schema
struct<(a + b):int,count(b) FILTER (WHERE (b >= 2)):bigint>
-- !query output
2	0
3	1
4	1
5	1
NULL	0


-- !query
SELECT a + 2, COUNT(b) FILTER (WHERE b IN (1, 2)) FROM testData GROUP BY a + 1
-- !query schema
struct<>
-- !query output
org.apache.spark.sql.catalyst.ExtendedAnalysisException
{
  "errorClass" : "MISSING_AGGREGATION",
  "sqlState" : "42803",
  "messageParameters" : {
    "expression" : "\"a\"",
    "expressionAnyValue" : "\"any_value(a)\""
  }
}


-- !query
SELECT a + 1 + 1, COUNT(b) FILTER (WHERE b > 0) FROM testData GROUP BY a + 1
-- !query schema
struct<((a + 1) + 1):int,count(b) FILTER (WHERE (b > 0)):bigint>
-- !query output
3	2
4	2
5	2
NULL	1


-- !query
SELECT COUNT(DISTINCT b) FILTER (WHERE b > 0), COUNT(DISTINCT b, c) FILTER (WHERE b > 0 AND c > 2)
FROM (SELECT 1 AS a, 2 AS b, 3 AS c) GROUP BY a
-- !query schema
struct<count(DISTINCT b) FILTER (WHERE (b > 0)):bigint,count(DISTINCT b, c) FILTER (WHERE ((b > 0) AND (c > 2))):bigint>
-- !query output
1	1


-- !query
SELECT a AS k, COUNT(b) FILTER (WHERE b > 0) FROM testData GROUP BY k
-- !query schema
struct<k:int,count(b) FILTER (WHERE (b > 0)):bigint>
-- !query output
1	2
2	2
3	2
NULL	1


-- !query
SELECT emp.dept_id,
       avg(salary),
       avg(salary) FILTER (WHERE id > (SELECT 200))
FROM emp
GROUP BY dept_id
-- !query schema
struct<dept_id:int,avg(salary):double,avg(salary) FILTER (WHERE (id > scalarsubquery())):double>
-- !query output
10	133.33333333333334	NULL
100	400.0	400.0
20	300.0	300.0
30	400.0	400.0
70	150.0	150.0
NULL	400.0	400.0


-- !query
SELECT emp.dept_id,
       avg(salary),
       avg(salary) FILTER (WHERE emp.dept_id = (SELECT dept_id FROM dept LIMIT 1))
FROM emp
GROUP BY dept_id
-- !query schema
struct<dept_id:int,avg(salary):double,avg(salary) FILTER (WHERE (dept_id = scalarsubquery())):double>
-- !query output
10	133.33333333333334	133.33333333333334
100	400.0	NULL
20	300.0	NULL
30	400.0	NULL
70	150.0	NULL
NULL	400.0	NULL


-- !query
SELECT emp.dept_id,
       avg(salary),
       avg(salary) FILTER (WHERE EXISTS (SELECT state
               FROM dept
               WHERE dept.dept_id = emp.dept_id))
FROM emp
GROUP BY dept_id
-- !query schema
struct<dept_id:int,avg(salary):double,avg(salary) FILTER (WHERE exists(dept_id)):double>
-- !query output
10	133.33333333333334	133.33333333333334
100	400.0	NULL
20	300.0	300.0
30	400.0	400.0
70	150.0	150.0
NULL	400.0	NULL


-- !query
SELECT emp.dept_id, 
       Sum(salary),
       Sum(salary) FILTER (WHERE NOT EXISTS (SELECT state 
                   FROM dept 
                   WHERE dept.dept_id = emp.dept_id))
FROM emp 
GROUP BY dept_id
-- !query schema
struct<dept_id:int,sum(salary):double,sum(salary) FILTER (WHERE (NOT exists(dept_id))):double>
-- !query output
10	400.0	NULL
100	800.0	800.0
20	300.0	NULL
30	400.0	NULL
70	150.0	NULL
NULL	400.0	400.0


-- !query
SELECT emp.dept_id, 
       avg(salary),
       avg(salary) FILTER (WHERE emp.dept_id IN (SELECT DISTINCT dept_id
               FROM dept))
FROM emp 
GROUP BY dept_id
-- !query schema
struct<dept_id:int,avg(salary):double,avg(salary) FILTER (WHERE (dept_id IN (listquery()))):double>
-- !query output
10	133.33333333333334	133.33333333333334
100	400.0	NULL
20	300.0	300.0
30	400.0	400.0
70	150.0	150.0
NULL	400.0	NULL


-- !query
SELECT emp.dept_id, 
       Sum(salary),
       Sum(salary) FILTER (WHERE emp.dept_id NOT IN (SELECT DISTINCT dept_id
               FROM dept))
FROM emp 
GROUP BY dept_id
-- !query schema
struct<dept_id:int,sum(salary):double,sum(salary) FILTER (WHERE (NOT (dept_id IN (listquery())))):double>
-- !query output
10	400.0	NULL
100	800.0	800.0
20	300.0	NULL
30	400.0	NULL
70	150.0	NULL
NULL	400.0	NULL


-- !query
SELECT t1.b FROM (SELECT COUNT(b) FILTER (WHERE a >= 2) AS b FROM testData) t1
-- !query schema
struct<b:bigint>
-- !query output
4


-- !query
SELECT count(num1) FILTER (WHERE rand(int(num2)) > 1) FROM FilterExpressionTestData
-- !query schema
struct<>
-- !query output
org.apache.spark.sql.AnalysisException
{
  "errorClass" : "INVALID_AGGREGATE_FILTER.NON_DETERMINISTIC",
  "sqlState" : "42903",
  "messageParameters" : {
    "filterExpr" : "\"(rand(num2) > 1)\""
  },
  "queryContext" : [ {
    "objectType" : "",
    "objectName" : "",
    "startIndex" : 8,
    "stopIndex" : 53,
    "fragment" : "count(num1) FILTER (WHERE rand(int(num2)) > 1)"
  } ]
}


-- !query
SELECT sum(num1) FILTER (WHERE str) FROM FilterExpressionTestData
-- !query schema
struct<>
-- !query output
org.apache.spark.sql.AnalysisException
{
  "errorClass" : "INVALID_AGGREGATE_FILTER.NOT_BOOLEAN",
  "sqlState" : "42903",
  "messageParameters" : {
    "filterExpr" : "\"str\""
  },
  "queryContext" : [ {
    "objectType" : "",
    "objectName" : "",
    "startIndex" : 8,
    "stopIndex" : 35,
    "fragment" : "sum(num1) FILTER (WHERE str)"
  } ]
}


-- !query
SELECT sum(num1) FILTER (WHERE max(num2) > 1) FROM FilterExpressionTestData
-- !query schema
struct<>
-- !query output
org.apache.spark.sql.AnalysisException
{
  "errorClass" : "INVALID_AGGREGATE_FILTER.CONTAINS_AGGREGATE",
  "sqlState" : "42903",
  "messageParameters" : {
    "aggExpr" : "\"max(num2)\"",
    "filterExpr" : "\"(max(num2) > 1)\""
  },
  "queryContext" : [ {
    "objectType" : "",
    "objectName" : "",
    "startIndex" : 8,
    "stopIndex" : 45,
    "fragment" : "sum(num1) FILTER (WHERE max(num2) > 1)"
  } ]
}


-- !query
SELECT sum(num1) FILTER (WHERE nth_value(num2, 2) OVER(ORDER BY num2) > 1) FROM FilterExpressionTestData
-- !query schema
struct<>
-- !query output
org.apache.spark.sql.AnalysisException
{
  "errorClass" : "INVALID_AGGREGATE_FILTER.CONTAINS_WINDOW_FUNCTION",
  "sqlState" : "42903",
  "messageParameters" : {
    "filterExpr" : "\"(nth_value(num2, 2) OVER (ORDER BY num2 ASC NULLS FIRST RANGE BETWEEN UNBOUNDED PRECEDING AND CURRENT ROW) > 1)\"",
    "windowExpr" : "\"nth_value(num2, 2) OVER (ORDER BY num2 ASC NULLS FIRST RANGE BETWEEN UNBOUNDED PRECEDING AND CURRENT ROW)\""
  },
  "queryContext" : [ {
    "objectType" : "",
    "objectName" : "",
    "startIndex" : 8,
    "stopIndex" : 74,
    "fragment" : "sum(num1) FILTER (WHERE nth_value(num2, 2) OVER(ORDER BY num2) > 1)"
  } ]
}
