-- Automatically generated by SQLQueryTestSuite
-- !query
create temporary view stuff as select * from values
  (42, 9.75, 'hello world', '1970-08-07', '13.37', array(1,20,300)),
  (1337, 1.2345, 'oh no', '2000-01-01', '42.0', array(4000,50000,600000)),
  (42, 13.37, 'test', '1970-08-07', '1234567890', array(7000000,80000000,900000000))
  as stuff(i, f, s, t, d, a)
-- !query schema
struct<>
-- !query output



-- !query
SELECT 100 * SUM(i) + SUM(f) / COUNT(s) AS f1, i AS f2 FROM stuff GROUP BY ALL ORDER BY f2
-- !query schema
struct<f1:decimal(38,17),f2:int>
-- !query output
8411.56000000000000000	42
133701.23450000000000000	1337


-- !query
SELECT i + 1 AS i1, COUNT(i - 2) ci, f / i AS fi, SUM(i + f) sif FROM stuff GROUP BY ALL ORDER BY 1, 3
-- !query schema
struct<i1:int,ci:bigint,fi:decimal(17,15),sif:decimal(25,4)>
-- !query output
43	1	0.232142857142857	51.7500
43	1	0.318333333333333	55.3700
1338	1	0.000923335826477	1338.2345


-- !query
SELECT i AS i, COUNT(i) ci, f AS f, SUM(i + f) sif FROM stuff GROUP BY ALL ORDER BY 1, i, 2, ci, 3, f, 4, sif
-- !query schema
struct<i:int,ci:bigint,f:decimal(6,4),sif:decimal(25,4)>
-- !query output
42	1	9.7500	51.7500
42	1	13.3700	55.3700
1337	1	1.2345	1338.2345


-- !query
SELECT i + 1, f / i, substring(s, 2, 3), extract(year from t), octet_length(d), size(a) FROM stuff
GROUP BY ALL ORDER BY 1, 3, 4, 5, 6, 2
-- !query schema
struct<(i + 1):int,(f / i):decimal(17,15),substring(s, 2, 3):string,extract(year FROM t):int,octet_length(d):int,size(a):int>
-- !query output
43	0.232142857142857	ell	1970	5	3
43	0.318333333333333	est	1970	10	3
1338	0.000923335826477	h n	2000	4	3


-- !query
SELECT i + SUM(f) FROM stuff GROUP BY ALL
-- !query schema
struct<>
-- !query output
org.apache.spark.sql.catalyst.ExtendedAnalysisException
{
  "errorClass" : "UNRESOLVED_ALL_IN_GROUP_BY",
  "sqlState" : "42803",
  "queryContext" : [ {
    "objectType" : "",
    "objectName" : "",
    "startIndex" : 30,
    "stopIndex" : 41,
    "fragment" : "GROUP BY ALL"
  } ]
}


-- !query
SELECT s AS s, COUNT(*) c FROM stuff GROUP BY ALL HAVING SUM(f) > 0 ORDER BY s
-- !query schema
struct<s:string,c:bigint>
-- !query output
hello world	1
oh no	1
test	1


-- !query
SELECT SUM(i) si FROM stuff GROUP BY ALL HAVING si > 2
-- !query schema
struct<si:bigint>
-- !query output
1421


-- !query
SELECT SUM(i) si FROM stuff GROUP BY ALL HAVING si < 2
-- !query schema
struct<si:bigint>
-- !query output



-- !query
SELECT SUM(i) si FROM stuff GROUP BY ALL HAVING i > 2
-- !query schema
struct<>
-- !query output
org.apache.spark.sql.catalyst.ExtendedAnalysisException
{
  "errorClass" : "UNRESOLVED_COLUMN.WITH_SUGGESTION",
  "sqlState" : "42703",
  "messageParameters" : {
    "objectName" : "`i`",
    "proposal" : "`si`"
  },
  "queryContext" : [ {
    "objectType" : "",
    "objectName" : "",
    "startIndex" : 49,
    "stopIndex" : 49,
    "fragment" : "i"
  } ]
}


-- !query
SELECT SUM(i) si FROM stuff GROUP BY ALL ORDER BY i DESC
-- !query schema
struct<>
-- !query output
org.apache.spark.sql.catalyst.ExtendedAnalysisException
{
  "errorClass" : "UNRESOLVED_COLUMN.WITH_SUGGESTION",
  "sqlState" : "42703",
  "messageParameters" : {
    "objectName" : "`i`",
    "proposal" : "`si`"
  },
  "queryContext" : [ {
    "objectType" : "",
    "objectName" : "",
    "startIndex" : 51,
    "stopIndex" : 51,
    "fragment" : "i"
  } ]
}
