-- Automatically generated by SQLQueryTestSuite
-- !query
CREATE OR REPLACE TEMPORARY VIEW testData AS SELECT * FROM VALUES
(1, 1), (1, 2), (2, 1), (2, 2), (3, 1), (3, 2), (null, 1), (3, null), (null, null)
AS testData(a, b)
-- !query schema
struct<>
-- !query output



-- !query
SELECT a, COUNT(b) FROM testData
-- !query schema
struct<>
-- !query output
org.apache.spark.sql.catalyst.ExtendedAnalysisException
{
  "errorClass" : "MISSING_GROUP_BY",
  "sqlState" : "42803",
  "queryContext" : [ {
    "objectType" : "",
    "objectName" : "",
    "startIndex" : 1,
    "stopIndex" : 32,
    "fragment" : "SELECT a, COUNT(b) FROM testData"
  } ]
}


-- !query
SELECT COUNT(a), COUNT(b) FROM testData
-- !query schema
struct<count(a):bigint,count(b):bigint>
-- !query output
7	7


-- !query
SELECT a, COUNT(b) FROM testData GROUP BY a
-- !query schema
struct<a:int,count(b):bigint>
-- !query output
1	2
2	2
3	2
NULL	1


-- !query
SELECT a, COUNT(b) FROM testData GROUP BY b
-- !query schema
struct<>
-- !query output
org.apache.spark.sql.catalyst.ExtendedAnalysisException
{
  "errorClass" : "MISSING_AGGREGATION",
  "sqlState" : "42803",
  "messageParameters" : {
    "expression" : "\"a\"",
    "expressionAnyValue" : "\"any_value(a)\""
  }
}


-- !query
SELECT COUNT(a), COUNT(b) FROM testData GROUP BY a
-- !query schema
struct<count(a):bigint,count(b):bigint>
-- !query output
0	1
2	2
2	2
3	2


-- !query
SELECT 'foo', COUNT(a) FROM testData GROUP BY 1
-- !query schema
struct<foo:string,count(a):bigint>
-- !query output
foo	7


-- !query
SELECT 'foo' FROM testData WHERE a = 0 GROUP BY 1
-- !query schema
struct<foo:string>
-- !query output



-- !query
SELECT 'foo', APPROX_COUNT_DISTINCT(a) FROM testData WHERE a = 0 GROUP BY 1
-- !query schema
struct<foo:string,approx_count_distinct(a):bigint>
-- !query output



-- !query
SELECT 'foo', MAX(STRUCT(a)) FROM testData WHERE a = 0 GROUP BY 1
-- !query schema
struct<foo:string,max(struct(a)):struct<a:int>>
-- !query output



-- !query
SELECT a + b, COUNT(b) FROM testData GROUP BY a + b
-- !query schema
struct<(a + b):int,count(b):bigint>
-- !query output
2	1
3	2
4	2
5	1
NULL	1


-- !query
SELECT a + 2, COUNT(b) FROM testData GROUP BY a + 1
-- !query schema
struct<>
-- !query output
org.apache.spark.sql.catalyst.ExtendedAnalysisException
{
  "errorClass" : "MISSING_AGGREGATION",
  "sqlState" : "42803",
  "messageParameters" : {
    "expression" : "\"a\"",
    "expressionAnyValue" : "\"any_value(a)\""
  }
}


-- !query
SELECT a + 1 + 1, COUNT(b) FROM testData GROUP BY a + 1
-- !query schema
struct<((a + 1) + 1):int,count(b):bigint>
-- !query output
3	2
4	2
5	2
NULL	1


-- !query
SELECT count(1) FROM testData GROUP BY struct(a + 0.1 AS aa)
-- !query schema
struct<count(1):bigint>
-- !query output
2
2
2
3


-- !query
SELECT SKEWNESS(a), KURTOSIS(a), MIN(a), MAX(a), AVG(a), VARIANCE(a), STDDEV(a), SUM(a), COUNT(a)
FROM testData
-- !query schema
struct<skewness(a):double,kurtosis(a):double,min(a):int,max(a):int,avg(a):double,variance(a):double,stddev(a):double,sum(a):bigint,count(a):bigint>
-- !query output
-0.2723801058145729	-1.5069204152249134	1	3	2.142857142857143	0.8095238095238094	0.8997354108424372	15	7


-- !query
SELECT COUNT(DISTINCT b), COUNT(DISTINCT b, c) FROM (SELECT 1 AS a, 2 AS b, 3 AS c) GROUP BY a
-- !query schema
struct<count(DISTINCT b):bigint,count(DISTINCT b, c):bigint>
-- !query output
1	1


-- !query
CREATE OR REPLACE TEMPORARY VIEW testDataHasSameNameWithAlias AS SELECT * FROM VALUES
(1, 1, 3), (1, 2, 1) AS testDataHasSameNameWithAlias(k, a, v)
-- !query schema
struct<>
-- !query output



-- !query
SELECT k AS a, COUNT(v) FROM testDataHasSameNameWithAlias GROUP BY a
-- !query schema
struct<>
-- !query output
org.apache.spark.sql.catalyst.ExtendedAnalysisException
{
  "errorClass" : "MISSING_AGGREGATION",
  "sqlState" : "42803",
  "messageParameters" : {
    "expression" : "\"k\"",
    "expressionAnyValue" : "\"any_value(k)\""
  }
}


-- !query
set spark.sql.groupByAliases=false
-- !query schema
struct<key:string,value:string>
-- !query output
spark.sql.groupByAliases	false


-- !query
SELECT a, COUNT(1) FROM testData WHERE false GROUP BY a
-- !query schema
struct<a:int,count(1):bigint>
-- !query output



-- !query
SELECT COUNT(1) FROM testData WHERE false
-- !query schema
struct<count(1):bigint>
-- !query output
0


-- !query
SELECT 1 FROM (SELECT COUNT(1) FROM testData WHERE false) t
-- !query schema
struct<1:int>
-- !query output
1


-- !query
SELECT 1 from (
  SELECT 1 AS z,
  MIN(a.x)
  FROM (select 1 as x) a
  WHERE false
) b
where b.z != b.z
-- !query schema
struct<1:int>
-- !query output



-- !query
SELECT corr(DISTINCT x, y), corr(DISTINCT y, x), count(*)
  FROM (VALUES (1, 1), (2, 2), (2, 2)) t(x, y)
-- !query schema
struct<corr(DISTINCT x, y):double,corr(DISTINCT y, x):double,count(1):bigint>
-- !query output
1.0	1.0	3


-- !query
SELECT 1 FROM range(10) HAVING true
-- !query schema
struct<1:int>
-- !query output
1


-- !query
SELECT 1 FROM range(10) HAVING MAX(id) > 0
-- !query schema
struct<1:int>
-- !query output
1


-- !query
SELECT id FROM range(10) HAVING id > 0
-- !query schema
struct<>
-- !query output
org.apache.spark.sql.catalyst.ExtendedAnalysisException
{
  "errorClass" : "MISSING_GROUP_BY",
  "sqlState" : "42803",
  "queryContext" : [ {
    "objectType" : "",
    "objectName" : "",
    "startIndex" : 1,
    "stopIndex" : 38,
    "fragment" : "SELECT id FROM range(10) HAVING id > 0"
  } ]
}


-- !query
SET spark.sql.legacy.parser.havingWithoutGroupByAsWhere=true
-- !query schema
struct<key:string,value:string>
-- !query output
spark.sql.legacy.parser.havingWithoutGroupByAsWhere	true


-- !query
SELECT 1 FROM range(10) HAVING true
-- !query schema
struct<1:int>
-- !query output
1
1
1
1
1
1
1
1
1
1


-- !query
SELECT 1 FROM range(10) HAVING MAX(id) > 0
-- !query schema
struct<>
-- !query output
org.apache.spark.sql.catalyst.ExtendedAnalysisException
{
  "errorClass" : "INVALID_WHERE_CONDITION",
  "sqlState" : "42903",
  "messageParameters" : {
    "condition" : "\"(max(id) > 0)\"",
    "expressionList" : "max(id)"
  },
  "queryContext" : [ {
    "objectType" : "",
    "objectName" : "",
    "startIndex" : 1,
    "stopIndex" : 42,
    "fragment" : "SELECT 1 FROM range(10) HAVING MAX(id) > 0"
  } ]
}


-- !query
SELECT id FROM range(10) HAVING id > 0
-- !query schema
struct<id:bigint>
-- !query output
1
2
3
4
5
6
7
8
9


-- !query
SET spark.sql.legacy.parser.havingWithoutGroupByAsWhere=false
-- !query schema
struct<key:string,value:string>
-- !query output
spark.sql.legacy.parser.havingWithoutGroupByAsWhere	false


-- !query
CREATE OR REPLACE TEMPORARY VIEW test_agg AS SELECT * FROM VALUES
  (1, true), (1, false),
  (2, true),
  (3, false), (3, null),
  (4, null), (4, null),
  (5, null), (5, true), (5, false) AS test_agg(k, v)
-- !query schema
struct<>
-- !query output



-- !query
SELECT every(v), some(v), any(v), bool_and(v), bool_or(v) FROM test_agg WHERE 1 = 0
-- !query schema
struct<every(v):boolean,some(v):boolean,any(v):boolean,bool_and(v):boolean,bool_or(v):boolean>
-- !query output
NULL	NULL	NULL	NULL	NULL


-- !query
SELECT every(v), some(v), any(v), bool_and(v), bool_or(v) FROM test_agg WHERE k = 4
-- !query schema
struct<every(v):boolean,some(v):boolean,any(v):boolean,bool_and(v):boolean,bool_or(v):boolean>
-- !query output
NULL	NULL	NULL	NULL	NULL


-- !query
SELECT every(v), some(v), any(v), bool_and(v), bool_or(v) FROM test_agg WHERE k = 5
-- !query schema
struct<every(v):boolean,some(v):boolean,any(v):boolean,bool_and(v):boolean,bool_or(v):boolean>
-- !query output
false	true	true	false	true


-- !query
SELECT k, every(v), some(v), any(v), bool_and(v), bool_or(v) FROM test_agg GROUP BY k
-- !query schema
struct<k:int,every(v):boolean,some(v):boolean,any(v):boolean,bool_and(v):boolean,bool_or(v):boolean>
-- !query output
1	false	true	true	false	true
2	true	true	true	true	true
3	false	false	false	false	false
4	NULL	NULL	NULL	NULL	NULL
5	false	true	true	false	true


-- !query
SELECT k, every(v) FROM test_agg GROUP BY k HAVING every(v) = false
-- !query schema
struct<k:int,every(v):boolean>
-- !query output
1	false
3	false
5	false


-- !query
SELECT k, every(v) FROM test_agg GROUP BY k HAVING every(v) IS NULL
-- !query schema
struct<k:int,every(v):boolean>
-- !query output
4	NULL


-- !query
SELECT k,
       Every(v) AS every
FROM   test_agg
WHERE  k = 2
       AND v IN (SELECT Any(v)
                 FROM   test_agg
                 WHERE  k = 1)
GROUP  BY k
-- !query schema
struct<k:int,every:boolean>
-- !query output
2	true


-- !query
SELECT k,
       Every(v) AS every
FROM   test_agg
WHERE  k = 2
       AND v IN (SELECT Every(v)
                 FROM   test_agg
                 WHERE  k = 1)
GROUP  BY k
-- !query schema
struct<k:int,every:boolean>
-- !query output



-- !query
SELECT every(1)
-- !query schema
struct<>
-- !query output
org.apache.spark.sql.catalyst.ExtendedAnalysisException
{
  "errorClass" : "DATATYPE_MISMATCH.UNEXPECTED_INPUT_TYPE",
  "sqlState" : "42K09",
  "messageParameters" : {
    "inputSql" : "\"1\"",
    "inputType" : "\"INT\"",
    "paramIndex" : "first",
    "requiredType" : "\"BOOLEAN\"",
    "sqlExpr" : "\"every(1)\""
  },
  "queryContext" : [ {
    "objectType" : "",
    "objectName" : "",
    "startIndex" : 8,
    "stopIndex" : 15,
    "fragment" : "every(1)"
  } ]
}


-- !query
SELECT some(1S)
-- !query schema
struct<>
-- !query output
org.apache.spark.sql.catalyst.ExtendedAnalysisException
{
  "errorClass" : "DATATYPE_MISMATCH.UNEXPECTED_INPUT_TYPE",
  "sqlState" : "42K09",
  "messageParameters" : {
    "inputSql" : "\"1\"",
    "inputType" : "\"SMALLINT\"",
    "paramIndex" : "first",
    "requiredType" : "\"BOOLEAN\"",
    "sqlExpr" : "\"some(1)\""
  },
  "queryContext" : [ {
    "objectType" : "",
    "objectName" : "",
    "startIndex" : 8,
    "stopIndex" : 15,
    "fragment" : "some(1S)"
  } ]
}


-- !query
SELECT any(1L)
-- !query schema
struct<>
-- !query output
org.apache.spark.sql.catalyst.ExtendedAnalysisException
{
  "errorClass" : "DATATYPE_MISMATCH.UNEXPECTED_INPUT_TYPE",
  "sqlState" : "42K09",
  "messageParameters" : {
    "inputSql" : "\"1\"",
    "inputType" : "\"BIGINT\"",
    "paramIndex" : "first",
    "requiredType" : "\"BOOLEAN\"",
    "sqlExpr" : "\"any(1)\""
  },
  "queryContext" : [ {
    "objectType" : "",
    "objectName" : "",
    "startIndex" : 8,
    "stopIndex" : 14,
    "fragment" : "any(1L)"
  } ]
}


-- !query
SELECT every("true")
-- !query schema
struct<every(true):boolean>
-- !query output
true


-- !query
SELECT bool_and(1.0)
-- !query schema
struct<>
-- !query output
org.apache.spark.sql.catalyst.ExtendedAnalysisException
{
  "errorClass" : "DATATYPE_MISMATCH.UNEXPECTED_INPUT_TYPE",
  "sqlState" : "42K09",
  "messageParameters" : {
    "inputSql" : "\"1.0\"",
    "inputType" : "\"DECIMAL(2,1)\"",
    "paramIndex" : "first",
    "requiredType" : "\"BOOLEAN\"",
    "sqlExpr" : "\"bool_and(1.0)\""
  },
  "queryContext" : [ {
    "objectType" : "",
    "objectName" : "",
    "startIndex" : 8,
    "stopIndex" : 20,
    "fragment" : "bool_and(1.0)"
  } ]
}


-- !query
SELECT bool_or(1.0D)
-- !query schema
struct<>
-- !query output
org.apache.spark.sql.catalyst.ExtendedAnalysisException
{
  "errorClass" : "DATATYPE_MISMATCH.UNEXPECTED_INPUT_TYPE",
  "sqlState" : "42K09",
  "messageParameters" : {
    "inputSql" : "\"1.0\"",
    "inputType" : "\"DOUBLE\"",
    "paramIndex" : "first",
    "requiredType" : "\"BOOLEAN\"",
    "sqlExpr" : "\"bool_or(1.0)\""
  },
  "queryContext" : [ {
    "objectType" : "",
    "objectName" : "",
    "startIndex" : 8,
    "stopIndex" : 20,
    "fragment" : "bool_or(1.0D)"
  } ]
}


-- !query
SELECT k, v, every(v) OVER (PARTITION BY k ORDER BY v) FROM test_agg
-- !query schema
struct<k:int,v:boolean,every(v) OVER (PARTITION BY k ORDER BY v ASC NULLS FIRST RANGE BETWEEN UNBOUNDED PRECEDING AND CURRENT ROW):boolean>
-- !query output
1	false	false
1	true	false
2	true	true
3	NULL	NULL
3	false	false
4	NULL	NULL
4	NULL	NULL
5	NULL	NULL
5	false	false
5	true	false


-- !query
SELECT k, v, some(v) OVER (PARTITION BY k ORDER BY v) FROM test_agg
-- !query schema
struct<k:int,v:boolean,some(v) OVER (PARTITION BY k ORDER BY v ASC NULLS FIRST RANGE BETWEEN UNBOUNDED PRECEDING AND CURRENT ROW):boolean>
-- !query output
1	false	false
1	true	true
2	true	true
3	NULL	NULL
3	false	false
4	NULL	NULL
4	NULL	NULL
5	NULL	NULL
5	false	false
5	true	true


-- !query
SELECT k, v, any(v) OVER (PARTITION BY k ORDER BY v) FROM test_agg
-- !query schema
struct<k:int,v:boolean,any(v) OVER (PARTITION BY k ORDER BY v ASC NULLS FIRST RANGE BETWEEN UNBOUNDED PRECEDING AND CURRENT ROW):boolean>
-- !query output
1	false	false
1	true	true
2	true	true
3	NULL	NULL
3	false	false
4	NULL	NULL
4	NULL	NULL
5	NULL	NULL
5	false	false
5	true	true


-- !query
SELECT k, v, bool_and(v) OVER (PARTITION BY k ORDER BY v) FROM test_agg
-- !query schema
struct<k:int,v:boolean,bool_and(v) OVER (PARTITION BY k ORDER BY v ASC NULLS FIRST RANGE BETWEEN UNBOUNDED PRECEDING AND CURRENT ROW):boolean>
-- !query output
1	false	false
1	true	false
2	true	true
3	NULL	NULL
3	false	false
4	NULL	NULL
4	NULL	NULL
5	NULL	NULL
5	false	false
5	true	false


-- !query
SELECT k, v, bool_or(v) OVER (PARTITION BY k ORDER BY v) FROM test_agg
-- !query schema
struct<k:int,v:boolean,bool_or(v) OVER (PARTITION BY k ORDER BY v ASC NULLS FIRST RANGE BETWEEN UNBOUNDED PRECEDING AND CURRENT ROW):boolean>
-- !query output
1	false	false
1	true	true
2	true	true
3	NULL	NULL
3	false	false
4	NULL	NULL
4	NULL	NULL
5	NULL	NULL
5	false	false
5	true	true


-- !query
SELECT count(*) FROM test_agg HAVING count(*) > 1L
-- !query schema
struct<count(1):bigint>
-- !query output
10


-- !query
SELECT k, max(v) FROM test_agg GROUP BY k HAVING max(v) = true
-- !query schema
struct<k:int,max(v):boolean>
-- !query output
1	true
2	true
5	true


-- !query
SELECT * FROM (SELECT COUNT(*) AS cnt FROM test_agg) WHERE cnt > 1L
-- !query schema
struct<cnt:bigint>
-- !query output
10


-- !query
SELECT count(*) FROM test_agg WHERE count(*) > 1L
-- !query schema
struct<>
-- !query output
org.apache.spark.sql.catalyst.ExtendedAnalysisException
{
  "errorClass" : "INVALID_WHERE_CONDITION",
  "sqlState" : "42903",
  "messageParameters" : {
    "condition" : "\"(count(1) > 1)\"",
    "expressionList" : "count(1)"
  },
  "queryContext" : [ {
    "objectType" : "",
    "objectName" : "",
    "startIndex" : 1,
    "stopIndex" : 49,
    "fragment" : "SELECT count(*) FROM test_agg WHERE count(*) > 1L"
  } ]
}


-- !query
SELECT count(*) FROM test_agg WHERE count(*) + 1L > 1L
-- !query schema
struct<>
-- !query output
org.apache.spark.sql.catalyst.ExtendedAnalysisException
{
  "errorClass" : "INVALID_WHERE_CONDITION",
  "sqlState" : "42903",
  "messageParameters" : {
    "condition" : "\"((count(1) + 1) > 1)\"",
    "expressionList" : "count(1)"
  },
  "queryContext" : [ {
    "objectType" : "",
    "objectName" : "",
    "startIndex" : 1,
    "stopIndex" : 54,
    "fragment" : "SELECT count(*) FROM test_agg WHERE count(*) + 1L > 1L"
  } ]
}


-- !query
SELECT count(*) FROM test_agg WHERE k = 1 or k = 2 or count(*) + 1L > 1L or max(k) > 1
-- !query schema
struct<>
-- !query output
org.apache.spark.sql.catalyst.ExtendedAnalysisException
{
  "errorClass" : "INVALID_WHERE_CONDITION",
  "sqlState" : "42903",
  "messageParameters" : {
    "condition" : "\"(((k = 1) OR (k = 2)) OR (((count(1) + 1) > 1) OR (max(k) > 1)))\"",
    "expressionList" : "count(1), max(test_agg.k)"
  },
  "queryContext" : [ {
    "objectType" : "",
    "objectName" : "",
    "startIndex" : 1,
    "stopIndex" : 86,
    "fragment" : "SELECT count(*) FROM test_agg WHERE k = 1 or k = 2 or count(*) + 1L > 1L or max(k) > 1"
  } ]
}


-- !query
SELECT AVG(DISTINCT decimal_col), SUM(DISTINCT decimal_col) FROM VALUES (CAST(1 AS DECIMAL(9, 0))) t(decimal_col)
-- !query schema
struct<avg(DISTINCT decimal_col):decimal(13,4),sum(DISTINCT decimal_col):decimal(19,0)>
-- !query output
1.0000	1


-- !query
SELECT not(a IS NULL), count(*) AS c
FROM testData
GROUP BY a IS NULL
-- !query schema
struct<(NOT (a IS NULL)):boolean,c:bigint>
-- !query output
false	2
true	7


-- !query
SELECT if(not(a IS NULL), rand(0), 1), count(*) AS c
FROM testData
GROUP BY a IS NULL
-- !query schema
struct<(IF((NOT (a IS NULL)), rand(0), 1)):double,c:bigint>
-- !query output
0.7604953758285915	7
1.0	2


-- !query
SELECT
  histogram_numeric(col, 2) as histogram_2,
  histogram_numeric(col, 3) as histogram_3,
  histogram_numeric(col, 5) as histogram_5,
  histogram_numeric(col, 10) as histogram_10
FROM VALUES
 (1), (2), (3), (4), (5), (6), (7), (8), (9), (10),
 (11), (12), (13), (14), (15), (16), (17), (18), (19), (20),
 (21), (22), (23), (24), (25), (26), (27), (28), (29), (30),
 (31), (32), (33), (34), (35), (3), (37), (38), (39), (40),
 (41), (42), (43), (44), (45), (46), (47), (48), (49), (50) AS tab(col)
-- !query schema
struct<histogram_2:array<struct<x:int,y:double>>,histogram_3:array<struct<x:int,y:double>>,histogram_5:array<struct<x:int,y:double>>,histogram_10:array<struct<x:int,y:double>>>
-- !query output
[{"x":12,"y":26.0},{"x":38,"y":24.0}]	[{"x":9,"y":20.0},{"x":25,"y":11.0},{"x":40,"y":19.0}]	[{"x":5,"y":11.0},{"x":14,"y":8.0},{"x":22,"y":7.0},{"x":30,"y":10.0},{"x":43,"y":14.0}]	[{"x":3,"y":6.0},{"x":8,"y":6.0},{"x":13,"y":4.0},{"x":17,"y":3.0},{"x":20,"y":4.0},{"x":25,"y":6.0},{"x":31,"y":7.0},{"x":39,"y":5.0},{"x":43,"y":4.0},{"x":48,"y":5.0}]


-- !query
SELECT histogram_numeric(col, 3) FROM VALUES (1), (2), (3) AS tab(col)
-- !query schema
struct<histogram_numeric(col, 3):array<struct<x:int,y:double>>>
-- !query output
[{"x":1,"y":1.0},{"x":2,"y":1.0},{"x":3,"y":1.0}]


-- !query
SELECT histogram_numeric(col, 3) FROM VALUES (1L), (2L), (3L) AS tab(col)
-- !query schema
struct<histogram_numeric(col, 3):array<struct<x:bigint,y:double>>>
-- !query output
[{"x":1,"y":1.0},{"x":2,"y":1.0},{"x":3,"y":1.0}]


-- !query
SELECT histogram_numeric(col, 3) FROM VALUES (1F), (2F), (3F) AS tab(col)
-- !query schema
struct<histogram_numeric(col, 3):array<struct<x:float,y:double>>>
-- !query output
[{"x":1.0,"y":1.0},{"x":2.0,"y":1.0},{"x":3.0,"y":1.0}]


-- !query
SELECT histogram_numeric(col, 3) FROM VALUES (1D), (2D), (3D) AS tab(col)
-- !query schema
struct<histogram_numeric(col, 3):array<struct<x:double,y:double>>>
-- !query output
[{"x":1.0,"y":1.0},{"x":2.0,"y":1.0},{"x":3.0,"y":1.0}]


-- !query
SELECT histogram_numeric(col, 3) FROM VALUES (1S), (2S), (3S) AS tab(col)
-- !query schema
struct<histogram_numeric(col, 3):array<struct<x:smallint,y:double>>>
-- !query output
[{"x":1,"y":1.0},{"x":2,"y":1.0},{"x":3,"y":1.0}]


-- !query
SELECT histogram_numeric(col, 3) FROM VALUES
  (CAST(1 AS BYTE)), (CAST(2 AS BYTE)), (CAST(3 AS BYTE)) AS tab(col)
-- !query schema
struct<histogram_numeric(col, 3):array<struct<x:tinyint,y:double>>>
-- !query output
[{"x":1,"y":1.0},{"x":2,"y":1.0},{"x":3,"y":1.0}]


-- !query
SELECT histogram_numeric(col, 3) FROM VALUES
  (CAST(1 AS TINYINT)), (CAST(2 AS TINYINT)), (CAST(3 AS TINYINT)) AS tab(col)
-- !query schema
struct<histogram_numeric(col, 3):array<struct<x:tinyint,y:double>>>
-- !query output
[{"x":1,"y":1.0},{"x":2,"y":1.0},{"x":3,"y":1.0}]


-- !query
SELECT histogram_numeric(col, 3) FROM VALUES
  (CAST(1 AS SMALLINT)), (CAST(2 AS SMALLINT)), (CAST(3 AS SMALLINT)) AS tab(col)
-- !query schema
struct<histogram_numeric(col, 3):array<struct<x:smallint,y:double>>>
-- !query output
[{"x":1,"y":1.0},{"x":2,"y":1.0},{"x":3,"y":1.0}]


-- !query
SELECT histogram_numeric(col, 3) FROM VALUES
  (CAST(1 AS BIGINT)), (CAST(2 AS BIGINT)), (CAST(3 AS BIGINT)) AS tab(col)
-- !query schema
struct<histogram_numeric(col, 3):array<struct<x:bigint,y:double>>>
-- !query output
[{"x":1,"y":1.0},{"x":2,"y":1.0},{"x":3,"y":1.0}]


-- !query
SELECT histogram_numeric(col, 3) FROM VALUES
  (CAST(1 AS DECIMAL(4, 2))), (CAST(2 AS DECIMAL(4, 2))), (CAST(3 AS DECIMAL(4, 2))) AS tab(col)
-- !query schema
struct<histogram_numeric(col, 3):array<struct<x:decimal(4,2),y:double>>>
-- !query output
[{"x":1.00,"y":1.0},{"x":2.00,"y":1.0},{"x":3.00,"y":1.0}]


-- !query
SELECT histogram_numeric(col, 3) FROM VALUES (TIMESTAMP '2017-03-01 00:00:00'),
  (TIMESTAMP '2017-04-01 00:00:00'), (TIMESTAMP '2017-05-01 00:00:00') AS tab(col)
-- !query schema
struct<histogram_numeric(col, 3):array<struct<x:timestamp,y:double>>>
-- !query output
[{"x":2017-03-01 00:00:00,"y":1.0},{"x":2017-04-01 00:00:00,"y":1.0},{"x":2017-05-01 00:00:00,"y":1.0}]


-- !query
SELECT histogram_numeric(col, 3) FROM VALUES (INTERVAL '100-00' YEAR TO MONTH),
  (INTERVAL '110-00' YEAR TO MONTH), (INTERVAL '120-00' YEAR TO MONTH) AS tab(col)
-- !query schema
struct<histogram_numeric(col, 3):array<struct<x:interval year to month,y:double>>>
-- !query output
[{"x":100-0,"y":1.0},{"x":110-0,"y":1.0},{"x":120-0,"y":1.0}]


-- !query
SELECT histogram_numeric(col, 3) FROM VALUES (INTERVAL '12 20:4:0' DAY TO SECOND),
  (INTERVAL '12 21:4:0' DAY TO SECOND), (INTERVAL '12 22:4:0' DAY TO SECOND) AS tab(col)
-- !query schema
struct<histogram_numeric(col, 3):array<struct<x:interval day to second,y:double>>>
-- !query output
[{"x":12 20:04:00.000000000,"y":1.0},{"x":12 21:04:00.000000000,"y":1.0},{"x":12 22:04:00.000000000,"y":1.0}]


-- !query
SELECT histogram_numeric(col, 3)
FROM VALUES (NULL), (NULL), (NULL) AS tab(col)
-- !query schema
struct<histogram_numeric(col, 3):array<struct<x:double,y:double>>>
-- !query output
NULL


-- !query
SELECT histogram_numeric(col, 3)
FROM VALUES (CAST(NULL AS DOUBLE)), (CAST(NULL AS DOUBLE)), (CAST(NULL AS DOUBLE)) AS tab(col)
-- !query schema
struct<histogram_numeric(col, 3):array<struct<x:double,y:double>>>
-- !query output
NULL


-- !query
SELECT histogram_numeric(col, 3)
FROM VALUES (CAST(NULL AS INT)), (CAST(NULL AS INT)), (CAST(NULL AS INT)) AS tab(col)
-- !query schema
struct<histogram_numeric(col, 3):array<struct<x:int,y:double>>>
-- !query output
NULL


-- !query
SELECT
  collect_list(col),
  array_agg(col)
FROM VALUES
  (1), (2), (1) AS tab(col)
-- !query schema
struct<collect_list(col):array<int>,collect_list(col):array<int>>
-- !query output
[1,2,1]	[1,2,1]


-- !query
SELECT
  a,
  collect_list(b),
  array_agg(b)
FROM VALUES
  (1,4),(2,3),(1,4),(2,4) AS v(a,b)
GROUP BY a
-- !query schema
struct<a:int,collect_list(b):array<int>,collect_list(b):array<int>>
-- !query output
1	[4,4]	[4,4]
2	[3,4]	[3,4]


-- !query
SELECT c * 2 AS d
FROM (
         SELECT if(b > 1, 1, b) AS c
         FROM (
                  SELECT if(a < 0, 0, a) AS b
                  FROM VALUES (-1), (1), (2) AS t1(a)
              ) t2
         GROUP BY b
     ) t3
GROUP BY c
-- !query schema
struct<d:int>
-- !query output
0
2


-- !query
SELECT col1, count(*) AS cnt
FROM VALUES
  (0.0),
  (-0.0),
  (double('NaN')),
  (double('NaN')),
  (double('Infinity')),
  (double('Infinity')),
  (-double('Infinity')),
  (-double('Infinity'))
GROUP BY col1
ORDER BY col1
-- !query schema
struct<col1:double,cnt:bigint>
-- !query output
-Infinity	2
0.0	2
Infinity	2
NaN	2


-- !query
SELECT count(*)
FROM VALUES (ARRAY(MAP(1, 2, 2, 3), MAP(1, 3))), (ARRAY(MAP(2, 3), MAP(1, 3))), (ARRAY(MAP(2, 3, 1, 2), MAP(1, 3))) as t(a)
GROUP BY a
-- !query schema
struct<count(1):bigint>
-- !query output
1
2


-- !query
SELECT count(*)
FROM VALUES (named_struct('b', map(1, 2, 2, 3))), (named_struct('b', map(1, 3))), (named_struct('b', map(2, 3, 1, 2))) as t(a)
GROUP BY a
-- !query schema
struct<count(1):bigint>
-- !query output
1
2


-- !query
SELECT count(*)
FROM VALUES (named_struct('b', map(1, 2, 2, 3))), (named_struct('b', map(1, 3))), (named_struct('b', map(2, 3, 1, 2))) as t(a)
GROUP BY a.b
-- !query schema
struct<count(1):bigint>
-- !query output
1
2


-- !query
SELECT count(*)
FROM VALUES (named_struct('b', array(map(1, 2, 2, 3), map(1, 3)))), (named_struct('b', array(map(2, 3), map(1, 3)))), (named_struct('b', array(map(2, 3, 1, 2), map(1, 3)))) as t(a)
GROUP BY a
-- !query schema
struct<count(1):bigint>
-- !query output
1
2


-- !query
SELECT count(*)
FROM VALUES (ARRAY(named_struct('b', map(1, 2, 2, 3)), named_struct('b', map(1, 3)))), (ARRAY(named_struct('b', map(2, 3)), named_struct('b', map(1, 3)))), (ARRAY(named_struct('b', map(2, 3, 1, 2)), named_struct('b', map(1, 3)))) as t(a)
group BY a
-- !query schema
struct<count(1):bigint>
-- !query output
1
2


-- !query
SELECT count(*)
FROM VALUES (map(array(1, 2), 2, array(2, 3), 3)), (map(array(1, 3), 3)), (map(array(2, 3), 3, array(1, 2), 2)) as t(a)
group BY a
-- !query schema
struct<count(1):bigint>
-- !query output
1
2


-- !query
SELECT count(*)
FROM VALUES (map(array(1, 2, 3), 3)), (map(array(3, 2, 1), 3)) as t(a)
group BY a
-- !query schema
struct<count(1):bigint>
-- !query output
1
1


-- !query
SELECT count(*)
FROM VALUES (ARRAY(map(array(1, 2), 2, array(2, 3), 3))), (ARRAY(MAP(ARRAY(1, 3), 3))), (ARRAY(map(array(2, 3), 3, array(1, 2), 2))) as t(a)
group BY a
-- !query schema
struct<count(1):bigint>
-- !query output
1
2


-- !query
SELECT count(*)
FROM VALUES (map(named_struct('b', 1), 2, named_struct('b', 2), 3)), (map(named_struct('b', 1), 3)), (map(named_struct('b', 2), 3, named_struct('b', 1), 2)) as t(a)
group BY a
-- !query schema
struct<count(1):bigint>
-- !query output
1
2


-- !query
SELECT count(*)
FROM VALUES (named_struct('b', map(named_struct('c', 1), 2, named_struct('c', 2), 3))), (named_struct('b', map(named_struct('c', 1), 3))), (named_struct('b', map(named_struct('c', 2), 3, named_struct('c', 1), 2))) as t(a)
group BY a
-- !query schema
struct<count(1):bigint>
-- !query output
1
2


-- !query
SELECT count(*)
FROM VALUES (named_struct('b', map(named_struct('c', 1), 2, named_struct('c', 2), 3))), (named_struct('b', map(named_struct('c', 1), 3))), (named_struct('b', map(named_struct('c', 2), 3, named_struct('c', 1), 2))) as t(a)
group BY a.b
-- !query schema
struct<count(1):bigint>
-- !query output
1
2


-- !query
SELECT count(*)
FROM VALUES (Map(1, Map(1,2), 2, Map(2, 3, 1, 2))), (Map(2, Map(1, 2, 2,3), 1, Map(1, 2))), (Map(1, Map(1,2), 2, Map(2, 4))) as t(a)
GROUP BY a
-- !query schema
struct<count(1):bigint>
-- !query output
1
2


-- !query
SELECT count(*)
FROM VALUES (Map(1, Array(Map(1,2)), 2, Array(Map(2, 3, 1, 2)))), (Map(2, Array(Map(1, 2, 2,3)), 1, Array(Map(1, 2)))), (Map(1, Array(Map(1,2)), 2, Array(Map(2, 4)))) as t(a)
GROUP BY a
-- !query schema
struct<count(1):bigint>
-- !query output
1
2
