-- Automatically generated by SQLQueryTestSuite
-- Number of queries: 9


-- !query 0
create temporary view hav as select * from values
  ("one", 1),
  ("two", 2),
  ("three", 3),
  ("one", 5)
  as hav(k, v)
-- !query 0 schema
struct<>
-- !query 0 output



-- !query 1
SELECT k, sum(v) FROM hav GROUP BY k HAVING sum(v) > 2
-- !query 1 schema
struct<k:string,sum(v):bigint>
-- !query 1 output
one	6
three	3


-- !query 2
SELECT count(k) FROM hav GROUP BY v + 1 HAVING v + 1 = 2
-- !query 2 schema
struct<count(k):bigint>
-- !query 2 output
1


-- !query 3
SELECT MIN(t.v) FROM (SELECT * FROM hav WHERE v > 0) t HAVING(COUNT(1) > 0)
-- !query 3 schema
struct<min(v):int>
-- !query 3 output
1


-- !query 4
SELECT a + b FROM VALUES (1L, 2), (3L, 4) AS T(a, b) GROUP BY a + b HAVING a + b > 1
-- !query 4 schema
struct<(a + CAST(b AS BIGINT)):bigint>
-- !query 4 output
3
7


-- !query 5
SELECT SUM(a) AS b, hour('2020-01-01 12:12:12') AS fake FROM VALUES (1, 10), (2, 20) AS T(a, b) GROUP BY b HAVING b > 10
-- !query 5 schema
struct<b:bigint,fake:int>
-- !query 5 output
2	12


-- !query 6
SELECT SUM(a) AS b FROM VALUES (1, 10), (2, 20) AS T(a, b) GROUP BY GROUPING SETS ((b), (a, b)) HAVING b > 10
-- !query 6 schema
struct<b:bigint>
-- !query 6 output
2
2


-- !query 7
SELECT SUM(a) AS b FROM VALUES (1, 10), (2, 20) AS T(a, b) GROUP BY CUBE(a, b) HAVING b > 10
-- !query 7 schema
struct<b:bigint>
-- !query 7 output
2
2


-- !query 8
SELECT SUM(a) AS b FROM VALUES (1, 10), (2, 20) AS T(a, b) GROUP BY ROLLUP(a, b) HAVING b > 10
-- !query 8 schema
struct<b:bigint>
-- !query 8 output
2


-- !query 9
SELECT c1 FROM VALUES (1, 2) as t(c1, c2) GROUP BY GROUPING SETS(t.c1) HAVING t.c1 = 1
-- !query schema
struct<c1:int>
-- !query output
1


-- !query 10
SELECT c1 FROM VALUES (1, 2) as t(c1, c2) GROUP BY CUBE(t.c1) HAVING t.c1 = 1
-- !query schema
struct<c1:int>
-- !query output
1


-- !query 11
SELECT c1 FROM VALUES (1, 2) as t(c1, c2) GROUP BY ROLLUP(t.c1) HAVING t.c1 = 1
-- !query schema
struct<c1:int>
-- !query output
1


-- !query 12
SELECT c1 FROM VALUES (1, 2) as t(c1, c2) GROUP BY t.c1 HAVING t.c1 = 1
-- !query schema
struct<c1:int>
-- !query output
1
