-- Automatically generated by SQLQueryTestSuite
-- !query
create temporary view hav as select * from values
  ("one", 1),
  ("two", 2),
  ("three", 3),
  ("one", 5)
  as hav(k, v)
-- !query schema
struct<>
-- !query output



-- !query
SELECT k, sum(v) FROM hav GROUP BY k HAVING sum(v) > 2
-- !query schema
struct<k:string,sum(v):bigint>
-- !query output
one	6
three	3


-- !query
SELECT count(k) FROM hav GROUP BY v + 1 HAVING v + 1 = 2
-- !query schema
struct<count(k):bigint>
-- !query output
1


-- !query
SELECT count(k) FROM hav GROUP BY v HAVING v = array(1)
-- !query schema
struct<>
-- !query output
org.apache.spark.sql.AnalysisException
{
  "errorClass" : "DATATYPE_MISMATCH",
  "errorSubClass" : "BINARY_OP_DIFF_TYPES",
  "messageParameters" : {
    "sqlExpr" : "\"(v = array(1))\"",
    "left" : "\"INT\"",
    "right" : "\"ARRAY<INT>\""
  },
  "queryContext" : [ {
    "objectType" : "",
    "objectName" : "",
    "startIndex" : 1,
    "stopIndex" : 55,
    "fragment" : "SELECT count(k) FROM hav GROUP BY v HAVING v = array(1)"
  } ]
}


-- !query
SELECT MIN(t.v) FROM (SELECT * FROM hav WHERE v > 0) t HAVING(COUNT(1) > 0)
-- !query schema
struct<min(v):int>
-- !query output
1


-- !query
SELECT a + b FROM VALUES (1L, 2), (3L, 4) AS T(a, b) GROUP BY a + b HAVING a + b > 1
-- !query schema
struct<(a + b):bigint>
-- !query output
3
7


-- !query
SELECT SUM(a) AS b, CAST('2020-01-01' AS DATE) AS fake FROM VALUES (1, 10), (2, 20) AS T(a, b) GROUP BY b HAVING b > 10
-- !query schema
struct<b:bigint,fake:date>
-- !query output
2	2020-01-01


-- !query
SELECT SUM(a) AS b FROM VALUES (1, 10), (2, 20) AS T(a, b) GROUP BY GROUPING SETS ((b), (a, b)) HAVING b > 10
-- !query schema
struct<b:bigint>
-- !query output
2
2


-- !query
SELECT SUM(a) AS b FROM VALUES (1, 10), (2, 20) AS T(a, b) GROUP BY CUBE(a, b) HAVING b > 10
-- !query schema
struct<b:bigint>
-- !query output
2
2


-- !query
SELECT SUM(a) AS b FROM VALUES (1, 10), (2, 20) AS T(a, b) GROUP BY ROLLUP(a, b) HAVING b > 10
-- !query schema
struct<b:bigint>
-- !query output
2


-- !query
SELECT c1 FROM VALUES (1, 2) as t(c1, c2) GROUP BY GROUPING SETS(t.c1) HAVING t.c1 = 1
-- !query schema
struct<c1:int>
-- !query output
1


-- !query
SELECT c1 FROM VALUES (1, 2) as t(c1, c2) GROUP BY CUBE(t.c1) HAVING t.c1 = 1
-- !query schema
struct<c1:int>
-- !query output
1


-- !query
SELECT c1 FROM VALUES (1, 2) as t(c1, c2) GROUP BY ROLLUP(t.c1) HAVING t.c1 = 1
-- !query schema
struct<c1:int>
-- !query output
1


-- !query
SELECT c1 FROM VALUES (1, 2) as t(c1, c2) GROUP BY t.c1 HAVING t.c1 = 1
-- !query schema
struct<c1:int>
-- !query output
1
