-- Automatically generated by SQLQueryTestSuite
-- !query
SELECT listagg(c1) WITHIN GROUP (ORDER BY c1 COLLATE utf8_binary) FROM (VALUES ('a'), ('A'), ('b'), ('B')) AS t(c1)
-- !query schema
struct<listagg(c1, NULL) WITHIN GROUP (ORDER BY collate(c1, utf8_binary) ASC NULLS FIRST):string>
-- !query output
ABab


-- !query
SELECT listagg(c1) WITHIN GROUP (ORDER BY c1 COLLATE utf8_lcase) FROM (VALUES ('a'), ('A'), ('b'), ('B')) AS t(c1)
-- !query schema
struct<listagg(c1, NULL) WITHIN GROUP (ORDER BY collate(c1, utf8_lcase) ASC NULLS FIRST):string>
-- !query output
aAbB


-- !query
SELECT listagg(DISTINCT c1 COLLATE utf8_binary) FROM (VALUES ('a'), ('A'), ('b'), ('B')) AS t(c1)
-- !query schema
struct<listagg(DISTINCT collate(c1, utf8_binary), NULL):string>
-- !query output
aAbB


-- !query
SELECT listagg(DISTINCT c1 COLLATE utf8_lcase) FROM (VALUES ('a'), ('A'), ('b'), ('B')) AS t(c1)
-- !query schema
struct<listagg(DISTINCT collate(c1, utf8_lcase), NULL):string collate UTF8_LCASE>
-- !query output
ab


-- !query
SELECT listagg(DISTINCT c1 COLLATE utf8_lcase) WITHIN GROUP (ORDER BY c1 COLLATE utf8_lcase) FROM (VALUES ('a'), ('B'), ('b'), ('A')) AS t(c1)
-- !query schema
struct<listagg(DISTINCT collate(c1, utf8_lcase), NULL) WITHIN GROUP (ORDER BY collate(c1, utf8_lcase) ASC NULLS FIRST):string collate UTF8_LCASE>
-- !query output
aB


-- !query
SELECT listagg(DISTINCT c1 COLLATE unicode_rtrim) FROM (VALUES ('abc  '), ('abc '), ('x'), ('abc')) AS t(c1)
-- !query schema
struct<listagg(DISTINCT collate(c1, unicode_rtrim), NULL):string collate UNICODE_RTRIM>
-- !query output
abc  x


-- !query
SELECT listagg(c1) WITHIN GROUP (ORDER BY c1) FROM (VALUES ('abc  '), ('abc '), ('abc\n'), ('abc'), ('x')) AS t(c1)
-- !query schema
struct<listagg(c1, NULL) WITHIN GROUP (ORDER BY c1 ASC NULLS FIRST):string>
-- !query output
abcabc
abc abc  x


-- !query
SELECT listagg(c1) WITHIN GROUP (ORDER BY c1 COLLATE unicode_rtrim) FROM (VALUES ('abc  '), ('abc '), ('abc\n'), ('abc'), ('x')) AS t(c1)
-- !query schema
struct<listagg(c1, NULL) WITHIN GROUP (ORDER BY collate(c1, unicode_rtrim) ASC NULLS FIRST):string>
-- !query output
abc  abc abcabc
x


-- !query
SELECT listagg(DISTINCT c1 COLLATE utf8_lcase) WITHIN GROUP (ORDER BY c1 COLLATE utf8_binary) FROM (VALUES ('a'), ('b'), ('A'), ('B')) AS t(c1)
-- !query schema
struct<>
-- !query output
org.apache.spark.sql.catalyst.ExtendedAnalysisException
{
  "errorClass" : "INVALID_WITHIN_GROUP_EXPRESSION.MISMATCH_WITH_DISTINCT_INPUT",
  "sqlState" : "42K0K",
  "messageParameters" : {
    "funcArg" : "\"collate(c1, utf8_lcase)\"",
    "funcName" : "`listagg`",
    "orderingExpr" : "\"collate(c1, utf8_binary)\""
  }
}
