-- Automatically generated by SQLQueryTestSuite
-- !query
create table t1(a int, b int, c int) using parquet
-- !query schema
struct<>
-- !query output



-- !query
insert into t1 values(1,0,0)
-- !query schema
struct<>
-- !query output



-- !query
insert into t1 values(2,0,1)
-- !query schema
struct<>
-- !query output



-- !query
insert into t1 values(3,1,0)
-- !query schema
struct<>
-- !query output



-- !query
insert into t1 values(4,1,1)
-- !query schema
struct<>
-- !query output



-- !query
insert into t1 values(5,null,0)
-- !query schema
struct<>
-- !query output



-- !query
insert into t1 values(6,null,1)
-- !query schema
struct<>
-- !query output



-- !query
insert into t1 values(7,null,null)
-- !query schema
struct<>
-- !query output



-- !query
select a, b+c from t1
-- !query schema
struct<a:int,(b + c):int>
-- !query output
1	0
2	1
3	1
4	2
5	NULL
6	NULL
7	NULL


-- !query
select b + 0 from t1 where a = 5
-- !query schema
struct<(b + 0):int>
-- !query output
NULL


-- !query
select -100 + b + 100 from t1 where a = 5
-- !query schema
struct<((-100 + b) + 100):int>
-- !query output
NULL


-- !query
select a+10, b*0 from t1
-- !query schema
struct<(a + 10):int,(b * 0):int>
-- !query output
11	0
12	0
13	0
14	0
15	NULL
16	NULL
17	NULL


-- !query
select distinct b from t1
-- !query schema
struct<b:int>
-- !query output
0
1
NULL


-- !query
select b from t1 union select b from t1
-- !query schema
struct<b:int>
-- !query output
0
1
NULL


-- !query
select a+20, case b when c then 1 else 0 end from t1
-- !query schema
struct<(a + 20):int,CASE WHEN (b = c) THEN 1 ELSE 0 END:int>
-- !query output
21	1
22	0
23	0
24	1
25	0
26	0
27	0


-- !query
select a+30, case c when b then 1 else 0 end from t1
-- !query schema
struct<(a + 30):int,CASE WHEN (c = b) THEN 1 ELSE 0 END:int>
-- !query output
31	1
32	0
33	0
34	1
35	0
36	0
37	0


-- !query
select a+40, case when b<>0 then 1 else 0 end from t1
-- !query schema
struct<(a + 40):int,CASE WHEN (NOT (b = 0)) THEN 1 ELSE 0 END:int>
-- !query output
41	0
42	0
43	1
44	1
45	0
46	0
47	0


-- !query
select a+50, case when not b<>0 then 1 else 0 end from t1
-- !query schema
struct<(a + 50):int,CASE WHEN (NOT (NOT (b = 0))) THEN 1 ELSE 0 END:int>
-- !query output
51	1
52	1
53	0
54	0
55	0
56	0
57	0


-- !query
select a+60, case when b<>0 and c<>0 then 1 else 0 end from t1
-- !query schema
struct<(a + 60):int,CASE WHEN ((NOT (b = 0)) AND (NOT (c = 0))) THEN 1 ELSE 0 END:int>
-- !query output
61	0
62	0
63	0
64	1
65	0
66	0
67	0


-- !query
select a+70, case when not (b<>0 and c<>0) then 1 else 0 end from t1
-- !query schema
struct<(a + 70):int,CASE WHEN (NOT ((NOT (b = 0)) AND (NOT (c = 0)))) THEN 1 ELSE 0 END:int>
-- !query output
71	1
72	1
73	1
74	0
75	1
76	0
77	0


-- !query
select a+80, case when b<>0 or c<>0 then 1 else 0 end from t1
-- !query schema
struct<(a + 80):int,CASE WHEN ((NOT (b = 0)) OR (NOT (c = 0))) THEN 1 ELSE 0 END:int>
-- !query output
81	0
82	1
83	1
84	1
85	0
86	1
87	0


-- !query
select a+90, case when not (b<>0 or c<>0) then 1 else 0 end from t1
-- !query schema
struct<(a + 90):int,CASE WHEN (NOT ((NOT (b = 0)) OR (NOT (c = 0)))) THEN 1 ELSE 0 END:int>
-- !query output
91	1
92	0
93	0
94	0
95	0
96	0
97	0


-- !query
select count(*), count(b), sum(b), avg(b), min(b), max(b) from t1
-- !query schema
struct<count(1):bigint,count(b):bigint,sum(b):bigint,avg(b):double,min(b):int,max(b):int>
-- !query output
7	4	2	0.5	0	1


-- !query
select a+100 from t1 where b<10
-- !query schema
struct<(a + 100):int>
-- !query output
101
102
103
104


-- !query
select a+110 from t1 where not b>10
-- !query schema
struct<(a + 110):int>
-- !query output
111
112
113
114


-- !query
select a+120 from t1 where b<10 OR c=1
-- !query schema
struct<(a + 120):int>
-- !query output
121
122
123
124
126


-- !query
select a+130 from t1 where b<10 AND c=1
-- !query schema
struct<(a + 130):int>
-- !query output
132
134


-- !query
select a+140 from t1 where not (b<10 AND c=1)
-- !query schema
struct<(a + 140):int>
-- !query output
141
143
145


-- !query
select a+150 from t1 where not (c=1 AND b<10)
-- !query schema
struct<(a + 150):int>
-- !query output
151
153
155


-- !query
select b, c, equal_null(b, c), equal_null(c, b) from t1
-- !query schema
struct<b:int,c:int,equal_null(b, c):boolean,equal_null(c, b):boolean>
-- !query output
0	0	true	true
0	1	false	false
1	0	false	false
1	1	true	true
NULL	0	false	false
NULL	1	false	false
NULL	NULL	true	true


-- !query
drop table t1
-- !query schema
struct<>
-- !query output

