-- Automatically generated by SQLQueryTestSuite
-- !query
create table spark_10747(col1 int, col2 int, col3 int) using parquet
-- !query schema
struct<>
-- !query output



-- !query
INSERT INTO spark_10747 VALUES (6, 12, 10), (6, 11, 4), (6, 9, 10), (6, 15, 8),
(6, 15, 8), (6, 7, 4), (6, 7, 8), (6, 13, null), (6, 10, null)
-- !query schema
struct<>
-- !query output



-- !query
select col1, col2, col3, sum(col2)
    over (partition by col1
       order by col3 desc nulls last, col2
       rows between 2 preceding and 2 following ) as sum_col2
from spark_10747 where col1 = 6 order by sum_col2
-- !query schema
struct<col1:int,col2:int,col3:int,sum_col2:bigint>
-- !query output
6	9	10	28
6	13	NULL	34
6	10	NULL	41
6	12	10	43
6	15	8	55
6	15	8	56
6	11	4	56
6	7	8	58
6	7	4	58


-- !query
select col1, col2, col3, sum(col2)
    over (partition by col1
       order by col3 desc nulls first, col2
       rows between 2 preceding and 2 following ) as sum_col2
from spark_10747 where col1 = 6 order by sum_col2
-- !query schema
struct<col1:int,col2:int,col3:int,sum_col2:bigint>
-- !query output
6	10	NULL	32
6	11	4	33
6	13	NULL	44
6	7	4	48
6	9	10	51
6	15	8	55
6	12	10	56
6	15	8	56
6	7	8	58


-- !query
select col1, col2, col3, sum(col2)
    over (partition by col1
       order by col3 asc nulls last, col2
       rows between 2 preceding and 2 following ) as sum_col2
from spark_10747 where col1 = 6 order by sum_col2
-- !query schema
struct<col1:int,col2:int,col3:int,sum_col2:bigint>
-- !query output
6	7	4	25
6	13	NULL	35
6	11	4	40
6	10	NULL	44
6	7	8	55
6	15	8	57
6	15	8	58
6	12	10	59
6	9	10	61


-- !query
select col1, col2, col3, sum(col2)
    over (partition by col1
       order by col3 asc nulls first, col2
       rows between 2 preceding and 2 following ) as sum_col2
from spark_10747 where col1 = 6 order by sum_col2
-- !query schema
struct<col1:int,col2:int,col3:int,sum_col2:bigint>
-- !query output
6	10	NULL	30
6	12	10	36
6	13	NULL	41
6	7	4	48
6	9	10	51
6	11	4	53
6	7	8	55
6	15	8	57
6	15	8	58


-- !query
SELECT COL1, COL2, COL3 FROM spark_10747 ORDER BY COL3 ASC NULLS FIRST, COL2
-- !query schema
struct<COL1:int,COL2:int,COL3:int>
-- !query output
6	10	NULL
6	13	NULL
6	7	4
6	11	4
6	7	8
6	15	8
6	15	8
6	9	10
6	12	10


-- !query
SELECT COL1, COL2, COL3 FROM spark_10747 ORDER BY COL3 NULLS LAST, COL2
-- !query schema
struct<COL1:int,COL2:int,COL3:int>
-- !query output
6	7	4
6	11	4
6	7	8
6	15	8
6	15	8
6	9	10
6	12	10
6	10	NULL
6	13	NULL


-- !query
SELECT COL1, COL2, COL3 FROM spark_10747 ORDER BY COL3 DESC NULLS FIRST, COL2
-- !query schema
struct<COL1:int,COL2:int,COL3:int>
-- !query output
6	10	NULL
6	13	NULL
6	9	10
6	12	10
6	7	8
6	15	8
6	15	8
6	7	4
6	11	4


-- !query
SELECT COL1, COL2, COL3 FROM spark_10747 ORDER BY COL3 DESC NULLS LAST, COL2
-- !query schema
struct<COL1:int,COL2:int,COL3:int>
-- !query output
6	9	10
6	12	10
6	7	8
6	15	8
6	15	8
6	7	4
6	11	4
6	10	NULL
6	13	NULL


-- !query
drop table spark_10747
-- !query schema
struct<>
-- !query output



-- !query
create table spark_10747_mix(
col1 string,
col2 int,
col3 double,
col4 decimal(10,2),
col5 decimal(20,1))
using parquet
-- !query schema
struct<>
-- !query output



-- !query
INSERT INTO spark_10747_mix VALUES
('b', 2, 1.0, 1.00, 10.0),
('d', 3, 2.0, 3.00, 0.0),
('c', 3, 2.0, 2.00, 15.1),
('d', 3, 0.0, 3.00, 1.0),
(null, 3, 0.0, 3.00, 1.0),
('d', 3, null, 4.00, 1.0),
('a', 1, 1.0, 1.00, null),
('c', 3, 2.0, 2.00, null)
-- !query schema
struct<>
-- !query output



-- !query
select * from spark_10747_mix order by col1 nulls last, col5 nulls last
-- !query schema
struct<col1:string,col2:int,col3:double,col4:decimal(10,2),col5:decimal(20,1)>
-- !query output
a	1	1.0	1.00	NULL
b	2	1.0	1.00	10.0
c	3	2.0	2.00	15.1
c	3	2.0	2.00	NULL
d	3	2.0	3.00	0.0
d	3	0.0	3.00	1.0
d	3	NULL	4.00	1.0
NULL	3	0.0	3.00	1.0


-- !query
select * from spark_10747_mix order by col1 desc nulls first, col5 desc nulls first
-- !query schema
struct<col1:string,col2:int,col3:double,col4:decimal(10,2),col5:decimal(20,1)>
-- !query output
NULL	3	0.0	3.00	1.0
d	3	0.0	3.00	1.0
d	3	NULL	4.00	1.0
d	3	2.0	3.00	0.0
c	3	2.0	2.00	NULL
c	3	2.0	2.00	15.1
b	2	1.0	1.00	10.0
a	1	1.0	1.00	NULL


-- !query
select * from spark_10747_mix order by col5 desc nulls first, col3 desc nulls last
-- !query schema
struct<col1:string,col2:int,col3:double,col4:decimal(10,2),col5:decimal(20,1)>
-- !query output
c	3	2.0	2.00	NULL
a	1	1.0	1.00	NULL
c	3	2.0	2.00	15.1
b	2	1.0	1.00	10.0
d	3	0.0	3.00	1.0
NULL	3	0.0	3.00	1.0
d	3	NULL	4.00	1.0
d	3	2.0	3.00	0.0


-- !query
drop table spark_10747_mix
-- !query schema
struct<>
-- !query output

