-- Automatically generated by SQLQueryTestSuite
-- !query
create temporary view data as select * from values
  (1, 1),
  (1, 2),
  (2, 1),
  (2, 2),
  (3, 1),
  (3, 2)
  as data(a, b)
-- !query schema
struct<>
-- !query output



-- !query
select * from data order by 1 desc
-- !query schema
struct<a:int,b:int>
-- !query output
3	1
3	2
2	1
2	2
1	1
1	2


-- !query
select * from data order by 1 desc, b desc
-- !query schema
struct<a:int,b:int>
-- !query output
3	2
3	1
2	2
2	1
1	2
1	1


-- !query
select * from data order by 1 desc, 2 desc
-- !query schema
struct<a:int,b:int>
-- !query output
3	2
3	1
2	2
2	1
1	2
1	1


-- !query
select * from data order by 1 + 0 desc, b desc
-- !query schema
struct<a:int,b:int>
-- !query output
1	2
2	2
3	2
1	1
2	1
3	1


-- !query
select * from data order by 0
-- !query schema
struct<>
-- !query output
org.apache.spark.sql.AnalysisException
ORDER BY position 0 is not in select list (valid range is [1, 2]); line 1 pos 28


-- !query
select * from data order by -1
-- !query schema
struct<>
-- !query output
org.apache.spark.sql.AnalysisException
ORDER BY position -1 is not in select list (valid range is [1, 2]); line 1 pos 28


-- !query
select * from data order by 3
-- !query schema
struct<>
-- !query output
org.apache.spark.sql.AnalysisException
ORDER BY position 3 is not in select list (valid range is [1, 2]); line 1 pos 28


-- !query
select * from data sort by 1 desc
-- !query schema
struct<a:int,b:int>
-- !query output
1	1
1	2
2	1
2	2
3	1
3	2


-- !query
set spark.sql.orderByOrdinal=false
-- !query schema
struct<key:string,value:string>
-- !query output
spark.sql.orderByOrdinal	false


-- !query
select * from data order by 0
-- !query schema
struct<a:int,b:int>
-- !query output
1	1
1	2
2	1
2	2
3	1
3	2


-- !query
select * from data sort by 0
-- !query schema
struct<a:int,b:int>
-- !query output
1	1
1	2
2	1
2	2
3	1
3	2
