-- Automatically generated by SQLQueryTestSuite
-- Number of queries: 6


-- !query
CREATE OR REPLACE TEMPORARY VIEW t1 AS SELECT * FROM VALUES
(-234), (145), (367), (975), (298)
as t1(int_col1)
-- !query schema
struct<>
-- !query output



-- !query
CREATE OR REPLACE TEMPORARY VIEW t2 AS SELECT * FROM VALUES
(-769, -244), (-800, -409), (940, 86), (-507, 304), (-367, 158)
as t2(int_col0, int_col1)
-- !query schema
struct<>
-- !query output



-- !query
SELECT
  (SUM(COALESCE(t1.int_col1, t2.int_col0))),
     ((COALESCE(t1.int_col1, t2.int_col0)) * 2)
FROM t1
RIGHT JOIN t2
  ON (t2.int_col0) = (t1.int_col1)
GROUP BY GREATEST(COALESCE(t2.int_col1, 109), COALESCE(t1.int_col1, -449)),
         COALESCE(t1.int_col1, t2.int_col0)
HAVING (SUM(COALESCE(t1.int_col1, t2.int_col0)))
            > ((COALESCE(t1.int_col1, t2.int_col0)) * 2)
-- !query schema
struct<sum(coalesce(int_col1, int_col0)):bigint,(coalesce(int_col1, int_col0) * 2):int>
-- !query output
-367	-734
-507	-1014
-769	-1538
-800	-1600


-- !query
CREATE OR REPLACE TEMPORARY VIEW t1 AS SELECT * FROM VALUES (97) as t1(int_col1)
-- !query schema
struct<>
-- !query output



-- !query
CREATE OR REPLACE TEMPORARY VIEW t2 AS SELECT * FROM VALUES (0) as t2(int_col1)
-- !query schema
struct<>
-- !query output



-- !query
SELECT *
FROM (
SELECT
    COALESCE(t2.int_col1, t1.int_col1) AS int_col
    FROM t1
    LEFT JOIN t2 ON false
) t where (t.int_col) is not null
-- !query schema
struct<int_col:int>
-- !query output
97
