-- Automatically generated by SQLQueryTestSuite
-- !query
drop table if exists t
-- !query schema
struct<>
-- !query output



-- !query
create table t(x int, y string) using csv
-- !query schema
struct<>
-- !query output



-- !query
insert into t values (0, 'abc'), (1, 'def')
-- !query schema
struct<>
-- !query output



-- !query
drop table if exists other
-- !query schema
struct<>
-- !query output



-- !query
create table other(a int, b int) using json
-- !query schema
struct<>
-- !query output



-- !query
insert into other values (1, 1), (1, 2), (2, 4)
-- !query schema
struct<>
-- !query output



-- !query
drop table if exists st
-- !query schema
struct<>
-- !query output



-- !query
create table st(x int, col struct<i1:int, i2:int>) using parquet
-- !query schema
struct<>
-- !query output



-- !query
insert into st values (1, (2, 3))
-- !query schema
struct<>
-- !query output



-- !query
create temporary view courseSales as select * from values
  ("dotNET", 2012, 10000),
  ("Java", 2012, 20000),
  ("dotNET", 2012, 5000),
  ("dotNET", 2013, 48000),
  ("Java", 2013, 30000)
  as courseSales(course, year, earnings)
-- !query schema
struct<>
-- !query output



-- !query
create temporary view courseEarnings as select * from values
  ("dotNET", 15000, 48000, 22500),
  ("Java", 20000, 30000, NULL)
  as courseEarnings(course, `2012`, `2013`, `2014`)
-- !query schema
struct<>
-- !query output



-- !query
create temporary view courseEarningsAndSales as select * from values
  ("dotNET", 15000, NULL, 48000, 1, 22500, 1),
  ("Java", 20000, 1, 30000, 2, NULL, NULL)
  as courseEarningsAndSales(
    course, earnings2012, sales2012, earnings2013, sales2013, earnings2014, sales2014)
-- !query schema
struct<>
-- !query output



-- !query
create temporary view yearsWithComplexTypes as select * from values
  (2012, array(1, 1), map('1', 1), struct(1, 'a')),
  (2013, array(2, 2), map('2', 2), struct(2, 'b'))
  as yearsWithComplexTypes(y, a, m, s)
-- !query schema
struct<>
-- !query output



-- !query
create temporary view join_test_t1 as select * from values (1) as grouping(a)
-- !query schema
struct<>
-- !query output



-- !query
create temporary view join_test_t2 as select * from values (1) as grouping(a)
-- !query schema
struct<>
-- !query output



-- !query
create temporary view join_test_t3 as select * from values (1) as grouping(a)
-- !query schema
struct<>
-- !query output



-- !query
create temporary view join_test_empty_table as select a from join_test_t2 where false
-- !query schema
struct<>
-- !query output



-- !query
create temporary view lateral_test_t1(c1, c2)
  as values (0, 1), (1, 2)
-- !query schema
struct<>
-- !query output



-- !query
create temporary view lateral_test_t2(c1, c2)
  as values (0, 2), (0, 3)
-- !query schema
struct<>
-- !query output



-- !query
create temporary view lateral_test_t3(c1, c2)
  as values (0, array(0, 1)), (1, array(2)), (2, array()), (null, array(4))
-- !query schema
struct<>
-- !query output



-- !query
create temporary view lateral_test_t4(c1, c2)
  as values (0, 1), (0, 2), (1, 1), (1, 3)
-- !query schema
struct<>
-- !query output



-- !query
create temporary view natural_join_test_t1 as select * from values
  ("one", 1), ("two", 2), ("three", 3) as natural_join_test_t1(k, v1)
-- !query schema
struct<>
-- !query output



-- !query
create temporary view natural_join_test_t2 as select * from values
  ("one", 1), ("two", 22), ("one", 5) as natural_join_test_t2(k, v2)
-- !query schema
struct<>
-- !query output



-- !query
create temporary view natural_join_test_t3 as select * from values
  ("one", 4), ("two", 5), ("one", 6) as natural_join_test_t3(k, v3)
-- !query schema
struct<>
-- !query output



-- !query
create temporary view windowTestData as select * from values
  (null, 1L, 1.0D, date("2017-08-01"), timestamp_seconds(1501545600), "a"),
  (1, 1L, 1.0D, date("2017-08-01"), timestamp_seconds(1501545600), "a"),
  (1, 2L, 2.5D, date("2017-08-02"), timestamp_seconds(1502000000), "a"),
  (2, 2147483650L, 100.001D, date("2020-12-31"), timestamp_seconds(1609372800), "a"),
  (1, null, 1.0D, date("2017-08-01"), timestamp_seconds(1501545600), "b"),
  (2, 3L, 3.3D, date("2017-08-03"), timestamp_seconds(1503000000), "b"),
  (3, 2147483650L, 100.001D, date("2020-12-31"), timestamp_seconds(1609372800), "b"),
  (null, null, null, null, null, null),
  (3, 1L, 1.0D, date("2017-08-01"), timestamp_seconds(1501545600), null)
  AS testData(val, val_long, val_double, val_date, val_timestamp, cate)
-- !query schema
struct<>
-- !query output



-- !query
table t
|> select 1 as x
-- !query schema
struct<x:int>
-- !query output
1
1


-- !query
table t
|> select x, y
-- !query schema
struct<x:int,y:string>
-- !query output
0	abc
1	def


-- !query
table t
|> select x, y
|> select x + length(y) as z
-- !query schema
struct<z:int>
-- !query output
3
4


-- !query
values (0), (1) tab(col)
|> select col * 2 as result
-- !query schema
struct<result:int>
-- !query output
0
2


-- !query
(select * from t union all select * from t)
|> select x + length(y) as result
-- !query schema
struct<result:int>
-- !query output
3
3
4
4


-- !query
(table t
 |> select x, y
 |> select x)
union all
select x from t where x < 1
-- !query schema
struct<x:int>
-- !query output
0
0
1


-- !query
(select col from st)
|> select col.i1
-- !query schema
struct<i1:int>
-- !query output
2


-- !query
table st
|> select st.col.i1
-- !query schema
struct<i1:int>
-- !query output
2


-- !query
table t
|> select (select a from other where x = a limit 1) as result
-- !query schema
struct<result:int>
-- !query output
1
NULL


-- !query
select (values (0) tab(col) |> select col) as result
-- !query schema
struct<result:int>
-- !query output
0


-- !query
table t
|> select (select any_value(a) from other where x = a limit 1) as result
-- !query schema
struct<result:int>
-- !query output
1
NULL


-- !query
table t
|> select x + length(x) as z, z + 1 as plus_one
-- !query schema
struct<z:int,plus_one:int>
-- !query output
1	2
2	3


-- !query
table t
|> select first_value(x) over (partition by y) as result
-- !query schema
struct<result:int>
-- !query output
0
1


-- !query
select 1 x, 2 y, 3 z
|> select 1 + sum(x) over (),
     avg(y) over (),
     x,
     avg(x+1) over (partition by y order by z) AS a2
|> select a2
-- !query schema
struct<a2:double>
-- !query output
2.0


-- !query
table t
|> select x, count(*) over ()
|> select x
-- !query schema
struct<x:int>
-- !query output
0
1


-- !query
table t
|> select distinct x, y
-- !query schema
struct<x:int,y:string>
-- !query output
0	abc
1	def


-- !query
table t
|> select *
-- !query schema
struct<x:int,y:string>
-- !query output
0	abc
1	def


-- !query
table t
|> select * except (y)
-- !query schema
struct<x:int>
-- !query output
0
1


-- !query
table t
|> select /*+ repartition(3) */ *
-- !query schema
struct<x:int,y:string>
-- !query output
0	abc
1	def


-- !query
table t
|> select /*+ repartition(3) */ distinct x
-- !query schema
struct<x:int>
-- !query output
0
1


-- !query
table t
|> select /*+ repartition(3) */ all x
-- !query schema
struct<x:int>
-- !query output
0
1


-- !query
table t
|> select sum(x) as result
-- !query schema
struct<>
-- !query output
org.apache.spark.sql.AnalysisException
{
  "errorClass" : "PIPE_OPERATOR_SELECT_CONTAINS_AGGREGATE_FUNCTION",
  "sqlState" : "0A000",
  "messageParameters" : {
    "expr" : "sum(x#x)"
  },
  "queryContext" : [ {
    "objectType" : "",
    "objectName" : "",
    "startIndex" : 19,
    "stopIndex" : 24,
    "fragment" : "sum(x)"
  } ]
}


-- !query
table t
|> select y, length(y) + sum(x) as result
-- !query schema
struct<>
-- !query output
org.apache.spark.sql.AnalysisException
{
  "errorClass" : "PIPE_OPERATOR_SELECT_CONTAINS_AGGREGATE_FUNCTION",
  "sqlState" : "0A000",
  "messageParameters" : {
    "expr" : "sum(x#x)"
  },
  "queryContext" : [ {
    "objectType" : "",
    "objectName" : "",
    "startIndex" : 34,
    "stopIndex" : 39,
    "fragment" : "sum(x)"
  } ]
}


-- !query
table t
|> where true
-- !query schema
struct<x:int,y:string>
-- !query output
0	abc
1	def


-- !query
table t
|> where x + length(y) < 4
-- !query schema
struct<x:int,y:string>
-- !query output
0	abc


-- !query
table t
|> where x + length(y) < 4
|> where x + length(y) < 3
-- !query schema
struct<x:int,y:string>
-- !query output



-- !query
(select x, sum(length(y)) as sum_len from t group by x)
|> where x = 1
-- !query schema
struct<x:int,sum_len:bigint>
-- !query output
1	3


-- !query
table t
|> where t.x = 1
-- !query schema
struct<x:int,y:string>
-- !query output
1	def


-- !query
table t
|> where spark_catalog.default.t.x = 1
-- !query schema
struct<x:int,y:string>
-- !query output
1	def


-- !query
(select col from st)
|> where col.i1 = 1
-- !query schema
struct<col:struct<i1:int,i2:int>>
-- !query output



-- !query
table st
|> where st.col.i1 = 2
-- !query schema
struct<x:int,col:struct<i1:int,i2:int>>
-- !query output
1	{"i1":2,"i2":3}


-- !query
table t
|> where exists (select a from other where x = a limit 1)
-- !query schema
struct<x:int,y:string>
-- !query output
1	def


-- !query
table t
|> where (select any_value(a) from other where x = a limit 1) = 1
-- !query schema
struct<x:int,y:string>
-- !query output
1	def


-- !query
table t
|> where sum(x) = 1
-- !query schema
struct<>
-- !query output
org.apache.spark.sql.catalyst.ExtendedAnalysisException
{
  "errorClass" : "INVALID_WHERE_CONDITION",
  "sqlState" : "42903",
  "messageParameters" : {
    "condition" : "\"(sum(x) = 1)\"",
    "expressionList" : "sum(spark_catalog.default.t.x)"
  },
  "queryContext" : [ {
    "objectType" : "",
    "objectName" : "",
    "startIndex" : 1,
    "stopIndex" : 27,
    "fragment" : "table t\n|> where sum(x) = 1"
  } ]
}


-- !query
table t
|> where y = 'abc' or length(y) + sum(x) = 1
-- !query schema
struct<>
-- !query output
org.apache.spark.sql.catalyst.ExtendedAnalysisException
{
  "errorClass" : "INVALID_WHERE_CONDITION",
  "sqlState" : "42903",
  "messageParameters" : {
    "condition" : "\"((y = abc) OR ((length(y) + sum(x)) = 1))\"",
    "expressionList" : "sum(spark_catalog.default.t.x)"
  },
  "queryContext" : [ {
    "objectType" : "",
    "objectName" : "",
    "startIndex" : 1,
    "stopIndex" : 52,
    "fragment" : "table t\n|> where y = 'abc' or length(y) + sum(x) = 1"
  } ]
}


-- !query
table t
|> where first_value(x) over (partition by y) = 1
-- !query schema
struct<>
-- !query output
org.apache.spark.sql.AnalysisException
{
  "errorClass" : "_LEGACY_ERROR_TEMP_1034",
  "messageParameters" : {
    "clauseName" : "WHERE"
  }
}


-- !query
select * from t where first_value(x) over (partition by y) = 1
-- !query schema
struct<>
-- !query output
org.apache.spark.sql.AnalysisException
{
  "errorClass" : "_LEGACY_ERROR_TEMP_1034",
  "messageParameters" : {
    "clauseName" : "WHERE"
  }
}


-- !query
table t
|> select x, length(y) as z
|> where x + length(y) < 4
-- !query schema
struct<>
-- !query output
org.apache.spark.sql.catalyst.ExtendedAnalysisException
{
  "errorClass" : "UNRESOLVED_COLUMN.WITH_SUGGESTION",
  "sqlState" : "42703",
  "messageParameters" : {
    "objectName" : "`y`",
    "proposal" : "`x`, `z`"
  },
  "queryContext" : [ {
    "objectType" : "",
    "objectName" : "",
    "startIndex" : 57,
    "stopIndex" : 57,
    "fragment" : "y"
  } ]
}


-- !query
(select x, sum(length(y)) as sum_len from t group by x)
|> where sum(length(y)) = 3
-- !query schema
struct<>
-- !query output
org.apache.spark.sql.catalyst.ExtendedAnalysisException
{
  "errorClass" : "UNRESOLVED_COLUMN.WITH_SUGGESTION",
  "sqlState" : "42703",
  "messageParameters" : {
    "objectName" : "`y`",
    "proposal" : "`x`, `sum_len`"
  },
  "queryContext" : [ {
    "objectType" : "",
    "objectName" : "",
    "startIndex" : 77,
    "stopIndex" : 77,
    "fragment" : "y"
  } ]
}


-- !query
table courseSales
|> select `year`, course, earnings
|> pivot (
     sum(earnings)
     for course in ('dotNET', 'Java')
  )
-- !query schema
struct<year:int,dotNET:bigint,Java:bigint>
-- !query output
2012	15000	20000
2013	48000	30000


-- !query
table courseSales
|> select `year` as y, course as c, earnings as e
|> pivot (
     sum(e) as s, avg(e) as a
     for y in (2012 as firstYear, 2013 as secondYear)
   )
-- !query schema
struct<c:string,firstYear_s:bigint,firstYear_a:double,secondYear_s:bigint,secondYear_a:double>
-- !query output
Java	20000	20000.0	30000	30000.0
dotNET	15000	7500.0	48000	48000.0


-- !query
select course, `year`, y, a
from courseSales
join yearsWithComplexTypes on `year` = y
|> pivot (
     max(a)
     for (y, course) in ((2012, 'dotNET'), (2013, 'Java'))
   )
-- !query schema
struct<year:int,{2012, dotNET}:array<int>,{2013, Java}:array<int>>
-- !query output
2012	[1,1]	NULL
2013	NULL	[2,2]


-- !query
select earnings, `year`, s
from courseSales
join yearsWithComplexTypes on `year` = y
|> pivot (
     sum(earnings)
     for s in ((1, 'a'), (2, 'b'))
   )
-- !query schema
struct<year:int,{1, a}:bigint,{2, b}:bigint>
-- !query output
2012	35000	NULL
2013	NULL	78000


-- !query
table courseEarnings
|> unpivot (
     earningsYear for `year` in (`2012`, `2013`, `2014`)
   )
-- !query schema
struct<course:string,year:string,earningsYear:int>
-- !query output
Java	2012	20000
Java	2013	30000
dotNET	2012	15000
dotNET	2013	48000
dotNET	2014	22500


-- !query
table courseEarnings
|> unpivot include nulls (
     earningsYear for `year` in (`2012`, `2013`, `2014`)
   )
-- !query schema
struct<course:string,year:string,earningsYear:int>
-- !query output
Java	2012	20000
Java	2013	30000
Java	2014	NULL
dotNET	2012	15000
dotNET	2013	48000
dotNET	2014	22500


-- !query
table courseEarningsAndSales
|> unpivot include nulls (
     (earnings, sales) for `year` in (
       (earnings2012, sales2012) as `2012`,
       (earnings2013, sales2013) as `2013`,
       (earnings2014, sales2014) as `2014`)
   )
-- !query schema
struct<course:string,year:string,earnings:int,sales:int>
-- !query output
Java	2012	20000	1
Java	2013	30000	2
Java	2014	NULL	NULL
dotNET	2012	15000	NULL
dotNET	2013	48000	1
dotNET	2014	22500	1


-- !query
table courseSales
|> select course, earnings
|> pivot (
     sum(earnings)
     for `year` in (2012, 2013)
   )
-- !query schema
struct<>
-- !query output
org.apache.spark.sql.catalyst.ExtendedAnalysisException
{
  "errorClass" : "UNRESOLVED_COLUMN.WITH_SUGGESTION",
  "sqlState" : "42703",
  "messageParameters" : {
    "objectName" : "`year`",
    "proposal" : "`course`, `earnings`"
  },
  "queryContext" : [ {
    "objectType" : "",
    "objectName" : "",
    "startIndex" : 49,
    "stopIndex" : 111,
    "fragment" : "pivot (\n     sum(earnings)\n     for `year` in (2012, 2013)\n   )"
  } ]
}


-- !query
table courseSales
|> pivot (
     sum(earnings)
     for `year` in (course, 2013)
   )
-- !query schema
struct<>
-- !query output
org.apache.spark.sql.AnalysisException
{
  "errorClass" : "NON_LITERAL_PIVOT_VALUES",
  "sqlState" : "42K08",
  "messageParameters" : {
    "expression" : "\"course\""
  }
}


-- !query
table courseSales
|> select course, earnings
|> pivot (
     sum(earnings)
     for `year` in (2012, 2013)
   )
   unpivot (
     earningsYear for `year` in (`2012`, `2013`, `2014`)
   )
-- !query schema
struct<>
-- !query output
org.apache.spark.sql.catalyst.parser.ParseException
{
  "errorClass" : "NOT_ALLOWED_IN_FROM.UNPIVOT_WITH_PIVOT",
  "sqlState" : "42601",
  "queryContext" : [ {
    "objectType" : "",
    "objectName" : "",
    "startIndex" : 1,
    "stopIndex" : 186,
    "fragment" : "table courseSales\n|> select course, earnings\n|> pivot (\n     sum(earnings)\n     for `year` in (2012, 2013)\n   )\n   unpivot (\n     earningsYear for `year` in (`2012`, `2013`, `2014`)\n   )"
  } ]
}


-- !query
table courseSales
|> select course, earnings
|> unpivot (
     earningsYear for `year` in (`2012`, `2013`, `2014`)
   )
   pivot (
     sum(earnings)
     for `year` in (2012, 2013)
   )
-- !query schema
struct<>
-- !query output
org.apache.spark.sql.catalyst.parser.ParseException
{
  "errorClass" : "NOT_ALLOWED_IN_FROM.UNPIVOT_WITH_PIVOT",
  "sqlState" : "42601",
  "queryContext" : [ {
    "objectType" : "",
    "objectName" : "",
    "startIndex" : 1,
    "stopIndex" : 186,
    "fragment" : "table courseSales\n|> select course, earnings\n|> unpivot (\n     earningsYear for `year` in (`2012`, `2013`, `2014`)\n   )\n   pivot (\n     sum(earnings)\n     for `year` in (2012, 2013)\n   )"
  } ]
}


-- !query
table courseSales
|> select course, earnings
|> pivot (
     sum(earnings)
     for `year` in (2012, 2013)
   )
   pivot (
     sum(earnings)
     for `year` in (2012, 2013)
   )
-- !query schema
struct<>
-- !query output
org.apache.spark.sql.catalyst.parser.ParseException
{
  "errorClass" : "PARSE_SYNTAX_ERROR",
  "sqlState" : "42601",
  "messageParameters" : {
    "error" : "'pivot'",
    "hint" : ""
  }
}


-- !query
table courseSales
|> select course, earnings
|> unpivot (
     earningsYear for `year` in (`2012`, `2013`, `2014`)
   )
   unpivot (
     earningsYear for `year` in (`2012`, `2013`, `2014`)
   )
   pivot (
     sum(earnings)
     for `year` in (2012, 2013)
   )
-- !query schema
struct<>
-- !query output
org.apache.spark.sql.catalyst.parser.ParseException
{
  "errorClass" : "PARSE_SYNTAX_ERROR",
  "sqlState" : "42601",
  "messageParameters" : {
    "error" : "'unpivot'",
    "hint" : ""
  }
}


-- !query
table t
|> tablesample (100 percent) repeatable (0)
-- !query schema
struct<x:int,y:string>
-- !query output
0	abc
1	def


-- !query
table t
|> tablesample (2 rows) repeatable (0)
-- !query schema
struct<x:int,y:string>
-- !query output
0	abc
1	def


-- !query
table t
|> tablesample (bucket 1 out of 1) repeatable (0)
-- !query schema
struct<x:int,y:string>
-- !query output
0	abc
1	def


-- !query
table t
|> tablesample (100 percent) repeatable (0)
|> tablesample (5 rows) repeatable (0)
|> tablesample (bucket 1 out of 1) repeatable (0)
-- !query schema
struct<x:int,y:string>
-- !query output
0	abc
1	def


-- !query
table t
|> tablesample ()
-- !query schema
struct<>
-- !query output
org.apache.spark.sql.catalyst.parser.ParseException
{
  "errorClass" : "_LEGACY_ERROR_TEMP_0014",
  "queryContext" : [ {
    "objectType" : "",
    "objectName" : "",
    "startIndex" : 12,
    "stopIndex" : 25,
    "fragment" : "tablesample ()"
  } ]
}


-- !query
table t
|> tablesample (-100 percent) repeatable (0)
-- !query schema
struct<>
-- !query output
org.apache.spark.sql.catalyst.parser.ParseException
{
  "errorClass" : "_LEGACY_ERROR_TEMP_0064",
  "messageParameters" : {
    "msg" : "Sampling fraction (-1.0) must be on interval [0, 1]"
  },
  "queryContext" : [ {
    "objectType" : "",
    "objectName" : "",
    "startIndex" : 12,
    "stopIndex" : 52,
    "fragment" : "tablesample (-100 percent) repeatable (0)"
  } ]
}


-- !query
table t
|> tablesample (-5 rows)
-- !query schema
struct<>
-- !query output
org.apache.spark.sql.catalyst.ExtendedAnalysisException
{
  "errorClass" : "INVALID_LIMIT_LIKE_EXPRESSION.IS_NEGATIVE",
  "sqlState" : "42K0E",
  "messageParameters" : {
    "expr" : "\"-5\"",
    "name" : "limit",
    "v" : "-5"
  },
  "queryContext" : [ {
    "objectType" : "",
    "objectName" : "",
    "startIndex" : 25,
    "stopIndex" : 26,
    "fragment" : "-5"
  } ]
}


-- !query
table t
|> tablesample (x rows)
-- !query schema
struct<>
-- !query output
org.apache.spark.sql.catalyst.ExtendedAnalysisException
{
  "errorClass" : "INVALID_LIMIT_LIKE_EXPRESSION.IS_UNFOLDABLE",
  "sqlState" : "42K0E",
  "messageParameters" : {
    "expr" : "\"x\"",
    "name" : "limit"
  },
  "queryContext" : [ {
    "objectType" : "",
    "objectName" : "",
    "startIndex" : 25,
    "stopIndex" : 25,
    "fragment" : "x"
  } ]
}


-- !query
table t
|> tablesample (bucket 2 out of 1)
-- !query schema
struct<>
-- !query output
org.apache.spark.sql.catalyst.parser.ParseException
{
  "errorClass" : "_LEGACY_ERROR_TEMP_0064",
  "messageParameters" : {
    "msg" : "Sampling fraction (2.0) must be on interval [0, 1]"
  },
  "queryContext" : [ {
    "objectType" : "",
    "objectName" : "",
    "startIndex" : 12,
    "stopIndex" : 42,
    "fragment" : "tablesample (bucket 2 out of 1)"
  } ]
}


-- !query
table t
|> tablesample (200b) repeatable (0)
-- !query schema
struct<>
-- !query output
org.apache.spark.sql.catalyst.parser.ParseException
{
  "errorClass" : "_LEGACY_ERROR_TEMP_0015",
  "messageParameters" : {
    "msg" : "byteLengthLiteral"
  },
  "queryContext" : [ {
    "objectType" : "",
    "objectName" : "",
    "startIndex" : 12,
    "stopIndex" : 44,
    "fragment" : "tablesample (200b) repeatable (0)"
  } ]
}


-- !query
table t
|> tablesample (200) repeatable (0)
-- !query schema
struct<>
-- !query output
org.apache.spark.sql.catalyst.parser.ParseException
{
  "errorClass" : "_LEGACY_ERROR_TEMP_0016",
  "messageParameters" : {
    "bytesStr" : "200"
  },
  "queryContext" : [ {
    "objectType" : "",
    "objectName" : "",
    "startIndex" : 12,
    "stopIndex" : 43,
    "fragment" : "tablesample (200) repeatable (0)"
  } ]
}


-- !query
table join_test_t1
|> inner join join_test_empty_table
-- !query schema
struct<a:int,a:int>
-- !query output



-- !query
table join_test_t1
|> cross join join_test_empty_table
-- !query schema
struct<a:int,a:int>
-- !query output



-- !query
table join_test_t1
|> left outer join join_test_empty_table
-- !query schema
struct<a:int,a:int>
-- !query output
1	NULL


-- !query
table join_test_t1
|> right outer join join_test_empty_table
-- !query schema
struct<a:int,a:int>
-- !query output



-- !query
table join_test_t1
|> full outer join join_test_empty_table using (a)
-- !query schema
struct<a:int>
-- !query output
1


-- !query
table join_test_t1
|> full outer join join_test_empty_table on (join_test_t1.a = join_test_empty_table.a)
-- !query schema
struct<a:int,a:int>
-- !query output
1	NULL


-- !query
table join_test_t1
|> left semi join join_test_empty_table
-- !query schema
struct<a:int>
-- !query output



-- !query
table join_test_t1
|> left anti join join_test_empty_table
-- !query schema
struct<a:int>
-- !query output
1


-- !query
select * from join_test_t1 where true
|> inner join join_test_empty_table
-- !query schema
struct<a:int,a:int>
-- !query output



-- !query
select 1 as x, 2 as y
|> inner join (select 1 as x, 4 as y) using (x)
-- !query schema
struct<x:int,y:int,y:int>
-- !query output
1	2	4


-- !query
table join_test_t1
|> inner join (join_test_t2 jt2 inner join join_test_t3 jt3 using (a)) using (a)
|> select a, join_test_t1.a, jt2.a, jt3.a
-- !query schema
struct<a:int,a:int,a:int,a:int>
-- !query output
1	1	1	1


-- !query
table join_test_t1
|> inner join join_test_t2 tablesample (100 percent) repeatable (0) jt2 using (a)
-- !query schema
struct<a:int>
-- !query output
1


-- !query
table join_test_t1
|> inner join (select 1 as a) tablesample (100 percent) repeatable (0) jt2 using (a)
-- !query schema
struct<a:int>
-- !query output
1


-- !query
table join_test_t1
|> join join_test_t1 using (a)
-- !query schema
struct<a:int>
-- !query output
1


-- !query
table lateral_test_t1
|> join lateral (select c1)
-- !query schema
struct<c1:int,c2:int,c1:int>
-- !query output
0	1	0
1	2	1


-- !query
table lateral_test_t1
|> join lateral (select c1 from lateral_test_t2)
-- !query schema
struct<c1:int,c2:int,c1:int>
-- !query output
0	1	0
0	1	0
1	2	0
1	2	0


-- !query
table lateral_test_t1
|> join lateral (select lateral_test_t1.c1 from lateral_test_t2)
-- !query schema
struct<c1:int,c2:int,c1:int>
-- !query output
0	1	0
0	1	0
1	2	1
1	2	1


-- !query
table lateral_test_t1
|> join lateral (select lateral_test_t1.c1 + t2.c1 from lateral_test_t2 t2)
-- !query schema
struct<c1:int,c2:int,(outer(lateral_test_t1.c1) + c1):int>
-- !query output
0	1	0
0	1	0
1	2	1
1	2	1


-- !query
table lateral_test_t1
|> join lateral (select *)
-- !query schema
struct<c1:int,c2:int>
-- !query output
0	1
1	2


-- !query
table lateral_test_t1
|> join lateral (select * from lateral_test_t2)
-- !query schema
struct<c1:int,c2:int,c1:int,c2:int>
-- !query output
0	1	0	2
0	1	0	3
1	2	0	2
1	2	0	3


-- !query
table lateral_test_t1
|> join lateral (select lateral_test_t1.* from lateral_test_t2)
-- !query schema
struct<c1:int,c2:int,c1:int,c2:int>
-- !query output
0	1	0	1
0	1	0	1
1	2	1	2
1	2	1	2


-- !query
table lateral_test_t1
|> join lateral (select lateral_test_t1.*, t2.* from lateral_test_t2 t2)
-- !query schema
struct<c1:int,c2:int,c1:int,c2:int,c1:int,c2:int>
-- !query output
0	1	0	1	0	2
0	1	0	1	0	3
1	2	1	2	0	2
1	2	1	2	0	3


-- !query
table lateral_test_t1
|> join lateral_test_t2
|> join lateral (select lateral_test_t1.c2 + lateral_test_t2.c2)
-- !query schema
struct<c1:int,c2:int,c1:int,c2:int,(outer(lateral_test_t1.c2) + outer(lateral_test_t2.c2)):int>
-- !query output
0	1	0	2	3
0	1	0	3	4
1	2	0	2	4
1	2	0	3	5


-- !query
table natural_join_test_t1
|> natural join natural_join_test_t2
|> where k = "one"
-- !query schema
struct<k:string,v1:int,v2:int>
-- !query output
one	1	1
one	1	5


-- !query
table natural_join_test_t1
|> natural join natural_join_test_t2 nt2
|> select natural_join_test_t1.*
-- !query schema
struct<k:string,v1:int>
-- !query output
one	1
one	1
two	2


-- !query
table natural_join_test_t1
|> natural join natural_join_test_t2 nt2
|> natural join natural_join_test_t3 nt3
|> select natural_join_test_t1.*, nt2.*, nt3.*
-- !query schema
struct<k:string,v1:int,k:string,v2:int,k:string,v3:int>
-- !query output
one	1	one	1	one	4
one	1	one	1	one	6
one	1	one	5	one	4
one	1	one	5	one	6
two	2	two	22	two	5


-- !query
table join_test_t1
|> inner join join_test_empty_table
   inner join join_test_empty_table
-- !query schema
struct<>
-- !query output
org.apache.spark.sql.catalyst.parser.ParseException
{
  "errorClass" : "PARSE_SYNTAX_ERROR",
  "sqlState" : "42601",
  "messageParameters" : {
    "error" : "'inner'",
    "hint" : ""
  }
}


-- !query
table join_test_t1
|> select 1 + 2 as result
|> full outer join join_test_empty_table on (join_test_t1.a = join_test_empty_table.a)
-- !query schema
struct<>
-- !query output
org.apache.spark.sql.catalyst.ExtendedAnalysisException
{
  "errorClass" : "UNRESOLVED_COLUMN.WITH_SUGGESTION",
  "sqlState" : "42703",
  "messageParameters" : {
    "objectName" : "`join_test_t1`.`a`",
    "proposal" : "`result`, `join_test_empty_table`.`a`"
  },
  "queryContext" : [ {
    "objectType" : "",
    "objectName" : "",
    "startIndex" : 91,
    "stopIndex" : 104,
    "fragment" : "join_test_t1.a"
  } ]
}


-- !query
table join_test_t1 jt
|> cross join (select * from jt)
-- !query schema
struct<>
-- !query output
org.apache.spark.sql.catalyst.parser.ParseException
{
  "errorClass" : "PARSE_SYNTAX_ERROR",
  "sqlState" : "42601",
  "messageParameters" : {
    "error" : "'jt'",
    "hint" : ""
  }
}


-- !query
table t
|> union all table t
-- !query schema
struct<x:int,y:string>
-- !query output
0	abc
0	abc
1	def
1	def


-- !query
table t
|> union table t
-- !query schema
struct<x:int,y:string>
-- !query output
0	abc
1	def


-- !query
(select * from t)
|> union all table t
-- !query schema
struct<x:int,y:string>
-- !query output
0	abc
0	abc
1	def
1	def


-- !query
(select * from t)
|> union table t
-- !query schema
struct<x:int,y:string>
-- !query output
0	abc
1	def


-- !query
values (0, 'abc') tab(x, y)
|> union all table t
-- !query schema
struct<x:int,y:string>
-- !query output
0	abc
0	abc
1	def


-- !query
values (0, 1) tab(x, y)
|> union table t
-- !query schema
struct<x:int,y:string>
-- !query output
0	1
0	abc
1	def


-- !query
(select * from t)
|> union all (select * from t)
-- !query schema
struct<x:int,y:string>
-- !query output
0	abc
0	abc
1	def
1	def


-- !query
table t
|> except all table t
-- !query schema
struct<x:int,y:string>
-- !query output



-- !query
table t
|> except table t
-- !query schema
struct<x:int,y:string>
-- !query output



-- !query
table t
|> intersect all table t
-- !query schema
struct<x:int,y:string>
-- !query output
0	abc
1	def


-- !query
table t
|> intersect table t
-- !query schema
struct<x:int,y:string>
-- !query output
0	abc
1	def


-- !query
table t
|> minus all table t
-- !query schema
struct<x:int,y:string>
-- !query output



-- !query
table t
|> minus table t
-- !query schema
struct<x:int,y:string>
-- !query output



-- !query
table t
|> select x
|> union all table t
-- !query schema
struct<>
-- !query output
org.apache.spark.sql.catalyst.ExtendedAnalysisException
{
  "errorClass" : "NUM_COLUMNS_MISMATCH",
  "sqlState" : "42826",
  "messageParameters" : {
    "firstNumColumns" : "1",
    "invalidNumColumns" : "2",
    "invalidOrdinalNum" : "second",
    "operator" : "UNION"
  },
  "queryContext" : [ {
    "objectType" : "",
    "objectName" : "",
    "startIndex" : 1,
    "stopIndex" : 40,
    "fragment" : "table t\n|> select x\n|> union all table t"
  } ]
}


-- !query
table t
|> union all table st
-- !query schema
struct<>
-- !query output
org.apache.spark.sql.catalyst.ExtendedAnalysisException
{
  "errorClass" : "INCOMPATIBLE_COLUMN_TYPE",
  "sqlState" : "42825",
  "messageParameters" : {
    "columnOrdinalNumber" : "second",
    "dataType1" : "\"STRUCT<i1: INT, i2: INT>\"",
    "dataType2" : "\"STRING\"",
    "hint" : "",
    "operator" : "UNION",
    "tableOrdinalNumber" : "second"
  },
  "queryContext" : [ {
    "objectType" : "",
    "objectName" : "",
    "startIndex" : 1,
    "stopIndex" : 29,
    "fragment" : "table t\n|> union all table st"
  } ]
}


-- !query
table t
|> order by x
-- !query schema
struct<x:int,y:string>
-- !query output
0	abc
1	def


-- !query
(select * from t)
|> order by x
-- !query schema
struct<x:int,y:string>
-- !query output
0	abc
1	def


-- !query
values (0, 'abc') tab(x, y)
|> order by x
-- !query schema
struct<x:int,y:string>
-- !query output
0	abc


-- !query
table t
|> order by x
|> limit 1
-- !query schema
struct<x:int,y:string>
-- !query output
0	abc


-- !query
table t
|> where x = 1
|> select y
|> limit 2 offset 1
-- !query schema
struct<y:string>
-- !query output



-- !query
table t
|> where x = 1
|> select y
|> offset 1
-- !query schema
struct<y:string>
-- !query output



-- !query
table t
|> limit all offset 0
-- !query schema
struct<x:int,y:string>
-- !query output
0	abc
1	def


-- !query
table t
|> distribute by x
-- !query schema
struct<x:int,y:string>
-- !query output
0	abc
1	def


-- !query
table t
|> cluster by x
-- !query schema
struct<x:int,y:string>
-- !query output
0	abc
1	def


-- !query
table t
|> sort by x distribute by x
-- !query schema
struct<x:int,y:string>
-- !query output
0	abc
1	def


-- !query
table t
|> order by x desc
order by y
-- !query schema
struct<x:int,y:string>
-- !query output
0	abc
1	def


-- !query
table t
|> order by x desc order by x + y
order by y
-- !query schema
struct<>
-- !query output
org.apache.spark.sql.catalyst.parser.ParseException
{
  "errorClass" : "PARSE_SYNTAX_ERROR",
  "sqlState" : "42601",
  "messageParameters" : {
    "error" : "'order'",
    "hint" : ""
  }
}


-- !query
table t
|> select 1 + 2 as result
|> order by x
-- !query schema
struct<>
-- !query output
org.apache.spark.sql.catalyst.ExtendedAnalysisException
{
  "errorClass" : "UNRESOLVED_COLUMN.WITH_SUGGESTION",
  "sqlState" : "42703",
  "messageParameters" : {
    "objectName" : "`x`",
    "proposal" : "`result`"
  },
  "queryContext" : [ {
    "objectType" : "",
    "objectName" : "",
    "startIndex" : 47,
    "stopIndex" : 47,
    "fragment" : "x"
  } ]
}


-- !query
table t
|> select 1 + 2 as result
|> distribute by x
-- !query schema
struct<>
-- !query output
org.apache.spark.sql.catalyst.ExtendedAnalysisException
{
  "errorClass" : "UNRESOLVED_COLUMN.WITH_SUGGESTION",
  "sqlState" : "42703",
  "messageParameters" : {
    "objectName" : "`x`",
    "proposal" : "`result`"
  },
  "queryContext" : [ {
    "objectType" : "",
    "objectName" : "",
    "startIndex" : 52,
    "stopIndex" : 52,
    "fragment" : "x"
  } ]
}


-- !query
table t
|> order by x limit 1
-- !query schema
struct<>
-- !query output
org.apache.spark.sql.catalyst.parser.ParseException
{
  "errorClass" : "MULTIPLE_QUERY_RESULT_CLAUSES_WITH_PIPE_OPERATORS",
  "sqlState" : "42000",
  "messageParameters" : {
    "clause1" : "ORDER BY",
    "clause2" : "LIMIT"
  },
  "queryContext" : [ {
    "objectType" : "",
    "objectName" : "",
    "startIndex" : 12,
    "stopIndex" : 29,
    "fragment" : "order by x limit 1"
  } ]
}


-- !query
table t
|> order by x sort by x
-- !query schema
struct<>
-- !query output
org.apache.spark.sql.catalyst.parser.ParseException
{
  "errorClass" : "UNSUPPORTED_FEATURE.COMBINATION_QUERY_RESULT_CLAUSES",
  "sqlState" : "0A000",
  "queryContext" : [ {
    "objectType" : "",
    "objectName" : "",
    "startIndex" : 12,
    "stopIndex" : 31,
    "fragment" : "order by x sort by x"
  } ]
}


-- !query
table windowTestData
|> window w as (partition by cte order by val)
|> select cate, sum(val) over w
-- !query schema
struct<>
-- !query output
org.apache.spark.sql.catalyst.parser.ParseException
{
  "errorClass" : "UNSUPPORTED_FEATURE.CLAUSE_WITH_PIPE_OPERATORS",
  "sqlState" : "0A000",
  "messageParameters" : {
    "clauses" : "the WINDOW clause"
  },
  "queryContext" : [ {
    "objectType" : "",
    "objectName" : "",
    "startIndex" : 25,
    "stopIndex" : 67,
    "fragment" : "window w as (partition by cte order by val)"
  } ]
}


-- !query
table windowTestData
|> window w as (partition by cate order by val) limit 5
-- !query schema
struct<>
-- !query output
org.apache.spark.sql.catalyst.parser.ParseException
{
  "errorClass" : "UNSUPPORTED_FEATURE.CLAUSE_WITH_PIPE_OPERATORS",
  "sqlState" : "0A000",
  "messageParameters" : {
    "clauses" : "the WINDOW clause"
  },
  "queryContext" : [ {
    "objectType" : "",
    "objectName" : "",
    "startIndex" : 25,
    "stopIndex" : 76,
    "fragment" : "window w as (partition by cate order by val) limit 5"
  } ]
}


-- !query
table other
|> aggregate sum(b) as result group by a
-- !query schema
struct<a:int,result:bigint>
-- !query output
1	3
2	4


-- !query
table other
|> aggregate sum(b) as result group by a
|> select result
-- !query schema
struct<result:bigint>
-- !query output
3
4


-- !query
table other
|> aggregate sum(b) group by a + 1 as gkey
|> select gkey
-- !query schema
struct<gkey:int>
-- !query output
2
3


-- !query
select 1 as x, 2 as y
|> aggregate group by x, y
-- !query schema
struct<x:int,y:int>
-- !query output
1	2


-- !query
select 3 as x, 4 as y
|> aggregate group by 1, 2
-- !query schema
struct<1:int,2:int>
-- !query output
1	2


-- !query
table t
|> aggregate sum(x)
-- !query schema
struct<sum(x):bigint>
-- !query output
1


-- !query
table t
|> aggregate sum(x) + 1 as result_plus_one
-- !query schema
struct<result_plus_one:bigint>
-- !query output
2


-- !query
table other
|> aggregate group by a
|> where a = 1
-- !query schema
struct<a:int>
-- !query output
1


-- !query
select 1 as x, 2 as y, 3 as z
|> aggregate group by x, y, x + y as z
-- !query schema
struct<x:int,y:int,z:int>
-- !query output
1	2	3


-- !query
select 1 as x, 2 as y, 3 as z
|> aggregate group by x as z, x + y as z
-- !query schema
struct<z:int,z:int>
-- !query output
1	3


-- !query
select 1 as x, 2 as y, named_struct('z', 3) as st
|> aggregate group by x, y, x, x, st.z, (st).z, 1 + x, 2 + x
-- !query schema
struct<x:int,y:int,x:int,x:int,z:int,z:int,(1 + x):int,(2 + x):int>
-- !query output
1	2	1	1	3	3	2	3


-- !query
select 1 x, 2 y, 3 z
|> aggregate sum(z) z group by x, y
|> aggregate avg(z) z group by x
|> aggregate count(distinct z) c
-- !query schema
struct<c:bigint>
-- !query output
1


-- !query
select 1 x, 3 z
|> aggregate count(*) group by x, z, x
|> select x
-- !query schema
struct<x:int>
-- !query output
1


-- !query
select 3 as x, 4 as y
|> aggregate group by all
-- !query schema
struct<>
-- !query output
org.apache.spark.sql.catalyst.parser.ParseException
{
  "errorClass" : "UNSUPPORTED_FEATURE.PIPE_OPERATOR_AGGREGATE_UNSUPPORTED_CASE",
  "sqlState" : "0A000",
  "messageParameters" : {
    "case" : "GROUP BY ALL"
  },
  "queryContext" : [ {
    "objectType" : "",
    "objectName" : "",
    "startIndex" : 1,
    "stopIndex" : 47,
    "fragment" : "select 3 as x, 4 as y\n|> aggregate group by all"
  } ]
}


-- !query
table courseSales
|> aggregate sum(earnings) group by rollup(course, `year`)
|> where course = 'dotNET' and `year` = '2013'
-- !query schema
struct<>
-- !query output
org.apache.spark.sql.catalyst.parser.ParseException
{
  "errorClass" : "UNSUPPORTED_FEATURE.PIPE_OPERATOR_AGGREGATE_UNSUPPORTED_CASE",
  "sqlState" : "0A000",
  "messageParameters" : {
    "case" : "GROUP BY ROLLUP"
  },
  "queryContext" : [ {
    "objectType" : "",
    "objectName" : "",
    "startIndex" : 1,
    "stopIndex" : 123,
    "fragment" : "table courseSales\n|> aggregate sum(earnings) group by rollup(course, `year`)\n|> where course = 'dotNET' and `year` = '2013'"
  } ]
}


-- !query
table courseSales
|> aggregate sum(earnings) group by cube(course, `year`)
|> where course = 'dotNET' and `year` = '2013'
-- !query schema
struct<>
-- !query output
org.apache.spark.sql.catalyst.parser.ParseException
{
  "errorClass" : "UNSUPPORTED_FEATURE.PIPE_OPERATOR_AGGREGATE_UNSUPPORTED_CASE",
  "sqlState" : "0A000",
  "messageParameters" : {
    "case" : "GROUP BY CUBE"
  },
  "queryContext" : [ {
    "objectType" : "",
    "objectName" : "",
    "startIndex" : 1,
    "stopIndex" : 121,
    "fragment" : "table courseSales\n|> aggregate sum(earnings) group by cube(course, `year`)\n|> where course = 'dotNET' and `year` = '2013'"
  } ]
}


-- !query
table courseSales
|> aggregate sum(earnings) group by course, `year` grouping sets(course, `year`)
|> where course = 'dotNET' and `year` = '2013'
-- !query schema
struct<>
-- !query output
org.apache.spark.sql.catalyst.parser.ParseException
{
  "errorClass" : "UNSUPPORTED_FEATURE.PIPE_OPERATOR_AGGREGATE_UNSUPPORTED_CASE",
  "sqlState" : "0A000",
  "messageParameters" : {
    "case" : "GROUPING SETS"
  },
  "queryContext" : [ {
    "objectType" : "",
    "objectName" : "",
    "startIndex" : 1,
    "stopIndex" : 145,
    "fragment" : "table courseSales\n|> aggregate sum(earnings) group by course, `year` grouping sets(course, `year`)\n|> where course = 'dotNET' and `year` = '2013'"
  } ]
}


-- !query
table courseSales
|> aggregate sum(earnings), grouping(course) + 1
   group by course
|> where course = 'dotNET' and `year` = '2013'
-- !query schema
struct<>
-- !query output
org.apache.spark.sql.catalyst.parser.ParseException
{
  "errorClass" : "UNSUPPORTED_FEATURE.PIPE_OPERATOR_AGGREGATE_UNSUPPORTED_CASE",
  "sqlState" : "0A000",
  "messageParameters" : {
    "case" : "GROUPING"
  },
  "queryContext" : [ {
    "objectType" : "",
    "objectName" : "",
    "startIndex" : 1,
    "stopIndex" : 132,
    "fragment" : "table courseSales\n|> aggregate sum(earnings), grouping(course) + 1\n   group by course\n|> where course = 'dotNET' and `year` = '2013'"
  } ]
}


-- !query
table courseSales
|> aggregate sum(earnings), grouping_id(course)
   group by course
|> where course = 'dotNET' and `year` = '2013'
-- !query schema
struct<>
-- !query output
org.apache.spark.sql.catalyst.parser.ParseException
{
  "errorClass" : "UNSUPPORTED_FEATURE.PIPE_OPERATOR_AGGREGATE_UNSUPPORTED_CASE",
  "sqlState" : "0A000",
  "messageParameters" : {
    "case" : "GROUPING_ID"
  },
  "queryContext" : [ {
    "objectType" : "",
    "objectName" : "",
    "startIndex" : 1,
    "stopIndex" : 131,
    "fragment" : "table courseSales\n|> aggregate sum(earnings), grouping_id(course)\n   group by course\n|> where course = 'dotNET' and `year` = '2013'"
  } ]
}


-- !query
select 1 as x, 2 as y
|> aggregate group by ()
-- !query schema
struct<>
-- !query output
org.apache.spark.sql.catalyst.parser.ParseException
{
  "errorClass" : "PARSE_SYNTAX_ERROR",
  "sqlState" : "42601",
  "messageParameters" : {
    "error" : "')'",
    "hint" : ""
  }
}


-- !query
table other
|> aggregate a
-- !query schema
struct<>
-- !query output
org.apache.spark.sql.catalyst.ExtendedAnalysisException
{
  "errorClass" : "MISSING_GROUP_BY",
  "sqlState" : "42803",
  "queryContext" : [ {
    "objectType" : "",
    "objectName" : "",
    "startIndex" : 1,
    "stopIndex" : 26,
    "fragment" : "table other\n|> aggregate a"
  } ]
}


-- !query
table other
|> aggregate a group by a
-- !query schema
struct<>
-- !query output
org.apache.spark.sql.catalyst.parser.ParseException
{
  "errorClass" : "UNSUPPORTED_FEATURE.PIPE_OPERATOR_AGGREGATE_UNSUPPORTED_CASE",
  "sqlState" : "0A000",
  "messageParameters" : {
    "case" : "Non-aggregate expressions in place of aggregate functions, even if they appear separately in the GROUP BY clause"
  },
  "queryContext" : [ {
    "objectType" : "",
    "objectName" : "",
    "startIndex" : 1,
    "stopIndex" : 37,
    "fragment" : "table other\n|> aggregate a group by a"
  } ]
}


-- !query
table other
|> select sum(a) as result
-- !query schema
struct<>
-- !query output
org.apache.spark.sql.AnalysisException
{
  "errorClass" : "PIPE_OPERATOR_SELECT_CONTAINS_AGGREGATE_FUNCTION",
  "sqlState" : "0A000",
  "messageParameters" : {
    "expr" : "sum(a#x)"
  },
  "queryContext" : [ {
    "objectType" : "",
    "objectName" : "",
    "startIndex" : 23,
    "stopIndex" : 28,
    "fragment" : "sum(a)"
  } ]
}


-- !query
table other
|> aggregate
-- !query schema
struct<>
-- !query output
org.apache.spark.sql.catalyst.parser.ParseException
{
  "errorClass" : "_LEGACY_ERROR_TEMP_0035",
  "messageParameters" : {
    "message" : "The AGGREGATE clause requires a list of aggregate expressions or a list of grouping expressions, or both"
  },
  "queryContext" : [ {
    "objectType" : "",
    "objectName" : "",
    "startIndex" : 1,
    "stopIndex" : 24,
    "fragment" : "table other\n|> aggregate"
  } ]
}


-- !query
table other
|> aggregate group by
-- !query schema
struct<>
-- !query output
org.apache.spark.sql.catalyst.ExtendedAnalysisException
{
  "errorClass" : "UNRESOLVED_COLUMN.WITH_SUGGESTION",
  "sqlState" : "42703",
  "messageParameters" : {
    "objectName" : "`group`",
    "proposal" : "`a`, `b`"
  },
  "queryContext" : [ {
    "objectType" : "",
    "objectName" : "",
    "startIndex" : 26,
    "stopIndex" : 30,
    "fragment" : "group"
  } ]
}


-- !query
table other
|> group by a
-- !query schema
struct<>
-- !query output
org.apache.spark.sql.catalyst.parser.ParseException
{
  "errorClass" : "PARSE_SYNTAX_ERROR",
  "sqlState" : "42601",
  "messageParameters" : {
    "error" : "'group'",
    "hint" : ""
  }
}


-- !query
table other
|> aggregate sum(a) over () group by b
-- !query schema
struct<>
-- !query output
org.apache.spark.sql.catalyst.parser.ParseException
{
  "errorClass" : "UNSUPPORTED_FEATURE.PIPE_OPERATOR_AGGREGATE_UNSUPPORTED_CASE",
  "sqlState" : "0A000",
  "messageParameters" : {
    "case" : "window functions"
  },
  "queryContext" : [ {
    "objectType" : "",
    "objectName" : "",
    "startIndex" : 1,
    "stopIndex" : 50,
    "fragment" : "table other\n|> aggregate sum(a) over () group by b"
  } ]
}


-- !query
select 1 x, 2 y, 3 z
|> aggregate count(*) AS c, sum(x) AS x group by x
|> where c = 1
|> where x = 1
-- !query schema
struct<>
-- !query output
org.apache.spark.sql.AnalysisException
{
  "errorClass" : "AMBIGUOUS_REFERENCE",
  "sqlState" : "42704",
  "messageParameters" : {
    "name" : "`x`",
    "referenceNames" : "[`x`, `x`]"
  },
  "queryContext" : [ {
    "objectType" : "",
    "objectName" : "",
    "startIndex" : 97,
    "stopIndex" : 97,
    "fragment" : "x"
  } ]
}


-- !query
drop table t
-- !query schema
struct<>
-- !query output



-- !query
drop table other
-- !query schema
struct<>
-- !query output



-- !query
drop table st
-- !query schema
struct<>
-- !query output

