-- Automatically generated by SQLQueryTestSuite
-- !query
drop table if exists t
-- !query schema
struct<>
-- !query output



-- !query
create table t(x int, y string) using csv
-- !query schema
struct<>
-- !query output



-- !query
insert into t values (0, 'abc'), (1, 'def')
-- !query schema
struct<>
-- !query output



-- !query
drop table if exists other
-- !query schema
struct<>
-- !query output



-- !query
create table other(a int, b int) using json
-- !query schema
struct<>
-- !query output



-- !query
insert into other values (1, 1), (1, 2), (2, 4)
-- !query schema
struct<>
-- !query output



-- !query
drop table if exists st
-- !query schema
struct<>
-- !query output



-- !query
create table st(x int, col struct<i1:int, i2:int>) using parquet
-- !query schema
struct<>
-- !query output



-- !query
insert into st values (1, (2, 3))
-- !query schema
struct<>
-- !query output



-- !query
create temporary view courseSales as select * from values
  ("dotNET", 2012, 10000),
  ("Java", 2012, 20000),
  ("dotNET", 2012, 5000),
  ("dotNET", 2013, 48000),
  ("Java", 2013, 30000)
  as courseSales(course, year, earnings)
-- !query schema
struct<>
-- !query output



-- !query
create temporary view courseEarnings as select * from values
  ("dotNET", 15000, 48000, 22500),
  ("Java", 20000, 30000, NULL)
  as courseEarnings(course, `2012`, `2013`, `2014`)
-- !query schema
struct<>
-- !query output



-- !query
create temporary view courseEarningsAndSales as select * from values
  ("dotNET", 15000, NULL, 48000, 1, 22500, 1),
  ("Java", 20000, 1, 30000, 2, NULL, NULL)
  as courseEarningsAndSales(
    course, earnings2012, sales2012, earnings2013, sales2013, earnings2014, sales2014)
-- !query schema
struct<>
-- !query output



-- !query
create temporary view yearsWithComplexTypes as select * from values
  (2012, array(1, 1), map('1', 1), struct(1, 'a')),
  (2013, array(2, 2), map('2', 2), struct(2, 'b'))
  as yearsWithComplexTypes(y, a, m, s)
-- !query schema
struct<>
-- !query output



-- !query
table t
|> select 1 as x
-- !query schema
struct<x:int>
-- !query output
1
1


-- !query
table t
|> select x, y
-- !query schema
struct<x:int,y:string>
-- !query output
0	abc
1	def


-- !query
table t
|> select x, y
|> select x + length(y) as z
-- !query schema
struct<z:int>
-- !query output
3
4


-- !query
values (0), (1) tab(col)
|> select col * 2 as result
-- !query schema
struct<result:int>
-- !query output
0
2


-- !query
(select * from t union all select * from t)
|> select x + length(y) as result
-- !query schema
struct<result:int>
-- !query output
3
3
4
4


-- !query
(table t
 |> select x, y
 |> select x)
union all
select x from t where x < 1
-- !query schema
struct<x:int>
-- !query output
0
0
1


-- !query
(select col from st)
|> select col.i1
-- !query schema
struct<i1:int>
-- !query output
2


-- !query
table st
|> select st.col.i1
-- !query schema
struct<i1:int>
-- !query output
2


-- !query
table t
|> select (select a from other where x = a limit 1) as result
-- !query schema
struct<result:int>
-- !query output
1
NULL


-- !query
table t
|> select (select any_value(a) from other where x = a limit 1) as result
-- !query schema
struct<result:int>
-- !query output
1
NULL


-- !query
table t
|> select x + length(x) as z, z + 1 as plus_one
-- !query schema
struct<z:int,plus_one:int>
-- !query output
1	2
2	3


-- !query
table t
|> select first_value(x) over (partition by y) as result
-- !query schema
struct<result:int>
-- !query output
0
1


-- !query
select 1 x, 2 y, 3 z
|> select 1 + sum(x) over (),
     avg(y) over (),
     x,
     avg(x+1) over (partition by y order by z) AS a2
|> select a2
-- !query schema
struct<a2:double>
-- !query output
2.0


-- !query
table t
|> select x, count(*) over ()
|> select x
-- !query schema
struct<x:int>
-- !query output
0
1


-- !query
table t
|> select distinct x, y
-- !query schema
struct<x:int,y:string>
-- !query output
0	abc
1	def


-- !query
table t
|> select sum(x) as result
-- !query schema
struct<>
-- !query output
org.apache.spark.sql.AnalysisException
{
  "errorClass" : "PIPE_OPERATOR_SELECT_CONTAINS_AGGREGATE_FUNCTION",
  "sqlState" : "0A000",
  "messageParameters" : {
    "expr" : "sum(x#x)"
  },
  "queryContext" : [ {
    "objectType" : "",
    "objectName" : "",
    "startIndex" : 19,
    "stopIndex" : 24,
    "fragment" : "sum(x)"
  } ]
}


-- !query
table t
|> select y, length(y) + sum(x) as result
-- !query schema
struct<>
-- !query output
org.apache.spark.sql.AnalysisException
{
  "errorClass" : "PIPE_OPERATOR_SELECT_CONTAINS_AGGREGATE_FUNCTION",
  "sqlState" : "0A000",
  "messageParameters" : {
    "expr" : "sum(x#x)"
  },
  "queryContext" : [ {
    "objectType" : "",
    "objectName" : "",
    "startIndex" : 34,
    "stopIndex" : 39,
    "fragment" : "sum(x)"
  } ]
}


-- !query
table courseSales
|> select `year`, course, earnings
|> pivot (
     sum(earnings)
     for course in ('dotNET', 'Java')
  )
-- !query schema
struct<year:int,dotNET:bigint,Java:bigint>
-- !query output
2012	15000	20000
2013	48000	30000


-- !query
table courseSales
|> select `year` as y, course as c, earnings as e
|> pivot (
     sum(e) as s, avg(e) as a
     for y in (2012 as firstYear, 2013 as secondYear)
   )
-- !query schema
struct<c:string,firstYear_s:bigint,firstYear_a:double,secondYear_s:bigint,secondYear_a:double>
-- !query output
Java	20000	20000.0	30000	30000.0
dotNET	15000	7500.0	48000	48000.0


-- !query
(select course, `year`, y, a
 from courseSales
 join yearsWithComplexTypes on `year` = y)
|> pivot (
     max(a)
     for (y, course) in ((2012, 'dotNET'), (2013, 'Java'))
   )
-- !query schema
struct<year:int,{2012, dotNET}:array<int>,{2013, Java}:array<int>>
-- !query output
2012	[1,1]	NULL
2013	NULL	[2,2]


-- !query
(select earnings, `year`, s
 from courseSales
 join yearsWithComplexTypes on `year` = y)
|> pivot (
     sum(earnings)
     for s in ((1, 'a'), (2, 'b'))
   )
-- !query schema
struct<year:int,{1, a}:bigint,{2, b}:bigint>
-- !query output
2012	35000	NULL
2013	NULL	78000


-- !query
table courseEarnings
|> unpivot (
     earningsYear for `year` in (`2012`, `2013`, `2014`)
   )
-- !query schema
struct<course:string,year:string,earningsYear:int>
-- !query output
Java	2012	20000
Java	2013	30000
dotNET	2012	15000
dotNET	2013	48000
dotNET	2014	22500


-- !query
table courseEarnings
|> unpivot include nulls (
     earningsYear for `year` in (`2012`, `2013`, `2014`)
   )
-- !query schema
struct<course:string,year:string,earningsYear:int>
-- !query output
Java	2012	20000
Java	2013	30000
Java	2014	NULL
dotNET	2012	15000
dotNET	2013	48000
dotNET	2014	22500


-- !query
table courseEarningsAndSales
|> unpivot include nulls (
     (earnings, sales) for `year` in (
       (earnings2012, sales2012) as `2012`,
       (earnings2013, sales2013) as `2013`,
       (earnings2014, sales2014) as `2014`)
   )
-- !query schema
struct<course:string,year:string,earnings:int,sales:int>
-- !query output
Java	2012	20000	1
Java	2013	30000	2
Java	2014	NULL	NULL
dotNET	2012	15000	NULL
dotNET	2013	48000	1
dotNET	2014	22500	1


-- !query
table courseSales
|> select course, earnings
|> pivot (
     sum(earnings)
     for `year` in (2012, 2013)
   )
-- !query schema
struct<>
-- !query output
org.apache.spark.sql.catalyst.ExtendedAnalysisException
{
  "errorClass" : "UNRESOLVED_COLUMN.WITH_SUGGESTION",
  "sqlState" : "42703",
  "messageParameters" : {
    "objectName" : "`year`",
    "proposal" : "`course`, `earnings`"
  },
  "queryContext" : [ {
    "objectType" : "",
    "objectName" : "",
    "startIndex" : 49,
    "stopIndex" : 111,
    "fragment" : "pivot (\n     sum(earnings)\n     for `year` in (2012, 2013)\n   )"
  } ]
}


-- !query
table courseSales
|> pivot (
     sum(earnings)
     for `year` in (course, 2013)
   )
-- !query schema
struct<>
-- !query output
org.apache.spark.sql.AnalysisException
{
  "errorClass" : "NON_LITERAL_PIVOT_VALUES",
  "sqlState" : "42K08",
  "messageParameters" : {
    "expression" : "\"course\""
  }
}


-- !query
drop table t
-- !query schema
struct<>
-- !query output



-- !query
drop table other
-- !query schema
struct<>
-- !query output



-- !query
drop table st
-- !query schema
struct<>
-- !query output

