-- Automatically generated by SQLQueryTestSuite
-- !query
drop table if exists t
-- !query schema
struct<>
-- !query output



-- !query
create table t(x int, y string) using csv
-- !query schema
struct<>
-- !query output



-- !query
insert into t values (0, 'abc'), (1, 'def')
-- !query schema
struct<>
-- !query output



-- !query
drop table if exists other
-- !query schema
struct<>
-- !query output



-- !query
create table other(a int, b int) using json
-- !query schema
struct<>
-- !query output



-- !query
insert into other values (1, 1), (1, 2), (2, 4)
-- !query schema
struct<>
-- !query output



-- !query
drop table if exists st
-- !query schema
struct<>
-- !query output



-- !query
create table st(x int, col struct<i1:int, i2:int>) using parquet
-- !query schema
struct<>
-- !query output



-- !query
insert into st values (1, (2, 3))
-- !query schema
struct<>
-- !query output



-- !query
create temporary view courseSales as select * from values
  ("dotNET", 2012, 10000),
  ("Java", 2012, 20000),
  ("dotNET", 2012, 5000),
  ("dotNET", 2013, 48000),
  ("Java", 2013, 30000)
  as courseSales(course, year, earnings)
-- !query schema
struct<>
-- !query output



-- !query
create temporary view courseEarnings as select * from values
  ("dotNET", 15000, 48000, 22500),
  ("Java", 20000, 30000, NULL)
  as courseEarnings(course, `2012`, `2013`, `2014`)
-- !query schema
struct<>
-- !query output



-- !query
create temporary view courseEarningsAndSales as select * from values
  ("dotNET", 15000, NULL, 48000, 1, 22500, 1),
  ("Java", 20000, 1, 30000, 2, NULL, NULL)
  as courseEarningsAndSales(
    course, earnings2012, sales2012, earnings2013, sales2013, earnings2014, sales2014)
-- !query schema
struct<>
-- !query output



-- !query
create temporary view yearsWithComplexTypes as select * from values
  (2012, array(1, 1), map('1', 1), struct(1, 'a')),
  (2013, array(2, 2), map('2', 2), struct(2, 'b'))
  as yearsWithComplexTypes(y, a, m, s)
-- !query schema
struct<>
-- !query output



-- !query
create temporary view join_test_t1 as select * from values (1) as grouping(a)
-- !query schema
struct<>
-- !query output



-- !query
create temporary view join_test_t2 as select * from values (1) as grouping(a)
-- !query schema
struct<>
-- !query output



-- !query
create temporary view join_test_t3 as select * from values (1) as grouping(a)
-- !query schema
struct<>
-- !query output



-- !query
create temporary view join_test_empty_table as select a from join_test_t2 where false
-- !query schema
struct<>
-- !query output



-- !query
create temporary view lateral_test_t1(c1, c2)
  as values (0, 1), (1, 2)
-- !query schema
struct<>
-- !query output



-- !query
create temporary view lateral_test_t2(c1, c2)
  as values (0, 2), (0, 3)
-- !query schema
struct<>
-- !query output



-- !query
create temporary view lateral_test_t3(c1, c2)
  as values (0, array(0, 1)), (1, array(2)), (2, array()), (null, array(4))
-- !query schema
struct<>
-- !query output



-- !query
create temporary view lateral_test_t4(c1, c2)
  as values (0, 1), (0, 2), (1, 1), (1, 3)
-- !query schema
struct<>
-- !query output



-- !query
create temporary view natural_join_test_t1 as select * from values
  ("one", 1), ("two", 2), ("three", 3) as natural_join_test_t1(k, v1)
-- !query schema
struct<>
-- !query output



-- !query
create temporary view natural_join_test_t2 as select * from values
  ("one", 1), ("two", 22), ("one", 5) as natural_join_test_t2(k, v2)
-- !query schema
struct<>
-- !query output



-- !query
create temporary view natural_join_test_t3 as select * from values
  ("one", 4), ("two", 5), ("one", 6) as natural_join_test_t3(k, v3)
-- !query schema
struct<>
-- !query output



-- !query
create temporary view windowTestData as select * from values
  (null, 1L, 1.0D, date("2017-08-01"), timestamp_seconds(1501545600), "a"),
  (1, 1L, 1.0D, date("2017-08-01"), timestamp_seconds(1501545600), "a"),
  (1, 2L, 2.5D, date("2017-08-02"), timestamp_seconds(1502000000), "a"),
  (2, 2147483650L, 100.001D, date("2020-12-31"), timestamp_seconds(1609372800), "a"),
  (1, null, 1.0D, date("2017-08-01"), timestamp_seconds(1501545600), "b"),
  (2, 3L, 3.3D, date("2017-08-03"), timestamp_seconds(1503000000), "b"),
  (3, 2147483650L, 100.001D, date("2020-12-31"), timestamp_seconds(1609372800), "b"),
  (null, null, null, null, null, null),
  (3, 1L, 1.0D, date("2017-08-01"), timestamp_seconds(1501545600), null)
  AS testData(val, val_long, val_double, val_date, val_timestamp, cate)
-- !query schema
struct<>
-- !query output



-- !query
create table store_sales(
  `ss_sold_date_sk` int,
  `ss_sold_time_sk` int,
  `ss_item_sk` int,
  `ss_customer_sk` int,
  `ss_cdemo_sk` int,
  `ss_hdemo_sk` int,
  `ss_addr_sk` int,
  `ss_store_sk` int,
  `ss_promo_sk` int,
  `ss_ticket_number` int,
  `ss_quantity` int,
  `ss_wholesale_cost` decimal(7,2),
  `ss_list_price` decimal(7,2),
  `ss_sales_price` decimal(7,2),
  `ss_ext_discount_amt` decimal(7,2),
  `ss_ext_sales_price` decimal(7,2),
  `ss_ext_wholesale_cost` decimal(7,2),
  `ss_ext_list_price` decimal(7,2),
  `ss_ext_tax` decimal(7,2),
  `ss_coupon_amt` decimal(7,2),
  `ss_net_paid` decimal(7,2),
  `ss_net_paid_inc_tax` decimal(7,2),
  `ss_net_profit` decimal(7,2))
-- !query schema
struct<>
-- !query output



-- !query
create table store_returns(
  `sr_returned_date_sk` int,
  `sr_return_time_sk` int,
  `sr_item_sk` int,
  `sr_customer_sk` int,
  `sr_cdemo_sk` int,
  `sr_hdemo_sk` int,
  `sr_addr_sk` int,
  `sr_store_sk` int,
  `sr_reason_sk` int,
  `sr_ticket_number` int,
  `sr_return_quantity` int,
  `sr_return_amt` decimal(7,2),
  `sr_return_tax` decimal(7,2),
  `sr_return_amt_inc_tax` decimal(7,2),
  `sr_fee` decimal(7,2),
  `sr_return_ship_cost` decimal(7,2),
  `sr_refunded_cash` decimal(7,2),
  `sr_reversed_charge` decimal(7,2),
  `sr_store_credit` decimal(7,2),
  `sr_net_loss` decimal(7,2))
-- !query schema
struct<>
-- !query output



-- !query
create table catalog_sales(
  `cs_sold_date_sk` int,
  `cs_sold_time_sk` int,
  `cs_ship_date_sk` int,
  `cs_bill_customer_sk` int,
  `cs_bill_cdemo_sk` int,
  `cs_bill_hdemo_sk` int,
  `cs_bill_addr_sk` int,
  `cs_ship_customer_sk` int,
  `cs_ship_cdemo_sk` int,
  `cs_ship_hdemo_sk` int,
  `cs_ship_addr_sk` int,
  `cs_call_center_sk` int,
  `cs_catalog_page_sk` int,
  `cs_ship_mode_sk` int,
  `cs_warehouse_sk` int,
  `cs_item_sk` int,
  `cs_promo_sk` int,
  `cs_order_number` int,
  `cs_quantity` int,
  `cs_wholesale_cost` decimal(7,2),
  `cs_list_price` decimal(7,2),
  `cs_sales_price` decimal(7,2),
  `cs_ext_discount_amt` decimal(7,2),
  `cs_ext_sales_price` decimal(7,2),
  `cs_ext_wholesale_cost` decimal(7,2),
  `cs_ext_list_price` decimal(7,2),
  `cs_ext_tax` decimal(7,2),
  `cs_coupon_amt` decimal(7,2),
  `cs_ext_ship_cost` decimal(7,2),
  `cs_net_paid` decimal(7,2),
  `cs_net_paid_inc_tax` decimal(7,2),
  `cs_net_paid_inc_ship` decimal(7,2),
  `cs_net_paid_inc_ship_tax` decimal(7,2),
  `cs_net_profit` decimal(7,2))
-- !query schema
struct<>
-- !query output



-- !query
create table catalog_returns(
  `cr_returned_date_sk` int,
  `cr_returned_time_sk` int,
  `cr_item_sk` int,
  `cr_refunded_customer_sk` int,
  `cr_refunded_cdemo_sk` int,
  `cr_refunded_hdemo_sk` int,
  `cr_refunded_addr_sk` int,
  `cr_returning_customer_sk` int,
  `cr_returning_cdemo_sk` int,
  `cr_returning_hdemo_sk` int,
  `cr_returning_addr_sk` int,
  `cr_call_center_sk` int,
  `cr_catalog_page_sk` int,
  `cr_ship_mode_sk` int,
  `cr_warehouse_sk` int,
  `cr_reason_sk` int,
  `cr_order_number` int,
  `cr_return_quantity` int,
  `cr_return_amount` decimal(7,2),
  `cr_return_tax` decimal(7,2),
  `cr_return_amt_inc_tax` decimal(7,2),
  `cr_fee` decimal(7,2),
  `cr_return_ship_cost` decimal(7,2),
  `cr_refunded_cash` decimal(7,2),
  `cr_reversed_charge` decimal(7,2),
  `cr_store_credit` decimal(7,2),
  `cr_net_loss` decimal(7,2))
-- !query schema
struct<>
-- !query output



-- !query
create table web_sales(
  `ws_sold_date_sk` int,
  `ws_sold_time_sk` int,
  `ws_ship_date_sk` int,
  `ws_item_sk` int,
  `ws_bill_customer_sk` int,
  `ws_bill_cdemo_sk` int,
  `ws_bill_hdemo_sk` int,
  `ws_bill_addr_sk` int,
  `ws_ship_customer_sk` int,
  `ws_ship_cdemo_sk` int,
  `ws_ship_hdemo_sk` int,
  `ws_ship_addr_sk` int,
  `ws_web_page_sk` int,
  `ws_web_site_sk` int,
  `ws_ship_mode_sk` int,
  `ws_warehouse_sk` int,
  `ws_promo_sk` int,
  `ws_order_number` int,
  `ws_quantity` int,
  `ws_wholesale_cost` decimal(7,2),
  `ws_list_price` decimal(7,2),
  `ws_sales_price` decimal(7,2),
  `ws_ext_discount_amt` decimal(7,2),
  `ws_ext_sales_price` decimal(7,2),
  `ws_ext_wholesale_cost` decimal(7,2),
  `ws_ext_list_price` decimal(7,2),
  `ws_ext_tax` decimal(7,2),
  `ws_coupon_amt` decimal(7,2),
  `ws_ext_ship_cost` decimal(7,2),
  `ws_net_paid` decimal(7,2),
  `ws_net_paid_inc_tax` decimal(7,2),
  `ws_net_paid_inc_ship` decimal(7,2),
  `ws_net_paid_inc_ship_tax` decimal(7,2),
  `ws_net_profit` decimal(7,2))
-- !query schema
struct<>
-- !query output



-- !query
create table web_returns(
  `wr_returned_date_sk` int,
  `wr_returned_time_sk` int,
  `wr_item_sk` int,
  `wr_refunded_customer_sk` int,
  `wr_refunded_cdemo_sk` int,
  `wr_refunded_hdemo_sk` int,
  `wr_refunded_addr_sk` int,
  `wr_returning_customer_sk` int,
  `wr_returning_cdemo_sk` int,
  `wr_returning_hdemo_sk` int,
  `wr_returning_addr_sk` int,
  `wr_web_page_sk` int,
  `wr_reason_sk` int,
  `wr_order_number` int,
  `wr_return_quantity` int,
  `wr_return_amt` decimal(7,2),
  `wr_return_tax` decimal(7,2),
  `wr_return_amt_inc_tax` decimal(7,2),
  `wr_fee` decimal(7,2),
  `wr_return_ship_cost` decimal(7,2),
  `wr_refunded_cash` decimal(7,2),
  `wr_reversed_charge` decimal(7,2),
  `wr_account_credit` decimal(7,2),
  `wr_net_loss` decimal(7,2))
-- !query schema
struct<>
-- !query output



-- !query
create table inventory(
  `inv_date_sk` int,
  `inv_item_sk` int,
  `inv_warehouse_sk` int,
  `inv_quantity_on_hand` int)
-- !query schema
struct<>
-- !query output



-- !query
create table store(
  `s_store_sk` int,
  `s_store_id` char(16),
  `s_rec_start_date` date,
  `s_rec_end_date` date,
  `s_closed_date_sk` int,
  `s_store_name` varchar(50),
  `s_number_employees` int,
  `s_floor_space` int,
  `s_hours` char(20),
  `s_manager` varchar(40),
  `s_market_id` int,
  `s_geography_class` varchar(100),
  `s_market_desc` varchar(100),
  `s_market_manager` varchar(40),
  `s_division_id` int,
  `s_division_name` varchar(50),
  `s_company_id` int,
  `s_company_name` varchar(50),
  `s_street_number` varchar(10),
  `s_street_name` varchar(60),
  `s_street_type` char(15),
  `s_suite_number` char(10),
  `s_city` varchar(60),
  `s_county` varchar(30),
  `s_state` char(2),
  `s_zip` char(10),
  `s_country` varchar(20),
  `s_gmt_offset` decimal(5,2),
  `s_tax_percentage` decimal(5,2))
-- !query schema
struct<>
-- !query output



-- !query
create table call_center(
  `cc_call_center_sk` int,
  `cc_call_center_id` char(16),
  `cc_rec_start_date` date,
  `cc_rec_end_date` date,
  `cc_closed_date_sk` int,
  `cc_open_date_sk` int,
  `cc_name` varchar(50),
  `cc_class` varchar(50),
  `cc_employees` int,
  `cc_sq_ft` int,
  `cc_hours` char(20),
  `cc_manager` varchar(40),
  `cc_mkt_id` int,
  `cc_mkt_class` char(50),
  `cc_mkt_desc` varchar(100),
  `cc_market_manager` varchar(40),
  `cc_division` int,
  `cc_division_name` varchar(50),
  `cc_company` int,
  `cc_company_name` char(50),
  `cc_street_number` char(10),
  `cc_street_name` varchar(60),
  `cc_street_type` char(15),
  `cc_suite_number` char(10),
  `cc_city` varchar(60),
  `cc_county` varchar(30),
  `cc_state` char(2),
  `cc_zip` char(10),
  `cc_country` varchar(20),
  `cc_gmt_offset` decimal(5,2),
  `cc_tax_percentage` decimal(5,2))
-- !query schema
struct<>
-- !query output



-- !query
create table catalog_page(
  `cp_catalog_page_sk` int,
  `cp_catalog_page_id` char(16),
  `cp_start_date_sk` int,
  `cp_end_date_sk` int,
  `cp_department` varchar(50),
  `cp_catalog_number` int,
  `cp_catalog_page_number` int,
  `cp_description` varchar(100),
  `cp_type` varchar(100))
-- !query schema
struct<>
-- !query output



-- !query
create table web_site(
  `web_site_sk` int,
  `web_site_id` char(16),
  `web_rec_start_date` date,
  `web_rec_end_date` date,
  `web_name` varchar(50),
  `web_open_date_sk` int,
  `web_close_date_sk` int,
  `web_class` varchar(50),
  `web_manager` varchar(40),
  `web_mkt_id` int,
  `web_mkt_class` varchar(50),
  `web_mkt_desc` varchar(100),
  `web_market_manager` varchar(40),
  `web_company_id` int,
  `web_company_name` char(50),
  `web_street_number` char(10),
  `web_street_name` varchar(60),
  `web_street_type` char(15),
  `web_suite_number` char(10),
  `web_city` varchar(60),
  `web_county` varchar(30),
  `web_state` char(2),
  `web_zip` char(10),
  `web_country` varchar(20),
  `web_gmt_offset` decimal(5,2),
  `web_tax_percentage` decimal(5,2))
-- !query schema
struct<>
-- !query output



-- !query
create table web_page(
  `wp_web_page_sk` int,
  `wp_web_page_id` char(16),
  `wp_rec_start_date` date,
  `wp_rec_end_date` date,
  `wp_creation_date_sk` int,
  `wp_access_date_sk` int,
  `wp_autogen_flag` char(1),
  `wp_customer_sk` int,
  `wp_url` varchar(100),
  `wp_type` char(50),
  `wp_char_count` int,
  `wp_link_count` int,
  `wp_image_count` int,
  `wp_max_ad_count` int)
-- !query schema
struct<>
-- !query output



-- !query
create table warehouse(
  `w_warehouse_sk` int,
  `w_warehouse_id` char(16),
  `w_warehouse_name` varchar(20),
  `w_warehouse_sq_ft` int,
  `w_street_number` char(10),
  `w_street_name` varchar(20),
  `w_street_type` char(15),
  `w_suite_number` char(10),
  `w_city` varchar(60),
  `w_county` varchar(30),
  `w_state` char(2),
  `w_zip` char(10),
  `w_country` varchar(20),
  `w_gmt_offset` decimal(5,2))
-- !query schema
struct<>
-- !query output



-- !query
create table customer(
  `c_customer_sk` int,
  `c_customer_id` char(16),
  `c_current_cdemo_sk` int,
  `c_current_hdemo_sk` int,
  `c_current_addr_sk` int,
  `c_first_shipto_date_sk` int,
  `c_first_sales_date_sk` int,
  `c_salutation` char(10),
  `c_first_name` char(20),
  `c_last_name` char(30),
  `c_preferred_cust_flag` char(1),
  `c_birth_day` int,
  `c_birth_month` int,
  `c_birth_year` int,
  `c_birth_country` varchar(20),
  `c_login` char(13),
  `c_email_address` char(50),
  `c_last_review_date` int)
-- !query schema
struct<>
-- !query output



-- !query
create table customer_address(
  `ca_address_sk` int,
  `ca_address_id` char(16),
  `ca_street_number` char(10),
  `ca_street_name` varchar(60),
  `ca_street_type` char(15),
  `ca_suite_number` char(10),
  `ca_city` varchar(60),
  `ca_county` varchar(30),
  `ca_state` char(2),
  `ca_zip` char(10),
  `ca_country` varchar(20),
  `ca_gmt_offset` decimal(5,2),
  `ca_location_type` char(20))
-- !query schema
struct<>
-- !query output



-- !query
create table customer_demographics(
  `cd_demo_sk` int,
  `cd_gender` char(1),
  `cd_marital_status` char(1),
  `cd_education_status` char(20),
  `cd_purchase_estimate` int,
  `cd_credit_rating` char(10),
  `cd_dep_count` int,
  `cd_dep_employed_count` int,
  `cd_dep_college_count` int)
-- !query schema
struct<>
-- !query output



-- !query
create table date_dim(
  `d_date_sk` int,
  `d_date_id` char(16),
  `d_date` date,
  `d_month_seq` int,
  `d_week_seq` int,
  `d_quarter_seq` int,
  `d_year` int,
  `d_dow` int,
  `d_moy` int,
  `d_dom` int,
  `d_qoy` int,
  `d_fy_year` int,
  `d_fy_quarter_seq` int,
  `d_fy_week_seq` int,
  `d_day_name` char(9),
  `d_quarter_name` char(6),
  `d_holiday` char(1),
  `d_weekend` char(1),
  `d_following_holiday` char(1),
  `d_first_dom` int,
  `d_last_dom` int,
  `d_same_day_ly` int,
  `d_same_day_lq` int,
  `d_current_day` char(1),
  `d_current_week` char(1),
  `d_current_month` char(1),
  `d_current_quarter` char(1),
  `d_current_year` char(1))
-- !query schema
struct<>
-- !query output



-- !query
create table household_demographics(
  `hd_demo_sk` int,
  `hd_income_band_sk` int,
  `hd_buy_potential` char(15),
  `hd_dep_count` int,
  `hd_vehicle_count` int)
-- !query schema
struct<>
-- !query output



-- !query
create table item(
  `i_item_sk` int,
  `i_item_id` char(16),
  `i_rec_start_date` date,
  `i_rec_end_date` date,
  `i_item_desc` varchar(200),
  `i_current_price` decimal(7,2),
  `i_wholesale_cost` decimal(7,2),
  `i_brand_id` int,
  `i_brand` char(50),
  `i_class_id` int,
  `i_class` char(50),
  `i_category_id` int,
  `i_category` char(50),
  `i_manufact_id` int,
  `i_manufact` char(50),
  `i_size` char(20),
  `i_formulation` char(20),
  `i_color` char(20),
  `i_units` char(10),
  `i_container` char(10),
  `i_manager_id` int,
  `i_product_name` char(50))
-- !query schema
struct<>
-- !query output



-- !query
create table income_band(
  `ib_income_band_sk` int,
  `ib_lower_bound` int,
  `ib_upper_bound` int)
-- !query schema
struct<>
-- !query output



-- !query
create table promotion(
  `p_promo_sk` int,
  `p_promo_id` char(16),
  `p_start_date_sk` int,
  `p_end_date_sk` int,
  `p_item_sk` int,
  `p_cost` decimal(15,2),
  `p_response_target` int,
  `p_promo_name` char(50),
  `p_channel_dmail` char(1),
  `p_channel_email` char(1),
  `p_channel_catalog` char(1),
  `p_channel_tv` char(1),
  `p_channel_radio` char(1),
  `p_channel_press` char(1),
  `p_channel_event` char(1),
  `p_channel_demo` char(1),
  `p_channel_details` varchar(100),
  `p_purpose` char(15),
  `p_discount_active` char(1))
-- !query schema
struct<>
-- !query output



-- !query
create table reason(
  `r_reason_sk` int,
  `r_reason_id` char(16),
  `r_reason_desc` char(100))
-- !query schema
struct<>
-- !query output



-- !query
create table ship_mode(
  `sm_ship_mode_sk` int,
  `sm_ship_mode_id` char(16),
  `sm_type` char(30),
  `sm_code` char(10),
  `sm_carrier` char(20),
  `sm_contract` char(20))
-- !query schema
struct<>
-- !query output



-- !query
create table time_dim(
  `t_time_sk` int,
  `t_time_id` char(16),
  `t_time` int,
  `t_hour` int,
  `t_minute` int,
  `t_second` int,
  `t_am_pm` char(2),
  `t_shift` char(20),
  `t_sub_shift` char(20),
  `t_meal_time` char(20))
-- !query schema
struct<>
-- !query output



-- !query
table t
|> select 1 as x
-- !query schema
struct<x:int>
-- !query output
1
1


-- !query
table t
|> select x, y
-- !query schema
struct<x:int,y:string>
-- !query output
0	abc
1	def


-- !query
table t
|> select x, y
|> select x + length(y) as z
-- !query schema
struct<z:int>
-- !query output
3
4


-- !query
values (0), (1) tab(col)
|> select col * 2 as result
-- !query schema
struct<result:int>
-- !query output
0
2


-- !query
(select * from t union all select * from t)
|> select x + length(y) as result
-- !query schema
struct<result:int>
-- !query output
3
3
4
4


-- !query
(table t
 |> select x, y
 |> select x)
union all
select x from t where x < 1
-- !query schema
struct<x:int>
-- !query output
0
0
1


-- !query
(select col from st)
|> select col.i1
-- !query schema
struct<i1:int>
-- !query output
2


-- !query
table st
|> select st.col.i1
-- !query schema
struct<i1:int>
-- !query output
2


-- !query
table t
|> select (select a from other where x = a limit 1) as result
-- !query schema
struct<result:int>
-- !query output
1
NULL


-- !query
select (values (0) tab(col) |> select col) as result
-- !query schema
struct<result:int>
-- !query output
0


-- !query
table t
|> select (select any_value(a) from other where x = a limit 1) as result
-- !query schema
struct<result:int>
-- !query output
1
NULL


-- !query
table t
|> select x + length(x) as z, z + 1 as plus_one
-- !query schema
struct<z:int,plus_one:int>
-- !query output
1	2
2	3


-- !query
table t
|> select first_value(x) over (partition by y) as result
-- !query schema
struct<result:int>
-- !query output
0
1


-- !query
select 1 x, 2 y, 3 z
|> select 1 + sum(x) over (),
     avg(y) over (),
     x,
     avg(x+1) over (partition by y order by z) AS a2
|> select a2
-- !query schema
struct<a2:double>
-- !query output
2.0


-- !query
table t
|> select x, count(*) over ()
|> select x
-- !query schema
struct<x:int>
-- !query output
0
1


-- !query
table t
|> select distinct x, y
-- !query schema
struct<x:int,y:string>
-- !query output
0	abc
1	def


-- !query
table t
|> select *
-- !query schema
struct<x:int,y:string>
-- !query output
0	abc
1	def


-- !query
table t
|> select * except (y)
-- !query schema
struct<x:int>
-- !query output
0
1


-- !query
table t
|> select /*+ repartition(3) */ *
-- !query schema
struct<x:int,y:string>
-- !query output
0	abc
1	def


-- !query
table t
|> select /*+ repartition(3) */ distinct x
-- !query schema
struct<x:int>
-- !query output
0
1


-- !query
table t
|> select /*+ repartition(3) */ all x
-- !query schema
struct<x:int>
-- !query output
0
1


-- !query
table t
|> select sum(x) as result
-- !query schema
struct<>
-- !query output
org.apache.spark.sql.AnalysisException
{
  "errorClass" : "PIPE_OPERATOR_CONTAINS_AGGREGATE_FUNCTION",
  "sqlState" : "0A000",
  "messageParameters" : {
    "clause" : "SELECT",
    "expr" : "sum(x#x)"
  },
  "queryContext" : [ {
    "objectType" : "",
    "objectName" : "",
    "startIndex" : 19,
    "stopIndex" : 24,
    "fragment" : "sum(x)"
  } ]
}


-- !query
table t
|> select y, length(y) + sum(x) as result
-- !query schema
struct<>
-- !query output
org.apache.spark.sql.AnalysisException
{
  "errorClass" : "PIPE_OPERATOR_CONTAINS_AGGREGATE_FUNCTION",
  "sqlState" : "0A000",
  "messageParameters" : {
    "clause" : "SELECT",
    "expr" : "sum(x#x)"
  },
  "queryContext" : [ {
    "objectType" : "",
    "objectName" : "",
    "startIndex" : 34,
    "stopIndex" : 39,
    "fragment" : "sum(x)"
  } ]
}


-- !query
table t
|> extend 1 as z
-- !query schema
struct<x:int,y:string,z:int>
-- !query output
0	abc	1
1	def	1


-- !query
table t
|> extend 1
-- !query schema
struct<x:int,y:string,pipeexpression(1):int>
-- !query output
0	abc	1
1	def	1


-- !query
table t
|> extend x as z
-- !query schema
struct<x:int,y:string,z:int>
-- !query output
0	abc	0
1	def	1


-- !query
table t
|> extend x + length(y) as z
-- !query schema
struct<x:int,y:string,z:int>
-- !query output
0	abc	3
1	def	4


-- !query
table t
|> extend x + length(y) as z, x + 1 as zz
-- !query schema
struct<x:int,y:string,z:int,zz:int>
-- !query output
0	abc	3	1
1	def	4	2


-- !query
table t
|> extend x + length(y) as z
|> extend z + 1 as zz
-- !query schema
struct<x:int,y:string,z:int,zz:int>
-- !query output
0	abc	3	4
1	def	4	5


-- !query
select col from st
|> extend col.i1 as z
-- !query schema
struct<col:struct<i1:int,i2:int>,z:int>
-- !query output
{"i1":2,"i2":3}	2


-- !query
table t
|> extend (select a from other where x = a limit 1) as z
-- !query schema
struct<x:int,y:string,z:int>
-- !query output
0	abc	NULL
1	def	1


-- !query
table t
|> where exists (
    table other
    |> extend t.x
    |> select * except (a, b))
-- !query schema
struct<x:int,y:string>
-- !query output
0	abc
1	def


-- !query
table t
|> extend 1 as x
-- !query schema
struct<x:int,y:string,x:int>
-- !query output
0	abc	1
1	def	1


-- !query
table t
|> extend first_value(x) over (partition by y) as result
-- !query schema
struct<x:int,y:string,result:int>
-- !query output
0	abc	0
1	def	1


-- !query
table t
|> extend x + length(y) as z, z + 1 as plus_one
-- !query schema
struct<x:int,y:string,z:int,plus_one:int>
-- !query output
0	abc	3	4
1	def	4	5


-- !query
table t
|> extend sum(x) as z
-- !query schema
struct<>
-- !query output
org.apache.spark.sql.AnalysisException
{
  "errorClass" : "PIPE_OPERATOR_CONTAINS_AGGREGATE_FUNCTION",
  "sqlState" : "0A000",
  "messageParameters" : {
    "clause" : "EXTEND",
    "expr" : "sum(x#x)"
  },
  "queryContext" : [ {
    "objectType" : "",
    "objectName" : "",
    "startIndex" : 19,
    "stopIndex" : 24,
    "fragment" : "sum(x)"
  } ]
}


-- !query
table t
|> extend distinct x as z
-- !query schema
struct<>
-- !query output
org.apache.spark.sql.catalyst.parser.ParseException
{
  "errorClass" : "PARSE_SYNTAX_ERROR",
  "sqlState" : "42601",
  "messageParameters" : {
    "error" : "'as'",
    "hint" : ""
  }
}


-- !query
table t
|> extend *
-- !query schema
struct<>
-- !query output
org.apache.spark.sql.AnalysisException
{
  "errorClass" : "INVALID_USAGE_OF_STAR_OR_REGEX",
  "sqlState" : "42000",
  "messageParameters" : {
    "elem" : "'*'",
    "prettyName" : "expression `pipeexpression`"
  }
}


-- !query
table t
|> set x = 1
-- !query schema
struct<x:int,y:string>
-- !query output
1	abc
1	def


-- !query
table t
|> set y = x
-- !query schema
struct<x:int,y:int>
-- !query output
0	0
1	1


-- !query
table t
|> extend 1 as z
|> set z = x + length(y)
-- !query schema
struct<x:int,y:string,z:int>
-- !query output
0	abc	3
1	def	4


-- !query
table t
|> extend 1 as z
|> extend 2 as zz
|> set z = x + length(y), zz = x + 1
-- !query schema
struct<x:int,y:string,z:int,zz:int>
-- !query output
0	abc	3	1
1	def	4	2


-- !query
table other
|> extend 3 as c
|> set a = b, b = c
-- !query schema
struct<a:int,b:int,c:int>
-- !query output
1	3	3
2	3	3
4	3	3


-- !query
table t
|> extend 1 as z
|> extend 2 as zz
|> set z = x + length(y), zz = z + 1
-- !query schema
struct<x:int,y:string,z:int,zz:int>
-- !query output
0	abc	3	4
1	def	4	5


-- !query
table t
|> extend 1 as z
|> set z = x + length(y)
|> set z = z + 1
-- !query schema
struct<x:int,y:string,z:int>
-- !query output
0	abc	4
1	def	5


-- !query
table t
|> extend 1 as z
|> set z = x + length(y), z = z + 1
-- !query schema
struct<x:int,y:string,z:int>
-- !query output
0	abc	4
1	def	5


-- !query
select col from st
|> extend 1 as z
|> set z = col.i1
-- !query schema
struct<col:struct<i1:int,i2:int>,z:int>
-- !query output
{"i1":2,"i2":3}	2


-- !query
table t
|> set y = (select a from other where x = a limit 1)
-- !query schema
struct<x:int,y:int>
-- !query output
0	NULL
1	1


-- !query
table t
|> extend 1 as `x.y.z`
|> set `x.y.z` = x + length(y)
-- !query schema
struct<x:int,y:string,x.y.z:int>
-- !query output
0	abc	3
1	def	4


-- !query
table t
|> extend 1 as z
|> set z = first_value(x) over (partition by y)
-- !query schema
struct<x:int,y:string,z:int>
-- !query output
0	abc	0
1	def	1


-- !query
table t
|> set z = 1
-- !query schema
struct<>
-- !query output
org.apache.spark.sql.AnalysisException
{
  "errorClass" : "UNRESOLVED_COLUMN.WITH_SUGGESTION",
  "sqlState" : "42703",
  "messageParameters" : {
    "objectName" : "`z`",
    "proposal" : "`x`, `y`"
  },
  "queryContext" : [ {
    "objectType" : "",
    "objectName" : "",
    "startIndex" : 1,
    "stopIndex" : 20,
    "fragment" : "table t\n|> set z = 1"
  } ]
}


-- !query
table t
|> set x = 1 as z
-- !query schema
struct<>
-- !query output
org.apache.spark.sql.catalyst.parser.ParseException
{
  "errorClass" : "PARSE_SYNTAX_ERROR",
  "sqlState" : "42601",
  "messageParameters" : {
    "error" : "'as'",
    "hint" : ""
  }
}


-- !query
select col from st
|> set col.i1 = 42
-- !query schema
struct<>
-- !query output
org.apache.spark.sql.catalyst.parser.ParseException
{
  "errorClass" : "_LEGACY_ERROR_TEMP_0035",
  "messageParameters" : {
    "message" : "SQL pipe syntax |> SET operator with multi-part assignment key (only single-part keys are allowed)"
  },
  "queryContext" : [ {
    "objectType" : "",
    "objectName" : "",
    "startIndex" : 27,
    "stopIndex" : 37,
    "fragment" : "col.i1 = 42"
  } ]
}


-- !query
table t
|> drop y
-- !query schema
struct<x:int>
-- !query output
0
1


-- !query
select 1 as x, 2 as y, 3 as z
|> drop z, y
-- !query schema
struct<x:int>
-- !query output
1


-- !query
select 1 as x, 2 as y, 3 as z
|> drop z
|> drop y
-- !query schema
struct<x:int>
-- !query output
1


-- !query
select x from t
|> drop x
-- !query schema
struct<>
-- !query output



-- !query
table t
|> extend 1 as `x.y.z`
|> drop `x.y.z`
-- !query schema
struct<x:int,y:string>
-- !query output
0	abc
1	def


-- !query
table t
|> drop z
-- !query schema
struct<>
-- !query output
org.apache.spark.sql.AnalysisException
{
  "errorClass" : "UNRESOLVED_COLUMN.WITH_SUGGESTION",
  "sqlState" : "42703",
  "messageParameters" : {
    "objectName" : "`z`",
    "proposal" : "`x`, `y`"
  },
  "queryContext" : [ {
    "objectType" : "",
    "objectName" : "",
    "startIndex" : 1,
    "stopIndex" : 17,
    "fragment" : "table t\n|> drop z"
  } ]
}


-- !query
table st
|> drop col.i1
-- !query schema
struct<>
-- !query output
org.apache.spark.sql.catalyst.parser.ParseException
{
  "errorClass" : "PARSE_SYNTAX_ERROR",
  "sqlState" : "42601",
  "messageParameters" : {
    "error" : "'.'",
    "hint" : ""
  }
}


-- !query
table st
|> drop `col.i1`
-- !query schema
struct<>
-- !query output
org.apache.spark.sql.AnalysisException
{
  "errorClass" : "UNRESOLVED_COLUMN.WITH_SUGGESTION",
  "sqlState" : "42703",
  "messageParameters" : {
    "objectName" : "`col.i1`",
    "proposal" : "`col`, `x`"
  },
  "queryContext" : [ {
    "objectType" : "",
    "objectName" : "",
    "startIndex" : 1,
    "stopIndex" : 25,
    "fragment" : "table st\n|> drop `col.i1`"
  } ]
}


-- !query
select 1 as x, 2 as y, 3 as z
|> drop z, y, z
-- !query schema
struct<>
-- !query output
org.apache.spark.sql.AnalysisException
{
  "errorClass" : "EXCEPT_OVERLAPPING_COLUMNS",
  "sqlState" : "42702",
  "messageParameters" : {
    "columns" : "z, y, z"
  },
  "queryContext" : [ {
    "objectType" : "",
    "objectName" : "",
    "startIndex" : 1,
    "stopIndex" : 45,
    "fragment" : "select 1 as x, 2 as y, 3 as z\n|> drop z, y, z"
  } ]
}


-- !query
table t
|> as u
|> select u.x, u.y
-- !query schema
struct<x:int,y:string>
-- !query output
0	abc
1	def


-- !query
select 1 as x, 2 as y
|> as u
|> select u.x, u.y
-- !query schema
struct<x:int,y:int>
-- !query output
1	2


-- !query
table t
|> as u
|> as v
|> select v.x, v.y
-- !query schema
struct<x:int,y:string>
-- !query output
0	abc
1	def


-- !query
table t
|> as u
|> where u.x = 1
-- !query schema
struct<x:int,y:string>
-- !query output
1	def


-- !query
table t
|> as u, v
-- !query schema
struct<>
-- !query output
org.apache.spark.sql.catalyst.parser.ParseException
{
  "errorClass" : "PARSE_SYNTAX_ERROR",
  "sqlState" : "42601",
  "messageParameters" : {
    "error" : "','",
    "hint" : ""
  }
}


-- !query
table t
|> as 1 + 2
-- !query schema
struct<>
-- !query output
org.apache.spark.sql.catalyst.parser.ParseException
{
  "errorClass" : "PARSE_SYNTAX_ERROR",
  "sqlState" : "42601",
  "messageParameters" : {
    "error" : "'1'",
    "hint" : ""
  }
}


-- !query
table t
|> where true
-- !query schema
struct<x:int,y:string>
-- !query output
0	abc
1	def


-- !query
table t
|> where x + length(y) < 4
-- !query schema
struct<x:int,y:string>
-- !query output
0	abc


-- !query
table t
|> where x + length(y) < 4
|> where x + length(y) < 3
-- !query schema
struct<x:int,y:string>
-- !query output



-- !query
(select x, sum(length(y)) as sum_len from t group by x)
|> where x = 1
-- !query schema
struct<x:int,sum_len:bigint>
-- !query output
1	3


-- !query
table t
|> where t.x = 1
-- !query schema
struct<x:int,y:string>
-- !query output
1	def


-- !query
table t
|> where spark_catalog.default.t.x = 1
-- !query schema
struct<x:int,y:string>
-- !query output
1	def


-- !query
(select col from st)
|> where col.i1 = 1
-- !query schema
struct<col:struct<i1:int,i2:int>>
-- !query output



-- !query
table st
|> where st.col.i1 = 2
-- !query schema
struct<x:int,col:struct<i1:int,i2:int>>
-- !query output
1	{"i1":2,"i2":3}


-- !query
table t
|> where exists (select a from other where x = a limit 1)
-- !query schema
struct<x:int,y:string>
-- !query output
1	def


-- !query
table t
|> where (select any_value(a) from other where x = a limit 1) = 1
-- !query schema
struct<x:int,y:string>
-- !query output
1	def


-- !query
table t
|> where sum(x) = 1
-- !query schema
struct<>
-- !query output
org.apache.spark.sql.catalyst.ExtendedAnalysisException
{
  "errorClass" : "INVALID_WHERE_CONDITION",
  "sqlState" : "42903",
  "messageParameters" : {
    "condition" : "\"(sum(x) = 1)\"",
    "expressionList" : "sum(spark_catalog.default.t.x)"
  },
  "queryContext" : [ {
    "objectType" : "",
    "objectName" : "",
    "startIndex" : 1,
    "stopIndex" : 27,
    "fragment" : "table t\n|> where sum(x) = 1"
  } ]
}


-- !query
table t
|> where y = 'abc' or length(y) + sum(x) = 1
-- !query schema
struct<>
-- !query output
org.apache.spark.sql.catalyst.ExtendedAnalysisException
{
  "errorClass" : "INVALID_WHERE_CONDITION",
  "sqlState" : "42903",
  "messageParameters" : {
    "condition" : "\"((y = abc) OR ((length(y) + sum(x)) = 1))\"",
    "expressionList" : "sum(spark_catalog.default.t.x)"
  },
  "queryContext" : [ {
    "objectType" : "",
    "objectName" : "",
    "startIndex" : 1,
    "stopIndex" : 52,
    "fragment" : "table t\n|> where y = 'abc' or length(y) + sum(x) = 1"
  } ]
}


-- !query
table t
|> where sum(x) over (partition by y) = 1
-- !query schema
struct<>
-- !query output
org.apache.spark.sql.AnalysisException
{
  "errorClass" : "_LEGACY_ERROR_TEMP_1034",
  "messageParameters" : {
    "clauseName" : "WHERE"
  }
}


-- !query
table t
|> where sum(x) over w = 1
   window w as (partition by y)
-- !query schema
struct<>
-- !query output
org.apache.spark.sql.catalyst.parser.ParseException
{
  "errorClass" : "NOT_ALLOWED_IN_PIPE_OPERATOR_WHERE.WINDOW_CLAUSE",
  "sqlState" : "42601",
  "queryContext" : [ {
    "objectType" : "",
    "objectName" : "",
    "startIndex" : 1,
    "stopIndex" : 66,
    "fragment" : "table t\n|> where sum(x) over w = 1\n   window w as (partition by y)"
  } ]
}


-- !query
select * from t where sum(x) over (partition by y) = 1
-- !query schema
struct<>
-- !query output
org.apache.spark.sql.AnalysisException
{
  "errorClass" : "_LEGACY_ERROR_TEMP_1034",
  "messageParameters" : {
    "clauseName" : "WHERE"
  }
}


-- !query
table t
|> select x, length(y) as z
|> where x + length(y) < 4
-- !query schema
struct<>
-- !query output
org.apache.spark.sql.catalyst.ExtendedAnalysisException
{
  "errorClass" : "UNRESOLVED_COLUMN.WITH_SUGGESTION",
  "sqlState" : "42703",
  "messageParameters" : {
    "objectName" : "`y`",
    "proposal" : "`x`, `z`"
  },
  "queryContext" : [ {
    "objectType" : "",
    "objectName" : "",
    "startIndex" : 57,
    "stopIndex" : 57,
    "fragment" : "y"
  } ]
}


-- !query
(select x, sum(length(y)) as sum_len from t group by x)
|> where sum(length(y)) = 3
-- !query schema
struct<>
-- !query output
org.apache.spark.sql.catalyst.ExtendedAnalysisException
{
  "errorClass" : "UNRESOLVED_COLUMN.WITH_SUGGESTION",
  "sqlState" : "42703",
  "messageParameters" : {
    "objectName" : "`y`",
    "proposal" : "`x`, `sum_len`"
  },
  "queryContext" : [ {
    "objectType" : "",
    "objectName" : "",
    "startIndex" : 77,
    "stopIndex" : 77,
    "fragment" : "y"
  } ]
}


-- !query
table courseSales
|> select `year`, course, earnings
|> pivot (
     sum(earnings)
     for course in ('dotNET', 'Java')
  )
-- !query schema
struct<year:int,dotNET:bigint,Java:bigint>
-- !query output
2012	15000	20000
2013	48000	30000


-- !query
table courseSales
|> select `year` as y, course as c, earnings as e
|> pivot (
     sum(e) as s, avg(e) as a
     for y in (2012 as firstYear, 2013 as secondYear)
   )
-- !query schema
struct<c:string,firstYear_s:bigint,firstYear_a:double,secondYear_s:bigint,secondYear_a:double>
-- !query output
Java	20000	20000.0	30000	30000.0
dotNET	15000	7500.0	48000	48000.0


-- !query
select course, `year`, y, a
from courseSales
join yearsWithComplexTypes on `year` = y
|> pivot (
     max(a)
     for (y, course) in ((2012, 'dotNET'), (2013, 'Java'))
   )
-- !query schema
struct<year:int,{2012, dotNET}:array<int>,{2013, Java}:array<int>>
-- !query output
2012	[1,1]	NULL
2013	NULL	[2,2]


-- !query
select earnings, `year`, s
from courseSales
join yearsWithComplexTypes on `year` = y
|> pivot (
     sum(earnings)
     for s in ((1, 'a'), (2, 'b'))
   )
-- !query schema
struct<year:int,{1, a}:bigint,{2, b}:bigint>
-- !query output
2012	35000	NULL
2013	NULL	78000


-- !query
table courseEarnings
|> unpivot (
     earningsYear for `year` in (`2012`, `2013`, `2014`)
   )
-- !query schema
struct<course:string,year:string,earningsYear:int>
-- !query output
Java	2012	20000
Java	2013	30000
dotNET	2012	15000
dotNET	2013	48000
dotNET	2014	22500


-- !query
table courseEarnings
|> unpivot include nulls (
     earningsYear for `year` in (`2012`, `2013`, `2014`)
   )
-- !query schema
struct<course:string,year:string,earningsYear:int>
-- !query output
Java	2012	20000
Java	2013	30000
Java	2014	NULL
dotNET	2012	15000
dotNET	2013	48000
dotNET	2014	22500


-- !query
table courseEarningsAndSales
|> unpivot include nulls (
     (earnings, sales) for `year` in (
       (earnings2012, sales2012) as `2012`,
       (earnings2013, sales2013) as `2013`,
       (earnings2014, sales2014) as `2014`)
   )
-- !query schema
struct<course:string,year:string,earnings:int,sales:int>
-- !query output
Java	2012	20000	1
Java	2013	30000	2
Java	2014	NULL	NULL
dotNET	2012	15000	NULL
dotNET	2013	48000	1
dotNET	2014	22500	1


-- !query
table courseSales
|> select course, earnings
|> pivot (
     sum(earnings)
     for `year` in (2012, 2013)
   )
-- !query schema
struct<>
-- !query output
org.apache.spark.sql.catalyst.ExtendedAnalysisException
{
  "errorClass" : "UNRESOLVED_COLUMN.WITH_SUGGESTION",
  "sqlState" : "42703",
  "messageParameters" : {
    "objectName" : "`year`",
    "proposal" : "`course`, `earnings`"
  },
  "queryContext" : [ {
    "objectType" : "",
    "objectName" : "",
    "startIndex" : 49,
    "stopIndex" : 111,
    "fragment" : "pivot (\n     sum(earnings)\n     for `year` in (2012, 2013)\n   )"
  } ]
}


-- !query
table courseSales
|> pivot (
     sum(earnings)
     for `year` in (course, 2013)
   )
-- !query schema
struct<>
-- !query output
org.apache.spark.sql.AnalysisException
{
  "errorClass" : "NON_LITERAL_PIVOT_VALUES",
  "sqlState" : "42K08",
  "messageParameters" : {
    "expression" : "\"course\""
  }
}


-- !query
table courseSales
|> select course, earnings
|> pivot (
     sum(earnings)
     for `year` in (2012, 2013)
   )
   unpivot (
     earningsYear for `year` in (`2012`, `2013`, `2014`)
   )
-- !query schema
struct<>
-- !query output
org.apache.spark.sql.catalyst.parser.ParseException
{
  "errorClass" : "NOT_ALLOWED_IN_FROM.UNPIVOT_WITH_PIVOT",
  "sqlState" : "42601",
  "queryContext" : [ {
    "objectType" : "",
    "objectName" : "",
    "startIndex" : 1,
    "stopIndex" : 186,
    "fragment" : "table courseSales\n|> select course, earnings\n|> pivot (\n     sum(earnings)\n     for `year` in (2012, 2013)\n   )\n   unpivot (\n     earningsYear for `year` in (`2012`, `2013`, `2014`)\n   )"
  } ]
}


-- !query
table courseSales
|> select course, earnings
|> unpivot (
     earningsYear for `year` in (`2012`, `2013`, `2014`)
   )
   pivot (
     sum(earnings)
     for `year` in (2012, 2013)
   )
-- !query schema
struct<>
-- !query output
org.apache.spark.sql.catalyst.parser.ParseException
{
  "errorClass" : "NOT_ALLOWED_IN_FROM.UNPIVOT_WITH_PIVOT",
  "sqlState" : "42601",
  "queryContext" : [ {
    "objectType" : "",
    "objectName" : "",
    "startIndex" : 1,
    "stopIndex" : 186,
    "fragment" : "table courseSales\n|> select course, earnings\n|> unpivot (\n     earningsYear for `year` in (`2012`, `2013`, `2014`)\n   )\n   pivot (\n     sum(earnings)\n     for `year` in (2012, 2013)\n   )"
  } ]
}


-- !query
table courseSales
|> select course, earnings
|> pivot (
     sum(earnings)
     for `year` in (2012, 2013)
   )
   pivot (
     sum(earnings)
     for `year` in (2012, 2013)
   )
-- !query schema
struct<>
-- !query output
org.apache.spark.sql.catalyst.parser.ParseException
{
  "errorClass" : "PARSE_SYNTAX_ERROR",
  "sqlState" : "42601",
  "messageParameters" : {
    "error" : "'pivot'",
    "hint" : ""
  }
}


-- !query
table courseSales
|> select course, earnings
|> unpivot (
     earningsYear for `year` in (`2012`, `2013`, `2014`)
   )
   unpivot (
     earningsYear for `year` in (`2012`, `2013`, `2014`)
   )
   pivot (
     sum(earnings)
     for `year` in (2012, 2013)
   )
-- !query schema
struct<>
-- !query output
org.apache.spark.sql.catalyst.parser.ParseException
{
  "errorClass" : "PARSE_SYNTAX_ERROR",
  "sqlState" : "42601",
  "messageParameters" : {
    "error" : "'unpivot'",
    "hint" : ""
  }
}


-- !query
table t
|> tablesample (100 percent) repeatable (0)
-- !query schema
struct<x:int,y:string>
-- !query output
0	abc
1	def


-- !query
table t
|> tablesample (2 rows) repeatable (0)
-- !query schema
struct<x:int,y:string>
-- !query output
0	abc
1	def


-- !query
table t
|> tablesample (bucket 1 out of 1) repeatable (0)
-- !query schema
struct<x:int,y:string>
-- !query output
0	abc
1	def


-- !query
table t
|> tablesample (100 percent) repeatable (0)
|> tablesample (5 rows) repeatable (0)
|> tablesample (bucket 1 out of 1) repeatable (0)
-- !query schema
struct<x:int,y:string>
-- !query output
0	abc
1	def


-- !query
table t
|> tablesample ()
-- !query schema
struct<>
-- !query output
org.apache.spark.sql.catalyst.parser.ParseException
{
  "errorClass" : "_LEGACY_ERROR_TEMP_0014",
  "queryContext" : [ {
    "objectType" : "",
    "objectName" : "",
    "startIndex" : 12,
    "stopIndex" : 25,
    "fragment" : "tablesample ()"
  } ]
}


-- !query
table t
|> tablesample (-100 percent) repeatable (0)
-- !query schema
struct<>
-- !query output
org.apache.spark.sql.catalyst.parser.ParseException
{
  "errorClass" : "_LEGACY_ERROR_TEMP_0064",
  "messageParameters" : {
    "msg" : "Sampling fraction (-1.0) must be on interval [0, 1]"
  },
  "queryContext" : [ {
    "objectType" : "",
    "objectName" : "",
    "startIndex" : 12,
    "stopIndex" : 52,
    "fragment" : "tablesample (-100 percent) repeatable (0)"
  } ]
}


-- !query
table t
|> tablesample (-5 rows)
-- !query schema
struct<>
-- !query output
org.apache.spark.sql.catalyst.ExtendedAnalysisException
{
  "errorClass" : "INVALID_LIMIT_LIKE_EXPRESSION.IS_NEGATIVE",
  "sqlState" : "42K0E",
  "messageParameters" : {
    "expr" : "\"-5\"",
    "name" : "limit",
    "v" : "-5"
  },
  "queryContext" : [ {
    "objectType" : "",
    "objectName" : "",
    "startIndex" : 25,
    "stopIndex" : 26,
    "fragment" : "-5"
  } ]
}


-- !query
table t
|> tablesample (x rows)
-- !query schema
struct<>
-- !query output
org.apache.spark.sql.catalyst.ExtendedAnalysisException
{
  "errorClass" : "INVALID_LIMIT_LIKE_EXPRESSION.IS_UNFOLDABLE",
  "sqlState" : "42K0E",
  "messageParameters" : {
    "expr" : "\"x\"",
    "name" : "limit"
  },
  "queryContext" : [ {
    "objectType" : "",
    "objectName" : "",
    "startIndex" : 25,
    "stopIndex" : 25,
    "fragment" : "x"
  } ]
}


-- !query
table t
|> tablesample (bucket 2 out of 1)
-- !query schema
struct<>
-- !query output
org.apache.spark.sql.catalyst.parser.ParseException
{
  "errorClass" : "_LEGACY_ERROR_TEMP_0064",
  "messageParameters" : {
    "msg" : "Sampling fraction (2.0) must be on interval [0, 1]"
  },
  "queryContext" : [ {
    "objectType" : "",
    "objectName" : "",
    "startIndex" : 12,
    "stopIndex" : 42,
    "fragment" : "tablesample (bucket 2 out of 1)"
  } ]
}


-- !query
table t
|> tablesample (200b) repeatable (0)
-- !query schema
struct<>
-- !query output
org.apache.spark.sql.catalyst.parser.ParseException
{
  "errorClass" : "_LEGACY_ERROR_TEMP_0015",
  "messageParameters" : {
    "msg" : "byteLengthLiteral"
  },
  "queryContext" : [ {
    "objectType" : "",
    "objectName" : "",
    "startIndex" : 12,
    "stopIndex" : 44,
    "fragment" : "tablesample (200b) repeatable (0)"
  } ]
}


-- !query
table t
|> tablesample (200) repeatable (0)
-- !query schema
struct<>
-- !query output
org.apache.spark.sql.catalyst.parser.ParseException
{
  "errorClass" : "_LEGACY_ERROR_TEMP_0016",
  "messageParameters" : {
    "bytesStr" : "200"
  },
  "queryContext" : [ {
    "objectType" : "",
    "objectName" : "",
    "startIndex" : 12,
    "stopIndex" : 43,
    "fragment" : "tablesample (200) repeatable (0)"
  } ]
}


-- !query
table join_test_t1
|> inner join join_test_empty_table
-- !query schema
struct<a:int,a:int>
-- !query output



-- !query
table join_test_t1
|> cross join join_test_empty_table
-- !query schema
struct<a:int,a:int>
-- !query output



-- !query
table join_test_t1
|> left outer join join_test_empty_table
-- !query schema
struct<a:int,a:int>
-- !query output
1	NULL


-- !query
table join_test_t1
|> right outer join join_test_empty_table
-- !query schema
struct<a:int,a:int>
-- !query output



-- !query
table join_test_t1
|> full outer join join_test_empty_table using (a)
-- !query schema
struct<a:int>
-- !query output
1


-- !query
table join_test_t1
|> full outer join join_test_empty_table on (join_test_t1.a = join_test_empty_table.a)
-- !query schema
struct<a:int,a:int>
-- !query output
1	NULL


-- !query
table join_test_t1
|> left semi join join_test_empty_table
-- !query schema
struct<a:int>
-- !query output



-- !query
table join_test_t1
|> left anti join join_test_empty_table
-- !query schema
struct<a:int>
-- !query output
1


-- !query
select * from join_test_t1 where true
|> inner join join_test_empty_table
-- !query schema
struct<a:int,a:int>
-- !query output



-- !query
select 1 as x, 2 as y
|> inner join (select 1 as x, 4 as y) using (x)
-- !query schema
struct<x:int,y:int,y:int>
-- !query output
1	2	4


-- !query
table join_test_t1
|> inner join (join_test_t2 jt2 inner join join_test_t3 jt3 using (a)) using (a)
|> select a, join_test_t1.a, jt2.a, jt3.a
-- !query schema
struct<a:int,a:int,a:int,a:int>
-- !query output
1	1	1	1


-- !query
table join_test_t1
|> inner join join_test_t2 tablesample (100 percent) repeatable (0) jt2 using (a)
-- !query schema
struct<a:int>
-- !query output
1


-- !query
table join_test_t1
|> inner join (select 1 as a) tablesample (100 percent) repeatable (0) jt2 using (a)
-- !query schema
struct<a:int>
-- !query output
1


-- !query
table join_test_t1
|> join join_test_t1 using (a)
-- !query schema
struct<a:int>
-- !query output
1


-- !query
table lateral_test_t1
|> join lateral (select c1)
-- !query schema
struct<c1:int,c2:int,c1:int>
-- !query output
0	1	0
1	2	1


-- !query
table lateral_test_t1
|> join lateral (select c1 from lateral_test_t2)
-- !query schema
struct<c1:int,c2:int,c1:int>
-- !query output
0	1	0
0	1	0
1	2	0
1	2	0


-- !query
table lateral_test_t1
|> join lateral (select lateral_test_t1.c1 from lateral_test_t2)
-- !query schema
struct<c1:int,c2:int,c1:int>
-- !query output
0	1	0
0	1	0
1	2	1
1	2	1


-- !query
table lateral_test_t1
|> join lateral (select lateral_test_t1.c1 + t2.c1 from lateral_test_t2 t2)
-- !query schema
struct<c1:int,c2:int,(outer(lateral_test_t1.c1) + c1):int>
-- !query output
0	1	0
0	1	0
1	2	1
1	2	1


-- !query
table lateral_test_t1
|> join lateral (select *)
-- !query schema
struct<c1:int,c2:int>
-- !query output
0	1
1	2


-- !query
table lateral_test_t1
|> join lateral (select * from lateral_test_t2)
-- !query schema
struct<c1:int,c2:int,c1:int,c2:int>
-- !query output
0	1	0	2
0	1	0	3
1	2	0	2
1	2	0	3


-- !query
table lateral_test_t1
|> join lateral (select lateral_test_t1.* from lateral_test_t2)
-- !query schema
struct<c1:int,c2:int,c1:int,c2:int>
-- !query output
0	1	0	1
0	1	0	1
1	2	1	2
1	2	1	2


-- !query
table lateral_test_t1
|> join lateral (select lateral_test_t1.*, t2.* from lateral_test_t2 t2)
-- !query schema
struct<c1:int,c2:int,c1:int,c2:int,c1:int,c2:int>
-- !query output
0	1	0	1	0	2
0	1	0	1	0	3
1	2	1	2	0	2
1	2	1	2	0	3


-- !query
table lateral_test_t1
|> join lateral_test_t2
|> join lateral (select lateral_test_t1.c2 + lateral_test_t2.c2)
-- !query schema
struct<c1:int,c2:int,c1:int,c2:int,(outer(lateral_test_t1.c2) + outer(lateral_test_t2.c2)):int>
-- !query output
0	1	0	2	3
0	1	0	3	4
1	2	0	2	4
1	2	0	3	5


-- !query
table natural_join_test_t1
|> natural join natural_join_test_t2
|> where k = "one"
-- !query schema
struct<k:string,v1:int,v2:int>
-- !query output
one	1	1
one	1	5


-- !query
table natural_join_test_t1
|> natural join natural_join_test_t2 nt2
|> select natural_join_test_t1.*
-- !query schema
struct<k:string,v1:int>
-- !query output
one	1
one	1
two	2


-- !query
table natural_join_test_t1
|> natural join natural_join_test_t2 nt2
|> natural join natural_join_test_t3 nt3
|> select natural_join_test_t1.*, nt2.*, nt3.*
-- !query schema
struct<k:string,v1:int,k:string,v2:int,k:string,v3:int>
-- !query output
one	1	one	1	one	4
one	1	one	1	one	6
one	1	one	5	one	4
one	1	one	5	one	6
two	2	two	22	two	5


-- !query
table join_test_t1
|> inner join join_test_empty_table
   inner join join_test_empty_table
-- !query schema
struct<>
-- !query output
org.apache.spark.sql.catalyst.parser.ParseException
{
  "errorClass" : "PARSE_SYNTAX_ERROR",
  "sqlState" : "42601",
  "messageParameters" : {
    "error" : "'inner'",
    "hint" : ""
  }
}


-- !query
table join_test_t1
|> select 1 + 2 as result
|> full outer join join_test_empty_table on (join_test_t1.a = join_test_empty_table.a)
-- !query schema
struct<>
-- !query output
org.apache.spark.sql.catalyst.ExtendedAnalysisException
{
  "errorClass" : "UNRESOLVED_COLUMN.WITH_SUGGESTION",
  "sqlState" : "42703",
  "messageParameters" : {
    "objectName" : "`join_test_t1`.`a`",
    "proposal" : "`result`, `join_test_empty_table`.`a`"
  },
  "queryContext" : [ {
    "objectType" : "",
    "objectName" : "",
    "startIndex" : 91,
    "stopIndex" : 104,
    "fragment" : "join_test_t1.a"
  } ]
}


-- !query
table join_test_t1 jt
|> cross join (select * from jt)
-- !query schema
struct<>
-- !query output
org.apache.spark.sql.catalyst.parser.ParseException
{
  "errorClass" : "PARSE_SYNTAX_ERROR",
  "sqlState" : "42601",
  "messageParameters" : {
    "error" : "'jt'",
    "hint" : ""
  }
}


-- !query
table t
|> union all table t
-- !query schema
struct<x:int,y:string>
-- !query output
0	abc
0	abc
1	def
1	def


-- !query
table t
|> union table t
-- !query schema
struct<x:int,y:string>
-- !query output
0	abc
1	def


-- !query
(select * from t)
|> union all table t
-- !query schema
struct<x:int,y:string>
-- !query output
0	abc
0	abc
1	def
1	def


-- !query
(select * from t)
|> union table t
-- !query schema
struct<x:int,y:string>
-- !query output
0	abc
1	def


-- !query
values (0, 'abc') tab(x, y)
|> union all table t
-- !query schema
struct<x:int,y:string>
-- !query output
0	abc
0	abc
1	def


-- !query
values (0, 1) tab(x, y)
|> union table t
|> where x = 0
-- !query schema
struct<>
-- !query output
org.apache.spark.SparkNumberFormatException
{
  "errorClass" : "CAST_INVALID_INPUT",
  "sqlState" : "22018",
  "messageParameters" : {
    "expression" : "'abc'",
    "sourceType" : "\"STRING\"",
    "targetType" : "\"BIGINT\""
  },
  "queryContext" : [ {
    "objectType" : "",
    "objectName" : "",
    "startIndex" : 1,
    "stopIndex" : 55,
    "fragment" : "values (0, 1) tab(x, y)\n|> union table t\n|> where x = 0"
  } ]
}


-- !query
(select * from t)
|> union all (select * from t)
-- !query schema
struct<x:int,y:string>
-- !query output
0	abc
0	abc
1	def
1	def


-- !query
table t
|> except all table t
-- !query schema
struct<x:int,y:string>
-- !query output



-- !query
table t
|> except table t
-- !query schema
struct<x:int,y:string>
-- !query output



-- !query
table t
|> intersect all table t
-- !query schema
struct<x:int,y:string>
-- !query output
0	abc
1	def


-- !query
table t
|> intersect table t
-- !query schema
struct<x:int,y:string>
-- !query output
0	abc
1	def


-- !query
table t
|> minus all table t
-- !query schema
struct<x:int,y:string>
-- !query output



-- !query
table t
|> minus table t
-- !query schema
struct<x:int,y:string>
-- !query output



-- !query
table t
|> select x
|> union all table t
-- !query schema
struct<>
-- !query output
org.apache.spark.sql.catalyst.ExtendedAnalysisException
{
  "errorClass" : "NUM_COLUMNS_MISMATCH",
  "sqlState" : "42826",
  "messageParameters" : {
    "firstNumColumns" : "1",
    "invalidNumColumns" : "2",
    "invalidOrdinalNum" : "second",
    "operator" : "UNION"
  },
  "queryContext" : [ {
    "objectType" : "",
    "objectName" : "",
    "startIndex" : 1,
    "stopIndex" : 40,
    "fragment" : "table t\n|> select x\n|> union all table t"
  } ]
}


-- !query
table t
|> union all table st
-- !query schema
struct<>
-- !query output
org.apache.spark.sql.catalyst.ExtendedAnalysisException
{
  "errorClass" : "INCOMPATIBLE_COLUMN_TYPE",
  "sqlState" : "42825",
  "messageParameters" : {
    "columnOrdinalNumber" : "second",
    "dataType1" : "\"STRUCT<i1: INT, i2: INT>\"",
    "dataType2" : "\"STRING\"",
    "hint" : "",
    "operator" : "UNION",
    "tableOrdinalNumber" : "second"
  },
  "queryContext" : [ {
    "objectType" : "",
    "objectName" : "",
    "startIndex" : 1,
    "stopIndex" : 29,
    "fragment" : "table t\n|> union all table st"
  } ]
}


-- !query
table t
|> order by x
-- !query schema
struct<x:int,y:string>
-- !query output
0	abc
1	def


-- !query
(select * from t)
|> order by x
-- !query schema
struct<x:int,y:string>
-- !query output
0	abc
1	def


-- !query
values (0, 'abc') tab(x, y)
|> order by x
-- !query schema
struct<x:int,y:string>
-- !query output
0	abc


-- !query
table t
|> order by x
|> limit 1
-- !query schema
struct<x:int,y:string>
-- !query output
0	abc


-- !query
table t
|> where x = 1
|> select y
|> limit 2 offset 1
-- !query schema
struct<y:string>
-- !query output



-- !query
table t
|> where x = 1
|> select y
|> offset 1
-- !query schema
struct<y:string>
-- !query output



-- !query
table t
|> limit all offset 0
-- !query schema
struct<x:int,y:string>
-- !query output
0	abc
1	def


-- !query
table t
|> distribute by x
-- !query schema
struct<x:int,y:string>
-- !query output
0	abc
1	def


-- !query
table t
|> cluster by x
-- !query schema
struct<x:int,y:string>
-- !query output
0	abc
1	def


-- !query
table t
|> sort by x distribute by x
-- !query schema
struct<x:int,y:string>
-- !query output
0	abc
1	def


-- !query
table t
|> order by x desc
order by y
-- !query schema
struct<x:int,y:string>
-- !query output
0	abc
1	def


-- !query
table t
|> order by x desc order by x + y
order by y
-- !query schema
struct<>
-- !query output
org.apache.spark.sql.catalyst.parser.ParseException
{
  "errorClass" : "PARSE_SYNTAX_ERROR",
  "sqlState" : "42601",
  "messageParameters" : {
    "error" : "'order'",
    "hint" : ""
  }
}


-- !query
table t
|> select 1 + 2 as result
|> order by x
-- !query schema
struct<>
-- !query output
org.apache.spark.sql.catalyst.ExtendedAnalysisException
{
  "errorClass" : "UNRESOLVED_COLUMN.WITH_SUGGESTION",
  "sqlState" : "42703",
  "messageParameters" : {
    "objectName" : "`x`",
    "proposal" : "`result`"
  },
  "queryContext" : [ {
    "objectType" : "",
    "objectName" : "",
    "startIndex" : 47,
    "stopIndex" : 47,
    "fragment" : "x"
  } ]
}


-- !query
table t
|> select 1 + 2 as result
|> distribute by x
-- !query schema
struct<>
-- !query output
org.apache.spark.sql.catalyst.ExtendedAnalysisException
{
  "errorClass" : "UNRESOLVED_COLUMN.WITH_SUGGESTION",
  "sqlState" : "42703",
  "messageParameters" : {
    "objectName" : "`x`",
    "proposal" : "`result`"
  },
  "queryContext" : [ {
    "objectType" : "",
    "objectName" : "",
    "startIndex" : 52,
    "stopIndex" : 52,
    "fragment" : "x"
  } ]
}


-- !query
table t
|> order by x limit 1
-- !query schema
struct<>
-- !query output
org.apache.spark.sql.catalyst.parser.ParseException
{
  "errorClass" : "MULTIPLE_QUERY_RESULT_CLAUSES_WITH_PIPE_OPERATORS",
  "sqlState" : "42000",
  "messageParameters" : {
    "clause1" : "ORDER BY",
    "clause2" : "LIMIT"
  },
  "queryContext" : [ {
    "objectType" : "",
    "objectName" : "",
    "startIndex" : 12,
    "stopIndex" : 29,
    "fragment" : "order by x limit 1"
  } ]
}


-- !query
table t
|> order by x sort by x
-- !query schema
struct<>
-- !query output
org.apache.spark.sql.catalyst.parser.ParseException
{
  "errorClass" : "UNSUPPORTED_FEATURE.COMBINATION_QUERY_RESULT_CLAUSES",
  "sqlState" : "0A000",
  "queryContext" : [ {
    "objectType" : "",
    "objectName" : "",
    "startIndex" : 12,
    "stopIndex" : 31,
    "fragment" : "order by x sort by x"
  } ]
}


-- !query
table other
|> aggregate sum(b) as result group by a
-- !query schema
struct<a:int,result:bigint>
-- !query output
1	3
2	4


-- !query
table other
|> aggregate sum(b) as result group by a
|> select result
-- !query schema
struct<result:bigint>
-- !query output
3
4


-- !query
table other
|> aggregate sum(b) group by a + 1 as gkey
|> select gkey
-- !query schema
struct<gkey:int>
-- !query output
2
3


-- !query
select 1 as x, 2 as y
|> aggregate group by x, y
-- !query schema
struct<x:int,y:int>
-- !query output
1	2


-- !query
select 3 as x, 4 as y
|> aggregate group by 1, 2
-- !query schema
struct<1:int,2:int>
-- !query output
1	2


-- !query
table t
|> aggregate sum(x)
-- !query schema
struct<pipeexpression(sum(x)):bigint>
-- !query output
1


-- !query
table t
|> aggregate sum(x) + 1 as result_plus_one
-- !query schema
struct<result_plus_one:bigint>
-- !query output
2


-- !query
table other
|> aggregate group by a
|> where a = 1
-- !query schema
struct<a:int>
-- !query output
1


-- !query
select 1 as x, 2 as y, 3 as z
|> aggregate group by x, y, x + y as z
-- !query schema
struct<x:int,y:int,z:int>
-- !query output
1	2	3


-- !query
select 1 as x, 2 as y, 3 as z
|> aggregate group by x as z, x + y as z
-- !query schema
struct<z:int,z:int>
-- !query output
1	3


-- !query
select 1 as x, 2 as y, named_struct('z', 3) as st
|> aggregate group by x, y, x, x, st.z, (st).z, 1 + x, 2 + x
-- !query schema
struct<x:int,y:int,x:int,x:int,z:int,z:int,(1 + x):int,(2 + x):int>
-- !query output
1	2	1	1	3	3	2	3


-- !query
select 1 x, 2 y, 3 z
|> aggregate sum(z) z group by x, y
|> aggregate avg(z) z group by x
|> aggregate count(distinct z) c
-- !query schema
struct<c:bigint>
-- !query output
1


-- !query
select 1 x, 3 z
|> aggregate count(*) group by x, z, x
|> select x
-- !query schema
struct<x:int>
-- !query output
1


-- !query
table other
|> aggregate a + count(b) group by a
-- !query schema
struct<a:int,pipeexpression((a + count(b))):bigint>
-- !query output
1	3
2	3


-- !query
table other
|> aggregate a group by a
-- !query schema
struct<>
-- !query output
org.apache.spark.sql.AnalysisException
{
  "errorClass" : "PIPE_OPERATOR_AGGREGATE_EXPRESSION_CONTAINS_NO_AGGREGATE_FUNCTION",
  "sqlState" : "0A000",
  "messageParameters" : {
    "expr" : "a#x"
  },
  "queryContext" : [ {
    "objectType" : "",
    "objectName" : "",
    "startIndex" : 37,
    "stopIndex" : 37,
    "fragment" : "a"
  } ]
}


-- !query
select 3 as x, 4 as y
|> aggregate group by all
-- !query schema
struct<>
-- !query output
org.apache.spark.sql.catalyst.parser.ParseException
{
  "errorClass" : "UNSUPPORTED_FEATURE.PIPE_OPERATOR_AGGREGATE_UNSUPPORTED_CASE",
  "sqlState" : "0A000",
  "messageParameters" : {
    "case" : "GROUP BY ALL"
  },
  "queryContext" : [ {
    "objectType" : "",
    "objectName" : "",
    "startIndex" : 1,
    "stopIndex" : 47,
    "fragment" : "select 3 as x, 4 as y\n|> aggregate group by all"
  } ]
}


-- !query
table courseSales
|> aggregate sum(earnings) group by rollup(course, `year`)
|> where course = 'dotNET' and `year` = '2013'
-- !query schema
struct<>
-- !query output
org.apache.spark.sql.catalyst.parser.ParseException
{
  "errorClass" : "UNSUPPORTED_FEATURE.PIPE_OPERATOR_AGGREGATE_UNSUPPORTED_CASE",
  "sqlState" : "0A000",
  "messageParameters" : {
    "case" : "GROUP BY ROLLUP"
  },
  "queryContext" : [ {
    "objectType" : "",
    "objectName" : "",
    "startIndex" : 1,
    "stopIndex" : 123,
    "fragment" : "table courseSales\n|> aggregate sum(earnings) group by rollup(course, `year`)\n|> where course = 'dotNET' and `year` = '2013'"
  } ]
}


-- !query
table courseSales
|> aggregate sum(earnings) group by cube(course, `year`)
|> where course = 'dotNET' and `year` = '2013'
-- !query schema
struct<>
-- !query output
org.apache.spark.sql.catalyst.parser.ParseException
{
  "errorClass" : "UNSUPPORTED_FEATURE.PIPE_OPERATOR_AGGREGATE_UNSUPPORTED_CASE",
  "sqlState" : "0A000",
  "messageParameters" : {
    "case" : "GROUP BY CUBE"
  },
  "queryContext" : [ {
    "objectType" : "",
    "objectName" : "",
    "startIndex" : 1,
    "stopIndex" : 121,
    "fragment" : "table courseSales\n|> aggregate sum(earnings) group by cube(course, `year`)\n|> where course = 'dotNET' and `year` = '2013'"
  } ]
}


-- !query
table courseSales
|> aggregate sum(earnings) group by course, `year` grouping sets(course, `year`)
|> where course = 'dotNET' and `year` = '2013'
-- !query schema
struct<>
-- !query output
org.apache.spark.sql.catalyst.parser.ParseException
{
  "errorClass" : "UNSUPPORTED_FEATURE.PIPE_OPERATOR_AGGREGATE_UNSUPPORTED_CASE",
  "sqlState" : "0A000",
  "messageParameters" : {
    "case" : "GROUPING SETS"
  },
  "queryContext" : [ {
    "objectType" : "",
    "objectName" : "",
    "startIndex" : 1,
    "stopIndex" : 145,
    "fragment" : "table courseSales\n|> aggregate sum(earnings) group by course, `year` grouping sets(course, `year`)\n|> where course = 'dotNET' and `year` = '2013'"
  } ]
}


-- !query
table courseSales
|> aggregate sum(earnings), grouping(course) + 1
   group by course
|> where course = 'dotNET' and `year` = '2013'
-- !query schema
struct<>
-- !query output
org.apache.spark.sql.catalyst.parser.ParseException
{
  "errorClass" : "UNSUPPORTED_FEATURE.PIPE_OPERATOR_AGGREGATE_UNSUPPORTED_CASE",
  "sqlState" : "0A000",
  "messageParameters" : {
    "case" : "GROUPING"
  },
  "queryContext" : [ {
    "objectType" : "",
    "objectName" : "",
    "startIndex" : 1,
    "stopIndex" : 132,
    "fragment" : "table courseSales\n|> aggregate sum(earnings), grouping(course) + 1\n   group by course\n|> where course = 'dotNET' and `year` = '2013'"
  } ]
}


-- !query
table courseSales
|> aggregate sum(earnings), grouping_id(course)
   group by course
|> where course = 'dotNET' and `year` = '2013'
-- !query schema
struct<>
-- !query output
org.apache.spark.sql.catalyst.parser.ParseException
{
  "errorClass" : "UNSUPPORTED_FEATURE.PIPE_OPERATOR_AGGREGATE_UNSUPPORTED_CASE",
  "sqlState" : "0A000",
  "messageParameters" : {
    "case" : "GROUPING_ID"
  },
  "queryContext" : [ {
    "objectType" : "",
    "objectName" : "",
    "startIndex" : 1,
    "stopIndex" : 131,
    "fragment" : "table courseSales\n|> aggregate sum(earnings), grouping_id(course)\n   group by course\n|> where course = 'dotNET' and `year` = '2013'"
  } ]
}


-- !query
select 1 as x, 2 as y
|> aggregate group by ()
-- !query schema
struct<>
-- !query output
org.apache.spark.sql.catalyst.parser.ParseException
{
  "errorClass" : "PARSE_SYNTAX_ERROR",
  "sqlState" : "42601",
  "messageParameters" : {
    "error" : "')'",
    "hint" : ""
  }
}


-- !query
table other
|> aggregate a
-- !query schema
struct<>
-- !query output
org.apache.spark.sql.AnalysisException
{
  "errorClass" : "PIPE_OPERATOR_AGGREGATE_EXPRESSION_CONTAINS_NO_AGGREGATE_FUNCTION",
  "sqlState" : "0A000",
  "messageParameters" : {
    "expr" : "a#x"
  },
  "queryContext" : [ {
    "objectType" : "",
    "objectName" : "",
    "startIndex" : 26,
    "stopIndex" : 26,
    "fragment" : "a"
  } ]
}


-- !query
table other
|> select sum(a) as result
-- !query schema
struct<>
-- !query output
org.apache.spark.sql.AnalysisException
{
  "errorClass" : "PIPE_OPERATOR_CONTAINS_AGGREGATE_FUNCTION",
  "sqlState" : "0A000",
  "messageParameters" : {
    "clause" : "SELECT",
    "expr" : "sum(a#x)"
  },
  "queryContext" : [ {
    "objectType" : "",
    "objectName" : "",
    "startIndex" : 23,
    "stopIndex" : 28,
    "fragment" : "sum(a)"
  } ]
}


-- !query
table other
|> aggregate
-- !query schema
struct<>
-- !query output
org.apache.spark.sql.catalyst.parser.ParseException
{
  "errorClass" : "_LEGACY_ERROR_TEMP_0035",
  "messageParameters" : {
    "message" : "The AGGREGATE clause requires a list of aggregate expressions or a list of grouping expressions, or both"
  },
  "queryContext" : [ {
    "objectType" : "",
    "objectName" : "",
    "startIndex" : 1,
    "stopIndex" : 24,
    "fragment" : "table other\n|> aggregate"
  } ]
}


-- !query
table other
|> aggregate group by
-- !query schema
struct<>
-- !query output
org.apache.spark.sql.catalyst.ExtendedAnalysisException
{
  "errorClass" : "UNRESOLVED_COLUMN.WITH_SUGGESTION",
  "sqlState" : "42703",
  "messageParameters" : {
    "objectName" : "`group`",
    "proposal" : "`a`, `b`"
  },
  "queryContext" : [ {
    "objectType" : "",
    "objectName" : "",
    "startIndex" : 26,
    "stopIndex" : 30,
    "fragment" : "group"
  } ]
}


-- !query
table other
|> group by a
-- !query schema
struct<>
-- !query output
org.apache.spark.sql.catalyst.parser.ParseException
{
  "errorClass" : "PARSE_SYNTAX_ERROR",
  "sqlState" : "42601",
  "messageParameters" : {
    "error" : "'group'",
    "hint" : ""
  }
}


-- !query
table other
|> aggregate sum(a) over () group by b
-- !query schema
struct<>
-- !query output
org.apache.spark.sql.catalyst.parser.ParseException
{
  "errorClass" : "UNSUPPORTED_FEATURE.PIPE_OPERATOR_AGGREGATE_UNSUPPORTED_CASE",
  "sqlState" : "0A000",
  "messageParameters" : {
    "case" : "window functions"
  },
  "queryContext" : [ {
    "objectType" : "",
    "objectName" : "",
    "startIndex" : 1,
    "stopIndex" : 50,
    "fragment" : "table other\n|> aggregate sum(a) over () group by b"
  } ]
}


-- !query
select 1 x, 2 y, 3 z
|> aggregate count(*) AS c, sum(x) AS x group by x
|> where c = 1
|> where x = 1
-- !query schema
struct<>
-- !query output
org.apache.spark.sql.AnalysisException
{
  "errorClass" : "AMBIGUOUS_REFERENCE",
  "sqlState" : "42704",
  "messageParameters" : {
    "name" : "`x`",
    "referenceNames" : "[`x`, `x`]"
  },
  "queryContext" : [ {
    "objectType" : "",
    "objectName" : "",
    "startIndex" : 97,
    "stopIndex" : 97,
    "fragment" : "x"
  } ]
}


-- !query
table windowTestData
|> select cate, sum(val) over w
   window w as (partition by cate order by val)
-- !query schema
struct<cate:string,sum(val) OVER (PARTITION BY cate ORDER BY val ASC NULLS FIRST RANGE BETWEEN UNBOUNDED PRECEDING AND CURRENT ROW):bigint>
-- !query output
NULL	3
NULL	NULL
a	2
a	2
a	4
a	NULL
b	1
b	3
b	6


-- !query
table windowTestData
|> select cate, sum(val) over w
   window w as (order by val_timestamp range between unbounded preceding and current row)
-- !query schema
struct<cate:string,sum(val) OVER (ORDER BY val_timestamp ASC NULLS FIRST RANGE BETWEEN UNBOUNDED PRECEDING AND CURRENT ROW):bigint>
-- !query output
NULL	5
NULL	NULL
a	13
a	5
a	5
a	6
b	13
b	5
b	8


-- !query
table windowTestData
|> select cate, val
    window w as (partition by cate order by val)
-- !query schema
struct<cate:string,val:int>
-- !query output
NULL	3
NULL	NULL
a	1
a	1
a	2
a	NULL
b	1
b	2
b	3


-- !query
table windowTestData
|> select cate, val, sum(val) over w as sum_val
   window w as (partition by cate)
|> select cate, val, sum_val, first_value(cate) over w
   window w as (order by val)
-- !query schema
struct<cate:string,val:int,sum_val:bigint,first_value(cate) OVER (ORDER BY val ASC NULLS FIRST RANGE BETWEEN UNBOUNDED PRECEDING AND CURRENT ROW):string>
-- !query output
NULL	3	3	a
NULL	NULL	3	a
a	1	4	a
a	1	4	a
a	2	4	a
a	NULL	4	a
b	1	6	a
b	2	6	a
b	3	6	a


-- !query
table windowTestData
|> select cate, val, sum(val) over w1, first_value(cate) over w2
   window w1 as (partition by cate), w2 as (order by val)
-- !query schema
struct<cate:string,val:int,sum(val) OVER (PARTITION BY cate ROWS BETWEEN UNBOUNDED PRECEDING AND UNBOUNDED FOLLOWING):bigint,first_value(cate) OVER (ORDER BY val ASC NULLS FIRST RANGE BETWEEN UNBOUNDED PRECEDING AND CURRENT ROW):string>
-- !query output
NULL	3	3	a
NULL	NULL	3	a
a	1	4	a
a	1	4	a
a	2	4	a
a	NULL	4	a
b	1	6	a
b	2	6	a
b	3	6	a


-- !query
table windowTestData
|> select cate, val, sum(val) over w, first_value(val) over w
   window w1 as (partition by cate order by val)
-- !query schema
struct<>
-- !query output
org.apache.spark.sql.AnalysisException
{
  "errorClass" : "MISSING_WINDOW_SPECIFICATION",
  "sqlState" : "42P20",
  "messageParameters" : {
    "docroot" : "https://spark.apache.org/docs/latest",
    "windowName" : "w"
  }
}


-- !query
(select col from st)
|> select col.i1, sum(col.i2) over w
   window w as (partition by col.i1 order by col.i2)
-- !query schema
struct<i1:int,sum(col.i2) OVER (PARTITION BY col.i1 ORDER BY col.i2 ASC NULLS FIRST RANGE BETWEEN UNBOUNDED PRECEDING AND CURRENT ROW):bigint>
-- !query output
2	3


-- !query
table st
|> select st.col.i1, sum(st.col.i2) over w
   window w as (partition by st.col.i1 order by st.col.i2)
-- !query schema
struct<i1:int,sum(col.i2) OVER (PARTITION BY col.i1 ORDER BY col.i2 ASC NULLS FIRST RANGE BETWEEN UNBOUNDED PRECEDING AND CURRENT ROW):bigint>
-- !query output
2	3


-- !query
table st
|> select spark_catalog.default.st.col.i1, sum(spark_catalog.default.st.col.i2) over w
   window w as (partition by spark_catalog.default.st.col.i1 order by spark_catalog.default.st.col.i2)
-- !query schema
struct<i1:int,sum(col.i2) OVER (PARTITION BY col.i1 ORDER BY col.i2 ASC NULLS FIRST RANGE BETWEEN UNBOUNDED PRECEDING AND CURRENT ROW):bigint>
-- !query output
2	3


-- !query
table windowTestData
|> select cate, sum(val) over val
   window val as (partition by cate order by val)
-- !query schema
struct<cate:string,sum(val) OVER (PARTITION BY cate ORDER BY val ASC NULLS FIRST RANGE BETWEEN UNBOUNDED PRECEDING AND CURRENT ROW):bigint>
-- !query output
NULL	3
NULL	NULL
a	2
a	2
a	4
a	NULL
b	1
b	3
b	6


-- !query
table windowTestData
|> select cate, sum(val) over w
-- !query schema
struct<>
-- !query output
org.apache.spark.sql.catalyst.ExtendedAnalysisException
{
  "errorClass" : "MISSING_WINDOW_SPECIFICATION",
  "sqlState" : "42P20",
  "messageParameters" : {
    "docroot" : "https://spark.apache.org/docs/latest",
    "windowName" : "w"
  }
}


-- !query
table windowTestData
|> select cate, val, sum(val) over w1, first_value(cate) over w2
   window w1 as (partition by cate)
   window w2 as (order by val)
-- !query schema
struct<>
-- !query output
org.apache.spark.sql.AnalysisException
{
  "errorClass" : "MISSING_WINDOW_SPECIFICATION",
  "sqlState" : "42P20",
  "messageParameters" : {
    "docroot" : "https://spark.apache.org/docs/latest",
    "windowName" : "w2"
  }
}


-- !query
table windowTestData
|> select cate, val, sum(val) over w as sum_val
   window w as (partition by cate order by val)
|> select cate, val, sum_val, first_value(cate) over w
-- !query schema
struct<>
-- !query output
org.apache.spark.sql.catalyst.ExtendedAnalysisException
{
  "errorClass" : "MISSING_WINDOW_SPECIFICATION",
  "sqlState" : "42P20",
  "messageParameters" : {
    "docroot" : "https://spark.apache.org/docs/latest",
    "windowName" : "w"
  }
}


-- !query
table windowTestData
|> select cate, val, first_value(cate) over w as first_val
|> select cate, val, sum(val) over w as sum_val
   window w as (order by val)
-- !query schema
struct<>
-- !query output
org.apache.spark.sql.catalyst.ExtendedAnalysisException
{
  "errorClass" : "MISSING_WINDOW_SPECIFICATION",
  "sqlState" : "42P20",
  "messageParameters" : {
    "docroot" : "https://spark.apache.org/docs/latest",
    "windowName" : "w"
  }
}


-- !query
with customer_total_return as
(select
    sr_customer_sk as ctr_customer_sk,
    sr_store_sk as ctr_store_sk,
    sum(sr_return_amt) as ctr_total_return
  from store_returns, date_dim
  where sr_returned_date_sk = d_date_sk and d_year = 2000
  group by sr_customer_sk, sr_store_sk)
select c_customer_id
from customer_total_return ctr1, store, customer
where ctr1.ctr_total_return >
  (select avg(ctr_total_return) * 1.2
  from customer_total_return ctr2
  where ctr1.ctr_store_sk = ctr2.ctr_store_sk)
  and s_store_sk = ctr1.ctr_store_sk
  and s_state = 'tn'
  and ctr1.ctr_customer_sk = c_customer_sk
order by c_customer_id
limit 100
-- !query schema
struct<c_customer_id:string>
-- !query output



-- !query
with customer_total_return as
  (table store_returns
  |> join date_dim
  |> where sr_returned_date_sk = d_date_sk and d_year = 2000
  |> aggregate sum(sr_return_amt) as ctr_total_return
       group by sr_customer_sk as ctr_customer_sk, sr_store_sk as ctr_store_sk)
table customer_total_return
|> as ctr1
|> join store
|> join customer
|> where ctr1.ctr_total_return >
     (table customer_total_return
      |> as ctr2
      |> where ctr1.ctr_store_sk = ctr2.ctr_store_sk
      |> aggregate avg(ctr_total_return) * 1.2)
     and s_store_sk = ctr1.ctr_store_sk
     and s_state = 'tn'
     and ctr1.ctr_customer_sk = c_customer_sk
|> order by c_customer_id
|> limit 100
|> select c_customer_id
-- !query schema
struct<c_customer_id:string>
-- !query output



-- !query
with wscs as
( select
    sold_date_sk,
    sales_price
  from (select
    ws_sold_date_sk sold_date_sk,
    ws_ext_sales_price sales_price
  from web_sales) x
  union all
  (select
    cs_sold_date_sk sold_date_sk,
    cs_ext_sales_price sales_price
  from catalog_sales)),
    wswscs as
  ( select
    d_week_seq,
    sum(case when (d_day_name = 'sunday')
      then sales_price
        else null end)
    sun_sales,
    sum(case when (d_day_name = 'monday')
      then sales_price
        else null end)
    mon_sales,
    sum(case when (d_day_name = 'tuesday')
      then sales_price
        else null end)
    tue_sales,
    sum(case when (d_day_name = 'wednesday')
      then sales_price
        else null end)
    wed_sales,
    sum(case when (d_day_name = 'thursday')
      then sales_price
        else null end)
    thu_sales,
    sum(case when (d_day_name = 'friday')
      then sales_price
        else null end)
    fri_sales,
    sum(case when (d_day_name = 'saturday')
      then sales_price
        else null end)
    sat_sales
  from wscs, date_dim
  where d_date_sk = sold_date_sk
  group by d_week_seq)
select
  d_week_seq1,
  round(sun_sales1 / sun_sales2, 2),
  round(mon_sales1 / mon_sales2, 2),
  round(tue_sales1 / tue_sales2, 2),
  round(wed_sales1 / wed_sales2, 2),
  round(thu_sales1 / thu_sales2, 2),
  round(fri_sales1 / fri_sales2, 2),
  round(sat_sales1 / sat_sales2, 2)
from
  (select
    wswscs.d_week_seq d_week_seq1,
    sun_sales sun_sales1,
    mon_sales mon_sales1,
    tue_sales tue_sales1,
    wed_sales wed_sales1,
    thu_sales thu_sales1,
    fri_sales fri_sales1,
    sat_sales sat_sales1
  from wswscs, date_dim
  where date_dim.d_week_seq = wswscs.d_week_seq and d_year = 2001) y,
  (select
    wswscs.d_week_seq d_week_seq2,
    sun_sales sun_sales2,
    mon_sales mon_sales2,
    tue_sales tue_sales2,
    wed_sales wed_sales2,
    thu_sales thu_sales2,
    fri_sales fri_sales2,
    sat_sales sat_sales2
  from wswscs, date_dim
  where date_dim.d_week_seq = wswscs.d_week_seq and d_year = 2001 + 1) z
where d_week_seq1 = d_week_seq2 - 53
order by d_week_seq1
-- !query schema
struct<d_week_seq1:int,round((sun_sales1 / sun_sales2), 2):decimal(20,2),round((mon_sales1 / mon_sales2), 2):decimal(20,2),round((tue_sales1 / tue_sales2), 2):decimal(20,2),round((wed_sales1 / wed_sales2), 2):decimal(20,2),round((thu_sales1 / thu_sales2), 2):decimal(20,2),round((fri_sales1 / fri_sales2), 2):decimal(20,2),round((sat_sales1 / sat_sales2), 2):decimal(20,2)>
-- !query output



-- !query
with wscs as
  (table web_sales
  |> select
       ws_sold_date_sk sold_date_sk,
       ws_ext_sales_price sales_price
  |> as x
  |> union all (
       table catalog_sales
       |> select
            cs_sold_date_sk sold_date_sk,
            cs_ext_sales_price sales_price)
  |> select
       sold_date_sk,
       sales_price),
wswscs as
  (table wscs
  |> join date_dim
  |> where d_date_sk = sold_date_sk
  |> aggregate
      sum(case when (d_day_name = 'sunday')
        then sales_price
          else null end)
      sun_sales,
      sum(case when (d_day_name = 'monday')
        then sales_price
          else null end)
      mon_sales,
      sum(case when (d_day_name = 'tuesday')
        then sales_price
          else null end)
      tue_sales,
      sum(case when (d_day_name = 'wednesday')
        then sales_price
          else null end)
      wed_sales,
      sum(case when (d_day_name = 'thursday')
        then sales_price
          else null end)
      thu_sales,
      sum(case when (d_day_name = 'friday')
        then sales_price
          else null end)
      fri_sales,
      sum(case when (d_day_name = 'saturday')
        then sales_price
          else null end)
      sat_sales
      group by d_week_seq)
table wswscs
|> join date_dim
|> where date_dim.d_week_seq = wswscs.d_week_seq AND d_year = 2001
|> select
     wswscs.d_week_seq d_week_seq1,
     sun_sales sun_sales1,
     mon_sales mon_sales1,
     tue_sales tue_sales1,
     wed_sales wed_sales1,
     thu_sales thu_sales1,
     fri_sales fri_sales1,
     sat_sales sat_sales1
|> as y
|> join (
     table wswscs
     |> join date_dim
     |> where date_dim.d_week_seq = wswscs.d_week_seq AND d_year = 2001 + 1
     |> select
          wswscs.d_week_seq d_week_seq2,
          sun_sales sun_sales2,
          mon_sales mon_sales2,
          tue_sales tue_sales2,
          wed_sales wed_sales2,
          thu_sales thu_sales2,
          fri_sales fri_sales2,
          sat_sales sat_sales2
     |> as z)
|> where d_week_seq1 = d_week_seq2 - 53
|> order by d_week_seq1
|> select
     d_week_seq1,
     round(sun_sales1 / sun_sales2, 2),
     round(mon_sales1 / mon_sales2, 2),
     round(tue_sales1 / tue_sales2, 2),
     round(wed_sales1 / wed_sales2, 2),
     round(thu_sales1 / thu_sales2, 2),
     round(fri_sales1 / fri_sales2, 2),
     round(sat_sales1 / sat_sales2, 2)
-- !query schema
struct<d_week_seq1:int,round((sun_sales1 / sun_sales2), 2):decimal(20,2),round((mon_sales1 / mon_sales2), 2):decimal(20,2),round((tue_sales1 / tue_sales2), 2):decimal(20,2),round((wed_sales1 / wed_sales2), 2):decimal(20,2),round((thu_sales1 / thu_sales2), 2):decimal(20,2),round((fri_sales1 / fri_sales2), 2):decimal(20,2),round((sat_sales1 / sat_sales2), 2):decimal(20,2)>
-- !query output



-- !query
select
  dt.d_year,
  item.i_brand_id brand_id,
  item.i_brand brand,
  sum(ss_ext_sales_price) sum_agg
from date_dim dt, store_sales, item
where dt.d_date_sk = store_sales.ss_sold_date_sk
  and store_sales.ss_item_sk = item.i_item_sk
  and item.i_manufact_id = 128
  and dt.d_moy = 11
group by dt.d_year, item.i_brand, item.i_brand_id
order by dt.d_year, sum_agg desc, brand_id
limit 100
-- !query schema
struct<d_year:int,brand_id:int,brand:string,sum_agg:decimal(17,2)>
-- !query output



-- !query
table date_dim
|> as dt
|> join store_sales
|> join item
|> where dt.d_date_sk = store_sales.ss_sold_date_sk
     and store_sales.ss_item_sk = item.i_item_sk
     and item.i_manufact_id = 128
     and dt.d_moy = 11
|> aggregate sum(ss_ext_sales_price) sum_agg
     group by dt.d_year d_year, item.i_brand_id brand_id, item.i_brand brand
|> order by d_year, sum_agg desc, brand_id
|> limit 100
-- !query schema
struct<d_year:int,brand_id:int,brand:string,sum_agg:decimal(17,2)>
-- !query output



-- !query
drop table t
-- !query schema
struct<>
-- !query output



-- !query
drop table other
-- !query schema
struct<>
-- !query output



-- !query
drop table st
-- !query schema
struct<>
-- !query output



-- !query
drop table call_center
-- !query schema
struct<>
-- !query output



-- !query
drop table catalog_page
-- !query schema
struct<>
-- !query output



-- !query
drop table catalog_returns
-- !query schema
struct<>
-- !query output



-- !query
drop table catalog_sales
-- !query schema
struct<>
-- !query output



-- !query
drop table customer
-- !query schema
struct<>
-- !query output



-- !query
drop table customer_address
-- !query schema
struct<>
-- !query output



-- !query
drop table customer_demographics
-- !query schema
struct<>
-- !query output



-- !query
drop table date_dim
-- !query schema
struct<>
-- !query output



-- !query
drop table household_demographics
-- !query schema
struct<>
-- !query output



-- !query
drop table income_band
-- !query schema
struct<>
-- !query output



-- !query
drop table inventory
-- !query schema
struct<>
-- !query output



-- !query
drop table item
-- !query schema
struct<>
-- !query output



-- !query
drop table promotion
-- !query schema
struct<>
-- !query output



-- !query
drop table reason
-- !query schema
struct<>
-- !query output



-- !query
drop table ship_mode
-- !query schema
struct<>
-- !query output



-- !query
drop table store
-- !query schema
struct<>
-- !query output



-- !query
drop table store_returns
-- !query schema
struct<>
-- !query output



-- !query
drop table store_sales
-- !query schema
struct<>
-- !query output



-- !query
drop table time_dim
-- !query schema
struct<>
-- !query output



-- !query
drop table warehouse
-- !query schema
struct<>
-- !query output



-- !query
drop table web_page
-- !query schema
struct<>
-- !query output



-- !query
drop table web_returns
-- !query schema
struct<>
-- !query output



-- !query
drop table web_sales
-- !query schema
struct<>
-- !query output



-- !query
drop table web_site
-- !query schema
struct<>
-- !query output

