-- Automatically generated by SQLQueryTestSuite
-- Number of queries: 4


-- !query
CREATE OR REPLACE TEMPORARY VIEW tbl_a AS VALUES (1, 1), (2, 1), (3, 6) AS T(c1, c2)
-- !query schema
struct<>
-- !query output



-- !query
CREATE OR REPLACE TEMPORARY VIEW tbl_b AS VALUES 1 AS T(c1)
-- !query schema
struct<>
-- !query output



-- !query
SELECT *
FROM   tbl_a
       LEFT ANTI JOIN tbl_b ON ((tbl_a.c1 = tbl_a.c2) IS NULL OR tbl_a.c1 = tbl_a.c2)
-- !query schema
struct<c1:int,c2:int>
-- !query output
2	1
3	6


-- !query
SELECT l.c1, l.c2
FROM   tbl_a l
WHERE  EXISTS (SELECT 1 FROM tbl_b r WHERE l.c1 = l.c2) OR l.c2 < 2
-- !query schema
struct<c1:int,c2:int>
-- !query output
1	1
2	1
