-- Automatically generated by SQLQueryTestSuite
-- !query
SELECT col1 + 1 AS a FROM VALUES(1) GROUP BY a ORDER BY col1 + 1
-- !query schema
struct<a:int>
-- !query output
2


-- !query
SELECT col1 + 1 AS a, a AS b FROM VALUES(1) GROUP BY a ORDER BY col1 + 1
-- !query schema
struct<a:int,b:int>
-- !query output
2	2


-- !query
SELECT col1 + 1 AS a FROM VALUES(1) GROUP BY a HAVING col1 + 1 > 0
-- !query schema
struct<a:int>
-- !query output
2


-- !query
SELECT col1 + 1 AS a, a AS b FROM VALUES(1) GROUP BY a HAVING col1 + 1 > 0
-- !query schema
struct<a:int,b:int>
-- !query output
2	2


-- !query
SELECT col1, col2, GROUPING(col1) FROM VALUES("abc", 1) GROUP BY CUBE(col1, col2) ORDER BY GROUPING(col1)
-- !query schema
struct<col1:string,col2:int,grouping(col1):tinyint>
-- !query output
abc	1	0
abc	NULL	0
NULL	1	1
NULL	NULL	1


-- !query
SELECT col1, col2, GROUPING(col1) FROM VALUES("abc", 1) GROUP BY CUBE(col1, col2) HAVING GROUPING(col1) != NULL
-- !query schema
struct<col1:string,col2:int,grouping(col1):tinyint>
-- !query output



-- !query
SELECT make_date(col1, col2, col3) AS a FROM VALUES(1,2,3) GROUP BY make_date(col1, col2, col3) ORDER BY make_date(col1, col2, col3)
-- !query schema
struct<a:date>
-- !query output
0001-02-03


-- !query
SELECT make_date(col1, col2, col3) AS a, a AS b FROM VALUES(1,2,3) GROUP BY make_date(col1, col2, col3) ORDER BY make_date(col1, col2, col3)
-- !query schema
struct<a:date,b:date>
-- !query output
0001-02-03	0001-02-03


-- !query
SELECT make_date(col1, col2, col3) AS a FROM VALUES(1,2,3) GROUP BY make_date(col1, col2, col3) HAVING make_date(col1, col2, col3) > '2025-01-01'
-- !query schema
struct<a:date>
-- !query output



-- !query
SELECT make_date(col1, col2, col3) AS a, a AS b FROM VALUES(1,2,3) GROUP BY make_date(col1, col2, col3) HAVING make_date(col1, col2, col3) > '2025-01-01'
-- !query schema
struct<a:date,b:date>
-- !query output



-- !query
SELECT make_date(col1, col2, col3) AS a FROM VALUES(1,2,3) ORDER BY make_date(col1, col2, col3)
-- !query schema
struct<a:date>
-- !query output
0001-02-03


-- !query
SELECT make_date(col1, col2, col3) AS a, a AS b FROM VALUES(1,2,3) ORDER BY make_date(col1, col2, col3)
-- !query schema
struct<a:date,b:date>
-- !query output
0001-02-03	0001-02-03


-- !query
SELECT col1, col1 AS a FROM VALUES(1) GROUP BY col1 ORDER BY col1 ASC
-- !query schema
struct<col1:int,a:int>
-- !query output
1	1


-- !query
SELECT col1 AS a, col1 FROM VALUES(1) GROUP BY col1 ORDER BY col1 ASC
-- !query schema
struct<a:int,col1:int>
-- !query output
1	1


-- !query
SELECT col1, col1 AS a FROM VALUES(1) GROUP BY col1 HAVING col1 > 0
-- !query schema
struct<col1:int,a:int>
-- !query output
1	1


-- !query
SELECT col1 AS a, col1 FROM VALUES(1) GROUP BY col1 HAVING col1 > 0
-- !query schema
struct<a:int,col1:int>
-- !query output
1	1


-- !query
SELECT col2 AS b, col2 FROM VALUES(1,2) GROUP BY 1,2 ORDER BY ALL
-- !query schema
struct<b:int,col2:int>
-- !query output
2	2


-- !query
SELECT col2 AS b, col2 FROM VALUES(1,2) GROUP BY 1,2 HAVING col2 > 0 ORDER BY ALL
-- !query schema
struct<b:int,col2:int>
-- !query output
2	2


-- !query
SELECT col2 AS b, col2, b as c FROM VALUES(1,2) GROUP BY 1,2 ORDER BY ALL
-- !query schema
struct<b:int,col2:int,c:int>
-- !query output
2	2	2


-- !query
SELECT col2 AS b, col2, b as c FROM VALUES(1,2) GROUP BY 1,2 HAVING col2 > 0 ORDER BY ALL
-- !query schema
struct<b:int,col2:int,c:int>
-- !query output
2	2	2


-- !query
SELECT col1 AS a FROM VALUES(1,2) GROUP BY col1, col2 HAVING col2 > 1 ORDER BY col1
-- !query schema
struct<a:int>
-- !query output
1


-- !query
SELECT col1 AS a, a AS b FROM VALUES(1,2) GROUP BY col1, col2 HAVING col2 > 1 ORDER BY col1
-- !query schema
struct<a:int,b:int>
-- !query output
1	1
