-- Automatically generated by SQLQueryTestSuite
-- Number of queries: 41


-- !query
CREATE TABLE tbl (a INT, b STRING, c INT) USING parquet
-- !query schema
struct<>
-- !query output



-- !query
SHOW CREATE TABLE tbl
-- !query schema
struct<createtab_stmt:string>
-- !query output
CREATE TABLE default.tbl (
  a INT,
  b STRING,
  c INT)
USING parquet


-- !query
DROP TABLE tbl
-- !query schema
struct<>
-- !query output



-- !query
CREATE TABLE tbl (a INT, b STRING, c INT) USING parquet
OPTIONS ('a' 1)
-- !query schema
struct<>
-- !query output



-- !query
SHOW CREATE TABLE tbl
-- !query schema
struct<createtab_stmt:string>
-- !query output
CREATE TABLE default.tbl (
  a INT,
  b STRING,
  c INT)
USING parquet
OPTIONS (
  'a' = '1')


-- !query
DROP TABLE tbl
-- !query schema
struct<>
-- !query output



-- !query
CREATE TABLE tbl (a INT, b STRING, c INT) USING parquet
OPTIONS ('path' '/path/to/table')
-- !query schema
struct<>
-- !query output



-- !query
SHOW CREATE TABLE tbl
-- !query schema
struct<createtab_stmt:string>
-- !query output
CREATE TABLE default.tbl (
  a INT,
  b STRING,
  c INT)
USING parquet
LOCATION 'file:///path/to/table'


-- !query
DROP TABLE tbl
-- !query schema
struct<>
-- !query output



-- !query
CREATE TABLE tbl (a INT, b STRING, c INT) USING parquet
LOCATION '/path/to/table'
-- !query schema
struct<>
-- !query output



-- !query
SHOW CREATE TABLE tbl
-- !query schema
struct<createtab_stmt:string>
-- !query output
CREATE TABLE default.tbl (
  a INT,
  b STRING,
  c INT)
USING parquet
LOCATION 'file:///path/to/table'


-- !query
DROP TABLE tbl
-- !query schema
struct<>
-- !query output



-- !query
CREATE TABLE tbl (a INT, b STRING, c INT) USING parquet
PARTITIONED BY (a)
-- !query schema
struct<>
-- !query output



-- !query
SHOW CREATE TABLE tbl
-- !query schema
struct<createtab_stmt:string>
-- !query output
CREATE TABLE default.tbl (
  b STRING,
  c INT,
  a INT)
USING parquet
PARTITIONED BY (a)


-- !query
DROP TABLE tbl
-- !query schema
struct<>
-- !query output



-- !query
CREATE TABLE tbl (a INT, b STRING, c INT) USING parquet
CLUSTERED BY (a) SORTED BY (b ASC) INTO 2 BUCKETS
-- !query schema
struct<>
-- !query output



-- !query
SHOW CREATE TABLE tbl
-- !query schema
struct<createtab_stmt:string>
-- !query output
CREATE TABLE default.tbl (
  a INT,
  b STRING,
  c INT)
USING parquet
CLUSTERED BY (a)
SORTED BY (b)
INTO 2 BUCKETS


-- !query
DROP TABLE tbl
-- !query schema
struct<>
-- !query output



-- !query
CREATE TABLE tbl (a INT, b STRING, c INT) USING parquet
COMMENT 'This is a comment'
-- !query schema
struct<>
-- !query output



-- !query
SHOW CREATE TABLE tbl
-- !query schema
struct<createtab_stmt:string>
-- !query output
CREATE TABLE default.tbl (
  a INT,
  b STRING,
  c INT)
USING parquet
COMMENT 'This is a comment'


-- !query
DROP TABLE tbl
-- !query schema
struct<>
-- !query output



-- !query
CREATE TABLE tbl (a INT, b STRING, c INT) USING parquet
TBLPROPERTIES ('a' = '1')
-- !query schema
struct<>
-- !query output



-- !query
SHOW CREATE TABLE tbl
-- !query schema
struct<createtab_stmt:string>
-- !query output
CREATE TABLE default.tbl (
  a INT,
  b STRING,
  c INT)
USING parquet
TBLPROPERTIES (
  'a' = '1')


-- !query
DROP TABLE tbl
-- !query schema
struct<>
-- !query output



-- !query
CREATE TABLE tbl (a REAL, b NUMERIC, c NUMERIC(10), d NUMERIC(10,1)) USING parquet
-- !query schema
struct<>
-- !query output



-- !query
SHOW CREATE TABLE tbl
-- !query schema
struct<createtab_stmt:string>
-- !query output
CREATE TABLE default.tbl (
  a FLOAT,
  b DECIMAL(10,0),
  c DECIMAL(10,0),
  d DECIMAL(10,1))
USING parquet


-- !query
DROP TABLE tbl
-- !query schema
struct<>
-- !query output



-- !query
CREATE TABLE tbl (a INT, b STRING, c INT) USING parquet
-- !query schema
struct<>
-- !query output



-- !query
CREATE VIEW view_SPARK_30302 (aaa, bbb)
AS SELECT a, b FROM tbl
-- !query schema
struct<>
-- !query output



-- !query
SHOW CREATE TABLE view_SPARK_30302 AS SERDE
-- !query schema
struct<createtab_stmt:string>
-- !query output
CREATE VIEW default.view_SPARK_30302 (
  aaa,
  bbb)
AS SELECT a, b FROM tbl


-- !query
SHOW CREATE TABLE view_SPARK_30302
-- !query schema
struct<createtab_stmt:string>
-- !query output
CREATE VIEW default.view_SPARK_30302 (
  aaa,
  bbb)
AS SELECT a, b FROM tbl


-- !query
DROP VIEW view_SPARK_30302
-- !query schema
struct<>
-- !query output



-- !query
CREATE VIEW view_SPARK_30302 (aaa COMMENT 'comment with \'quoted text\' for aaa', bbb)
COMMENT 'This is a comment with \'quoted text\' for view'
AS SELECT a, b FROM tbl
-- !query schema
struct<>
-- !query output



-- !query
SHOW CREATE TABLE view_SPARK_30302 AS SERDE
-- !query schema
struct<createtab_stmt:string>
-- !query output
CREATE VIEW default.view_SPARK_30302 (
  aaa COMMENT 'comment with \'quoted text\' for aaa',
  bbb)
COMMENT 'This is a comment with \'quoted text\' for view'
AS SELECT a, b FROM tbl


-- !query
SHOW CREATE TABLE view_SPARK_30302
-- !query schema
struct<createtab_stmt:string>
-- !query output
CREATE VIEW default.view_SPARK_30302 (
  aaa COMMENT 'comment with \'quoted text\' for aaa',
  bbb)
COMMENT 'This is a comment with \'quoted text\' for view'
AS SELECT a, b FROM tbl


-- !query
DROP VIEW view_SPARK_30302
-- !query schema
struct<>
-- !query output



-- !query
CREATE VIEW view_SPARK_30302 (aaa, bbb)
TBLPROPERTIES ('a' = '1', 'b' = '2')
AS SELECT a, b FROM tbl
-- !query schema
struct<>
-- !query output



-- !query
SHOW CREATE TABLE view_SPARK_30302 AS SERDE
-- !query schema
struct<createtab_stmt:string>
-- !query output
CREATE VIEW default.view_SPARK_30302 (
  aaa,
  bbb)
TBLPROPERTIES (
  'a' = '1',
  'b' = '2')
AS SELECT a, b FROM tbl


-- !query
SHOW CREATE TABLE view_SPARK_30302
-- !query schema
struct<createtab_stmt:string>
-- !query output
CREATE VIEW default.view_SPARK_30302 (
  aaa,
  bbb)
TBLPROPERTIES (
  'a' = '1',
  'b' = '2')
AS SELECT a, b FROM tbl


-- !query
DROP VIEW view_SPARK_30302
-- !query schema
struct<>
-- !query output



-- !query
DROP TABLE tbl
-- !query schema
struct<>
-- !query output

