-- Automatically generated by SQLQueryTestSuite
-- !query
DROP TABLE IF EXISTS t_int_1_5_through_7_11
-- !query schema
struct<>
-- !query output



-- !query
CREATE TABLE t_int_1_5_through_7_11 AS
VALUES 
  (1, 5), (2, 6), (3, 7), (4, 8), (5, 9), (6, 10), (7, 11) AS tab(col1, col2)
-- !query schema
struct<>
-- !query output



-- !query
DROP TABLE IF EXISTS t_long_1_5_through_7_11
-- !query schema
struct<>
-- !query output



-- !query
CREATE TABLE t_long_1_5_through_7_11 AS
VALUES
  (1L, 5L), (2L, 6L), (3L, 7L), (4L, 8L), (5L, 9L), (6L, 10L), (7L, 11L) AS tab(col1, col2)
-- !query schema
struct<>
-- !query output



-- !query
DROP TABLE IF EXISTS t_double_1_1_1_4_through_1_5_1_8
-- !query schema
struct<>
-- !query output



-- !query
CREATE TABLE t_double_1_1_1_4_through_1_5_1_8 AS
SELECT CAST(col1 AS DOUBLE) AS col1, CAST(col2 AS DOUBLE) AS col2
FROM VALUES
  (1.1, 1.4), (1.2, 1.5), (1.3, 1.6), (1.4, 1.7), (1.5, 1.8) AS tab(col1, col2)
-- !query schema
struct<>
-- !query output



-- !query
DROP TABLE IF EXISTS t_float_1_1_1_4_through_1_5_1_8
-- !query schema
struct<>
-- !query output



-- !query
CREATE TABLE t_float_1_1_1_4_through_1_5_1_8 AS
SELECT CAST(col1 AS FLOAT) col1, CAST(col2 AS FLOAT) col2
FROM VALUES
  (1.1, 1.4), (1.2, 1.5), (1.3, 1.6), (1.4, 1.7), (1.5, 1.8) AS tab(col1, col2)
-- !query schema
struct<>
-- !query output



-- !query
DROP TABLE IF EXISTS t_string_a_d_through_e_h
-- !query schema
struct<>
-- !query output



-- !query
CREATE TABLE t_string_a_d_through_e_h AS
VALUES
  ('a', 'd'), ('b', 'e'), ('c', 'f'), ('d', 'g'), ('e', 'h') AS tab(col1, col2)
-- !query schema
struct<>
-- !query output



-- !query
DROP TABLE IF EXISTS t_binary_a_b_through_e_f
-- !query schema
struct<>
-- !query output



-- !query
CREATE TABLE t_binary_a_b_through_e_f AS 
VALUES 
  (X'A', X'B'), (X'B', X'C'), (X'C', X'D'), (X'D', X'E'), (X'E', X'F') AS tab(col1, col2)
-- !query schema
struct<>
-- !query output



-- !query
DROP TABLE IF EXISTS t_array_int_1_3_through_4_6
-- !query schema
struct<>
-- !query output



-- !query
CREATE TABLE t_array_int_1_3_through_4_6 AS
VALUES 
  (ARRAY(1), ARRAY(3)), 
  (ARRAY(2), ARRAY(4)), 
  (ARRAY(3), ARRAY(5)), 
  (ARRAY(4), ARRAY(6)) AS tab(col1, col2)
-- !query schema
struct<>
-- !query output



-- !query
DROP TABLE IF EXISTS t_array_long_1_3_through_4_6
-- !query schema
struct<>
-- !query output



-- !query
CREATE TABLE t_array_long_1_3_through_4_6 AS
VALUES 
  (ARRAY(1L), ARRAY(3L)), 
  (ARRAY(2L), ARRAY(4L)), 
  (ARRAY(3L), ARRAY(5L)), 
  (ARRAY(4L), ARRAY(6L)) AS tab(col1, col2)
-- !query schema
struct<>
-- !query output



-- !query
DROP TABLE IF EXISTS t_string_collation
-- !query schema
struct<>
-- !query output



-- !query
CREATE TABLE t_string_collation AS
VALUES
  (''), ('  '), (CAST(X'C1' AS STRING)), (CAST(X'80' AS STRING)),
  ('\uFFFD'), ('Å'), ('å'), ('a\u030A'), ('Å '), ('å  '),
  ('a\u030A   ') AS tab(col1)
-- !query schema
struct<>
-- !query output



-- !query
SELECT theta_sketch_estimate(theta_sketch_agg(col1)) AS result FROM t_int_1_5_through_7_11
-- !query schema
struct<result:bigint>
-- !query output
7


-- !query
SELECT theta_sketch_estimate(theta_sketch_agg(col1)) FROM t_array_int_1_3_through_4_6
-- !query schema
struct<theta_sketch_estimate(theta_sketch_agg(col1, 12)):bigint>
-- !query output
4


-- !query
SELECT theta_sketch_estimate(theta_sketch_agg(col2)) FROM t_array_long_1_3_through_4_6
-- !query schema
struct<theta_sketch_estimate(theta_sketch_agg(col2, 12)):bigint>
-- !query output
4


-- !query
SELECT theta_sketch_estimate(theta_sketch_agg(col1)) FROM t_binary_a_b_through_e_f
-- !query schema
struct<theta_sketch_estimate(theta_sketch_agg(col1, 12)):bigint>
-- !query output
5


-- !query
SELECT theta_sketch_estimate(theta_sketch_agg(col1)) FROM t_double_1_1_1_4_through_1_5_1_8
-- !query schema
struct<theta_sketch_estimate(theta_sketch_agg(col1, 12)):bigint>
-- !query output
5


-- !query
SELECT theta_sketch_estimate(theta_sketch_agg(col2)) FROM t_float_1_1_1_4_through_1_5_1_8
-- !query schema
struct<theta_sketch_estimate(theta_sketch_agg(col2, 12)):bigint>
-- !query output
5


-- !query
SELECT theta_sketch_estimate(theta_sketch_agg(col1, 22)) FROM t_int_1_5_through_7_11
-- !query schema
struct<theta_sketch_estimate(theta_sketch_agg(col1, 22)):bigint>
-- !query output
7


-- !query
SELECT theta_sketch_estimate(theta_sketch_agg(col1)) FROM t_long_1_5_through_7_11
-- !query schema
struct<theta_sketch_estimate(theta_sketch_agg(col1, 12)):bigint>
-- !query output
7


-- !query
SELECT theta_sketch_estimate(theta_sketch_agg(col1)) FROM t_string_a_d_through_e_h
-- !query schema
struct<theta_sketch_estimate(theta_sketch_agg(col1, 12)):bigint>
-- !query output
5


-- !query
SELECT theta_sketch_estimate(
  theta_union(
    theta_sketch_agg(col1),
    theta_sketch_agg(col2))) FROM t_int_1_5_through_7_11
-- !query schema
struct<theta_sketch_estimate(theta_union(theta_sketch_agg(col1, 12), theta_sketch_agg(col2, 12), 12)):bigint>
-- !query output
11


-- !query
SELECT theta_sketch_estimate(
  theta_union(
    theta_sketch_agg(col1, 15),
    theta_sketch_agg(col2))) FROM t_long_1_5_through_7_11
-- !query schema
struct<theta_sketch_estimate(theta_union(theta_sketch_agg(col1, 15), theta_sketch_agg(col2, 12), 12)):bigint>
-- !query output
11


-- !query
SELECT theta_sketch_estimate(
  theta_union(
    theta_sketch_agg(col1),
    theta_sketch_agg(col2))) FROM t_double_1_1_1_4_through_1_5_1_8
-- !query schema
struct<theta_sketch_estimate(theta_union(theta_sketch_agg(col1, 12), theta_sketch_agg(col2, 12), 12)):bigint>
-- !query output
8


-- !query
SELECT theta_sketch_estimate(
  theta_union(
    theta_sketch_agg(col1, 6),
    theta_sketch_agg(col2, 15), 15)) FROM t_float_1_1_1_4_through_1_5_1_8
-- !query schema
struct<theta_sketch_estimate(theta_union(theta_sketch_agg(col1, 6), theta_sketch_agg(col2, 15), 15)):bigint>
-- !query output
8


-- !query
SELECT theta_sketch_estimate(
  theta_union(
    theta_sketch_agg(col1),
    theta_sketch_agg(col2))) FROM t_string_a_d_through_e_h
-- !query schema
struct<theta_sketch_estimate(theta_union(theta_sketch_agg(col1, 12), theta_sketch_agg(col2, 12), 12)):bigint>
-- !query output
8


-- !query
SELECT theta_sketch_estimate(
  theta_union(
    theta_sketch_agg(col1),
    theta_sketch_agg(col2), 20)) FROM t_binary_a_b_through_e_f
-- !query schema
struct<theta_sketch_estimate(theta_union(theta_sketch_agg(col1, 12), theta_sketch_agg(col2, 12), 20)):bigint>
-- !query output
6


-- !query
SELECT theta_sketch_estimate(
  theta_union(
    theta_sketch_agg(col1),
    theta_sketch_agg(col2))) FROM t_array_int_1_3_through_4_6
-- !query schema
struct<theta_sketch_estimate(theta_union(theta_sketch_agg(col1, 12), theta_sketch_agg(col2, 12), 12)):bigint>
-- !query output
6


-- !query
SELECT theta_sketch_estimate(
  theta_union(
    theta_sketch_agg(col1),
    theta_sketch_agg(col2, 13))) FROM t_array_long_1_3_through_4_6
-- !query schema
struct<theta_sketch_estimate(theta_union(theta_sketch_agg(col1, 12), theta_sketch_agg(col2, 13), 12)):bigint>
-- !query output
6


-- !query
SELECT theta_sketch_estimate(
  theta_intersection(
    theta_sketch_agg(col1),
    theta_sketch_agg(col2))) FROM t_int_1_5_through_7_11
-- !query schema
struct<theta_sketch_estimate(theta_intersection(theta_sketch_agg(col1, 12), theta_sketch_agg(col2, 12))):bigint>
-- !query output
3


-- !query
SELECT theta_sketch_estimate(
  theta_intersection(
    theta_sketch_agg(col1, 5),
    theta_sketch_agg(col2, 12))) FROM t_long_1_5_through_7_11
-- !query schema
struct<theta_sketch_estimate(theta_intersection(theta_sketch_agg(col1, 5), theta_sketch_agg(col2, 12))):bigint>
-- !query output
3


-- !query
SELECT theta_sketch_estimate(
  theta_intersection(
    theta_sketch_agg(col1),
    theta_sketch_agg(col2))) FROM t_double_1_1_1_4_through_1_5_1_8
-- !query schema
struct<theta_sketch_estimate(theta_intersection(theta_sketch_agg(col1, 12), theta_sketch_agg(col2, 12))):bigint>
-- !query output
2


-- !query
SELECT theta_sketch_estimate(
  theta_intersection(
    theta_sketch_agg(col1, 5),
    theta_sketch_agg(col2))) FROM t_float_1_1_1_4_through_1_5_1_8
-- !query schema
struct<theta_sketch_estimate(theta_intersection(theta_sketch_agg(col1, 5), theta_sketch_agg(col2, 12))):bigint>
-- !query output
2


-- !query
SELECT theta_sketch_estimate(
  theta_intersection(
    theta_sketch_agg(col1),
    theta_sketch_agg(col2))) FROM t_string_a_d_through_e_h
-- !query schema
struct<theta_sketch_estimate(theta_intersection(theta_sketch_agg(col1, 12), theta_sketch_agg(col2, 12))):bigint>
-- !query output
2


-- !query
SELECT theta_sketch_estimate(
  theta_intersection(
    theta_sketch_agg(col1),
    theta_sketch_agg(col2, 22))) FROM t_binary_a_b_through_e_f
-- !query schema
struct<theta_sketch_estimate(theta_intersection(theta_sketch_agg(col1, 12), theta_sketch_agg(col2, 22))):bigint>
-- !query output
4


-- !query
SELECT theta_sketch_estimate(
  theta_intersection(
    theta_sketch_agg(col1),
    theta_sketch_agg(col2))) FROM t_array_int_1_3_through_4_6
-- !query schema
struct<theta_sketch_estimate(theta_intersection(theta_sketch_agg(col1, 12), theta_sketch_agg(col2, 12))):bigint>
-- !query output
2


-- !query
SELECT theta_sketch_estimate(
  theta_intersection(
    theta_sketch_agg(col1),
    theta_sketch_agg(col2, 10))) FROM t_array_long_1_3_through_4_6
-- !query schema
struct<theta_sketch_estimate(theta_intersection(theta_sketch_agg(col1, 12), theta_sketch_agg(col2, 10))):bigint>
-- !query output
2


-- !query
SELECT theta_sketch_estimate(
  theta_difference(
    theta_sketch_agg(col1),
    theta_sketch_agg(col2))) FROM t_int_1_5_through_7_11
-- !query schema
struct<theta_sketch_estimate(theta_difference(theta_sketch_agg(col1, 12), theta_sketch_agg(col2, 12))):bigint>
-- !query output
4


-- !query
SELECT theta_sketch_estimate(
  theta_difference(
    theta_sketch_agg(col1),
    theta_sketch_agg(col2, 5))) FROM t_long_1_5_through_7_11
-- !query schema
struct<theta_sketch_estimate(theta_difference(theta_sketch_agg(col1, 12), theta_sketch_agg(col2, 5))):bigint>
-- !query output
4


-- !query
SELECT theta_sketch_estimate(
  theta_difference(
    theta_sketch_agg(col1),
    theta_sketch_agg(col2))) FROM t_double_1_1_1_4_through_1_5_1_8
-- !query schema
struct<theta_sketch_estimate(theta_difference(theta_sketch_agg(col1, 12), theta_sketch_agg(col2, 12))):bigint>
-- !query output
3


-- !query
SELECT theta_sketch_estimate(
  theta_difference(
    theta_sketch_agg(col1, 12),
    theta_sketch_agg(col2))) FROM t_float_1_1_1_4_through_1_5_1_8
-- !query schema
struct<theta_sketch_estimate(theta_difference(theta_sketch_agg(col1, 12), theta_sketch_agg(col2, 12))):bigint>
-- !query output
3


-- !query
SELECT theta_sketch_estimate(
  theta_difference(
    theta_sketch_agg(col1),
    theta_sketch_agg(col2))) FROM t_string_a_d_through_e_h
-- !query schema
struct<theta_sketch_estimate(theta_difference(theta_sketch_agg(col1, 12), theta_sketch_agg(col2, 12))):bigint>
-- !query output
3


-- !query
SELECT theta_sketch_estimate(
  theta_difference(
    theta_sketch_agg(col1, 6),
    theta_sketch_agg(col2, 8))) FROM t_binary_a_b_through_e_f
-- !query schema
struct<theta_sketch_estimate(theta_difference(theta_sketch_agg(col1, 6), theta_sketch_agg(col2, 8))):bigint>
-- !query output
1


-- !query
SELECT theta_sketch_estimate(
  theta_difference(
    theta_sketch_agg(col1),
    theta_sketch_agg(col2))) FROM t_array_int_1_3_through_4_6
-- !query schema
struct<theta_sketch_estimate(theta_difference(theta_sketch_agg(col1, 12), theta_sketch_agg(col2, 12))):bigint>
-- !query output
2


-- !query
SELECT theta_sketch_estimate(
  theta_difference(
    theta_sketch_agg(col1),
    theta_sketch_agg(col2, 4))) FROM t_array_long_1_3_through_4_6
-- !query schema
struct<theta_sketch_estimate(theta_difference(theta_sketch_agg(col1, 12), theta_sketch_agg(col2, 4))):bigint>
-- !query output
2


-- !query
SELECT theta_sketch_estimate(theta_union_agg(sketch, 15))
    FROM (SELECT theta_sketch_agg(col1) as sketch FROM t_int_1_5_through_7_11
          UNION ALL
          SELECT theta_sketch_agg(col2, 20) as sketch FROM t_int_1_5_through_7_11)
-- !query schema
struct<theta_sketch_estimate(theta_union_agg(sketch, 15)):bigint>
-- !query output
11


-- !query
SELECT theta_sketch_estimate(theta_union_agg(sketch, 12))
    FROM (SELECT theta_sketch_agg(col1) as sketch FROM t_double_1_1_1_4_through_1_5_1_8
          UNION ALL
          SELECT theta_sketch_agg(col2) as sketch FROM t_double_1_1_1_4_through_1_5_1_8)
-- !query schema
struct<theta_sketch_estimate(theta_union_agg(sketch, 12)):bigint>
-- !query output
8


-- !query
SELECT theta_sketch_estimate(theta_union_agg(sketch, 14))
    FROM (SELECT theta_sketch_agg(col1) as sketch FROM t_string_a_d_through_e_h
          UNION ALL
          SELECT theta_sketch_agg(col2) as sketch FROM t_string_a_d_through_e_h)
-- !query schema
struct<theta_sketch_estimate(theta_union_agg(sketch, 14)):bigint>
-- !query output
8


-- !query
SELECT theta_sketch_estimate(theta_union_agg(sketch, 10))
    FROM (SELECT theta_sketch_agg(col1) as sketch FROM t_long_1_5_through_7_11
          UNION ALL
          SELECT theta_sketch_agg(col2) as sketch FROM t_long_1_5_through_7_11)
-- !query schema
struct<theta_sketch_estimate(theta_union_agg(sketch, 10)):bigint>
-- !query output
11


-- !query
SELECT theta_sketch_estimate(theta_union_agg(sketch, 6))
    FROM (SELECT theta_sketch_agg(col1) as sketch FROM t_float_1_1_1_4_through_1_5_1_8
          UNION ALL
          SELECT theta_sketch_agg(col2) as sketch FROM t_float_1_1_1_4_through_1_5_1_8)
-- !query schema
struct<theta_sketch_estimate(theta_union_agg(sketch, 6)):bigint>
-- !query output
8


-- !query
SELECT theta_sketch_estimate(theta_union_agg(sketch))
    FROM (SELECT theta_sketch_agg(col1) as sketch FROM t_binary_a_b_through_e_f
          UNION ALL
          SELECT theta_sketch_agg(col2) as sketch FROM t_binary_a_b_through_e_f)
-- !query schema
struct<theta_sketch_estimate(theta_union_agg(sketch, 12)):bigint>
-- !query output
6


-- !query
SELECT theta_sketch_estimate(theta_union_agg(sketch, 12))
    FROM (SELECT theta_sketch_agg(col1) as sketch FROM t_array_int_1_3_through_4_6
          UNION ALL
          SELECT theta_sketch_agg(col2) as sketch FROM t_array_int_1_3_through_4_6)
-- !query schema
struct<theta_sketch_estimate(theta_union_agg(sketch, 12)):bigint>
-- !query output
6


-- !query
SELECT theta_sketch_estimate(theta_union_agg(sketch, 16))
    FROM (SELECT theta_sketch_agg(col1) as sketch FROM t_array_long_1_3_through_4_6
          UNION ALL
          SELECT theta_sketch_agg(col2) as sketch FROM t_array_long_1_3_through_4_6)
-- !query schema
struct<theta_sketch_estimate(theta_union_agg(sketch, 16)):bigint>
-- !query output
6


-- !query
SELECT theta_sketch_estimate(theta_intersection_agg(sketch))
    FROM (SELECT theta_sketch_agg(col1) as sketch FROM t_int_1_5_through_7_11
          UNION ALL
          SELECT theta_sketch_agg(col2) as sketch FROM t_int_1_5_through_7_11)
-- !query schema
struct<theta_sketch_estimate(theta_intersection_agg(sketch)):bigint>
-- !query output
3


-- !query
SELECT theta_sketch_estimate(theta_intersection_agg(sketch))
    FROM (SELECT theta_sketch_agg(col1) as sketch FROM t_long_1_5_through_7_11
          UNION ALL
          SELECT theta_sketch_agg(col2) as sketch FROM t_long_1_5_through_7_11)
-- !query schema
struct<theta_sketch_estimate(theta_intersection_agg(sketch)):bigint>
-- !query output
3


-- !query
SELECT theta_sketch_estimate(theta_intersection_agg(sketch))
    FROM (SELECT theta_sketch_agg(col1) as sketch FROM t_float_1_1_1_4_through_1_5_1_8
          UNION ALL
          SELECT theta_sketch_agg(col2) as sketch FROM t_float_1_1_1_4_through_1_5_1_8)
-- !query schema
struct<theta_sketch_estimate(theta_intersection_agg(sketch)):bigint>
-- !query output
2


-- !query
SELECT theta_sketch_estimate(theta_intersection_agg(sketch))
    FROM (SELECT theta_sketch_agg(col1) as sketch FROM t_double_1_1_1_4_through_1_5_1_8
          UNION ALL
          SELECT theta_sketch_agg(col2) as sketch FROM t_double_1_1_1_4_through_1_5_1_8)
-- !query schema
struct<theta_sketch_estimate(theta_intersection_agg(sketch)):bigint>
-- !query output
2


-- !query
SELECT theta_sketch_estimate(theta_intersection_agg(sketch))
    FROM (SELECT theta_sketch_agg(col1) as sketch FROM t_string_a_d_through_e_h
          UNION ALL
          SELECT theta_sketch_agg(col2) as sketch FROM t_string_a_d_through_e_h)
-- !query schema
struct<theta_sketch_estimate(theta_intersection_agg(sketch)):bigint>
-- !query output
2


-- !query
SELECT theta_sketch_estimate(theta_intersection_agg(sketch))
    FROM (SELECT theta_sketch_agg(col1) as sketch FROM t_binary_a_b_through_e_f
          UNION ALL
          SELECT theta_sketch_agg(col2) as sketch FROM t_binary_a_b_through_e_f)
-- !query schema
struct<theta_sketch_estimate(theta_intersection_agg(sketch)):bigint>
-- !query output
4


-- !query
SELECT theta_sketch_estimate(theta_intersection_agg(sketch))
    FROM (SELECT theta_sketch_agg(col1) as sketch FROM t_array_int_1_3_through_4_6
          UNION ALL
          SELECT theta_sketch_agg(col2) as sketch FROM t_array_int_1_3_through_4_6)
-- !query schema
struct<theta_sketch_estimate(theta_intersection_agg(sketch)):bigint>
-- !query output
2


-- !query
SELECT theta_sketch_estimate(theta_intersection_agg(sketch))
    FROM (SELECT theta_sketch_agg(col1) as sketch FROM t_array_long_1_3_through_4_6
          UNION ALL
          SELECT theta_sketch_agg(col2) as sketch FROM t_array_long_1_3_through_4_6)
-- !query schema
struct<theta_sketch_estimate(theta_intersection_agg(sketch)):bigint>
-- !query output
2


-- !query
SELECT theta_sketch_estimate(theta_sketch_agg(col))
FROM VALUES (1), (null), (2), (null), (3) tab(col)
-- !query schema
struct<theta_sketch_estimate(theta_sketch_agg(col, 12)):bigint>
-- !query output
3


-- !query
SELECT theta_sketch_estimate(theta_sketch_agg(col))
FROM VALUES ('test'), (null), ('null'), (null) tab(col)
-- !query schema
struct<theta_sketch_estimate(theta_sketch_agg(col, 12)):bigint>
-- !query output
2


-- !query
SELECT theta_sketch_estimate(theta_sketch_agg(col))
FROM VALUES (100L), (null), (200L), (null), (300L) tab(col)
-- !query schema
struct<theta_sketch_estimate(theta_sketch_agg(col, 12)):bigint>
-- !query output
3


-- !query
SELECT theta_sketch_estimate(theta_sketch_agg(CAST(col AS DOUBLE)))
FROM VALUES (1.1), (null), (2.2), (null), (3.3) tab(col)
-- !query schema
struct<theta_sketch_estimate(theta_sketch_agg(CAST(col AS DOUBLE), 12)):bigint>
-- !query output
3


-- !query
SELECT theta_sketch_estimate(theta_sketch_agg(CAST(col AS FLOAT)))
FROM VALUES (1.5), (null), (2.5), (null), (3.5) tab(col)
-- !query schema
struct<theta_sketch_estimate(theta_sketch_agg(CAST(col AS FLOAT), 12)):bigint>
-- !query output
3


-- !query
SELECT theta_sketch_estimate(theta_sketch_agg(col))
FROM VALUES (X'AA'), (null), (X'BB'), (null), (X'CC') tab(col)
-- !query schema
struct<theta_sketch_estimate(theta_sketch_agg(col, 12)):bigint>
-- !query output
3


-- !query
SELECT theta_sketch_estimate(theta_sketch_agg(col))
FROM VALUES (ARRAY(1, 2)), (null), (ARRAY(3, 4)), (null), (ARRAY(5, 6)) tab(col)
-- !query schema
struct<theta_sketch_estimate(theta_sketch_agg(col, 12)):bigint>
-- !query output
3


-- !query
SELECT theta_sketch_estimate(theta_sketch_agg(col))
FROM VALUES (ARRAY(10L, 20L)), (null), (ARRAY(30L, 40L)), (null), (ARRAY(50L, 60L)) tab(col)
-- !query schema
struct<theta_sketch_estimate(theta_sketch_agg(col, 12)):bigint>
-- !query output
3


-- !query
SELECT theta_sketch_estimate(theta_sketch_agg(col))
FROM VALUES (ARRAY(1, null)), (ARRAY(1)), (ARRAY(2, null, 3)), (ARRAY(4)) tab(col)
-- !query schema
struct<theta_sketch_estimate(theta_sketch_agg(col, 12)):bigint>
-- !query output
4


-- !query
SELECT theta_sketch_estimate(theta_sketch_agg(col))
FROM VALUES (ARRAY(10L, null)), (ARRAY(10L)), (ARRAY(20L, null, 30L)), (ARRAY(40L)) tab(col)
-- !query schema
struct<theta_sketch_estimate(theta_sketch_agg(col, 12)):bigint>
-- !query output
4


-- !query
SELECT theta_sketch_estimate(theta_sketch_agg(col))
FROM VALUES (ARRAY()), (ARRAY(1, 2)), (ARRAY()), (ARRAY(3, 4)) tab(col)
-- !query schema
struct<theta_sketch_estimate(theta_sketch_agg(col, 12)):bigint>
-- !query output
2


-- !query
SELECT theta_sketch_estimate(theta_sketch_agg(col))
FROM VALUES (''), ('a'), (''), ('b'), ('c') tab(col)
-- !query schema
struct<theta_sketch_estimate(theta_sketch_agg(col, 12)):bigint>
-- !query output
3


-- !query
SELECT theta_sketch_estimate(theta_sketch_agg(col))
FROM VALUES (X''), (X'01'), (X'02'), (X'03'), (CAST('  ' AS BINARY)), (X'e280'), (X'c1'), (X'c120') tab(col)
-- !query schema
struct<theta_sketch_estimate(theta_sketch_agg(col, 12)):bigint>
-- !query output
7


-- !query
SELECT theta_sketch_estimate(theta_sketch_agg(col1)) utf8_b FROM t_string_collation
-- !query schema
struct<utf8_b:bigint>
-- !query output
10


-- !query
SELECT theta_sketch_estimate(theta_sketch_agg(col1 COLLATE UTF8_LCASE)) utf8_lc FROM t_string_collation
-- !query schema
struct<utf8_lc:bigint>
-- !query output
7


-- !query
SELECT theta_sketch_estimate(theta_sketch_agg(col1 COLLATE UNICODE)) unicode FROM t_string_collation
-- !query schema
struct<unicode:bigint>
-- !query output
7


-- !query
SELECT theta_sketch_estimate(theta_sketch_agg(col1 COLLATE UNICODE_CI)) unicode_ci FROM t_string_collation
-- !query schema
struct<unicode_ci:bigint>
-- !query output
6


-- !query
SELECT theta_sketch_estimate(theta_sketch_agg(col1 COLLATE UTF8_BINARY_RTRIM)) utf8_b_rt FROM t_string_collation
-- !query schema
struct<utf8_b_rt:bigint>
-- !query output
6


-- !query
SELECT theta_sketch_estimate(theta_sketch_agg(col1 COLLATE UTF8_LCASE_RTRIM)) utf8_lc_rt FROM t_string_collation
-- !query schema
struct<utf8_lc_rt:bigint>
-- !query output
3


-- !query
SELECT theta_sketch_estimate(theta_sketch_agg(col1 COLLATE UNICODE_RTRIM)) unicode_rt FROM t_string_collation
-- !query schema
struct<unicode_rt:bigint>
-- !query output
3


-- !query
SELECT theta_sketch_estimate(theta_sketch_agg(col1 COLLATE UNICODE_CI_RTRIM)) unicode_ci_rt FROM t_string_collation
-- !query schema
struct<unicode_ci_rt:bigint>
-- !query output
2


-- !query
WITH sketches AS (
  SELECT 'int_sketch' as sketch_type, theta_sketch_agg(col1, 12) as sketch FROM t_int_1_5_through_7_11
  UNION ALL
  SELECT 'long_sketch' as sketch_type, theta_sketch_agg(col1, 15) as sketch FROM t_long_1_5_through_7_11
  UNION ALL
  SELECT 'double_sketch' as sketch_type, theta_sketch_agg(col1, 10) as sketch FROM t_double_1_1_1_4_through_1_5_1_8
  UNION ALL
  SELECT 'string_sketch' as sketch_type, theta_sketch_agg(col1, 14) as sketch FROM t_string_a_d_through_e_h
),
union_result AS (
  SELECT theta_union_agg(sketch, 16) as union_sketch FROM sketches
),
individual_sketches AS (
  SELECT theta_sketch_agg(col1, 12) as sketch1, theta_sketch_agg(col2, 12) as sketch2 FROM t_int_1_5_through_7_11
)
SELECT 
  theta_sketch_estimate((SELECT union_sketch FROM union_result)) as union_estimate,
  theta_sketch_estimate(theta_union(sketch1, sketch2, 15)) as binary_union_estimate,
  theta_sketch_estimate(theta_intersection(sketch1, sketch2)) as intersection_estimate,
  theta_sketch_estimate(theta_difference(sketch1, sketch2)) as difference_estimate
FROM individual_sketches
-- !query schema
struct<union_estimate:bigint,binary_union_estimate:bigint,intersection_estimate:bigint,difference_estimate:bigint>
-- !query output
17	11	3	4


-- !query
SELECT theta_sketch_agg(col, 2)
FROM VALUES (50), (60), (60) tab(col)
-- !query schema
struct<>
-- !query output
org.apache.spark.SparkRuntimeException
{
  "errorClass" : "THETA_INVALID_LG_NOM_ENTRIES",
  "sqlState" : "22546",
  "messageParameters" : {
    "function" : "`theta_sketch_agg`",
    "max" : "26",
    "min" : "4",
    "value" : "2"
  }
}


-- !query
SELECT theta_sketch_agg(col, 40)
FROM VALUES (50), (60), (60) tab(col)
-- !query schema
struct<>
-- !query output
org.apache.spark.SparkRuntimeException
{
  "errorClass" : "THETA_INVALID_LG_NOM_ENTRIES",
  "sqlState" : "22546",
  "messageParameters" : {
    "function" : "`theta_sketch_agg`",
    "max" : "26",
    "min" : "4",
    "value" : "40"
  }
}


-- !query
SELECT theta_union_agg(sketch, 3)
FROM (SELECT theta_sketch_agg(col, 12) as sketch
        FROM VALUES (1) AS tab(col)
      UNION ALL
      SELECT theta_sketch_agg(col, 20) as sketch
        FROM VALUES (1) AS tab(col))
-- !query schema
struct<>
-- !query output
org.apache.spark.SparkRuntimeException
{
  "errorClass" : "THETA_INVALID_LG_NOM_ENTRIES",
  "sqlState" : "22546",
  "messageParameters" : {
    "function" : "`theta_union_agg`",
    "max" : "26",
    "min" : "4",
    "value" : "3"
  }
}


-- !query
SELECT theta_union_agg(sketch, 27)
FROM (SELECT theta_sketch_agg(col, 12) as sketch
        FROM VALUES (1) AS tab(col)
      UNION ALL
      SELECT theta_sketch_agg(col, 20) as sketch
        FROM VALUES (1) AS tab(col))
-- !query schema
struct<>
-- !query output
org.apache.spark.SparkRuntimeException
{
  "errorClass" : "THETA_INVALID_LG_NOM_ENTRIES",
  "sqlState" : "22546",
  "messageParameters" : {
    "function" : "`theta_union_agg`",
    "max" : "26",
    "min" : "4",
    "value" : "27"
  }
}


-- !query
SELECT theta_sketch_agg(col, CAST(NULL AS INT)) AS lg_nom_entries_is_null
FROM VALUES (15), (16), (17) tab(col)
-- !query schema
struct<>
-- !query output
org.apache.spark.SparkRuntimeException
{
  "errorClass" : "THETA_INVALID_LG_NOM_ENTRIES",
  "sqlState" : "22546",
  "messageParameters" : {
    "function" : "`theta_sketch_agg`",
    "max" : "26",
    "min" : "4",
    "value" : "0"
  }
}


-- !query
SELECT theta_sketch_agg(col, CAST(col AS INT)) AS lg_nom_entries_non_constant
FROM VALUES (15), (16), (17) tab(col)
-- !query schema
struct<>
-- !query output
org.apache.spark.SparkRuntimeException
{
  "errorClass" : "THETA_LG_NOM_ENTRIES_MUST_BE_CONSTANT",
  "sqlState" : "42K0E",
  "messageParameters" : {
    "function" : "`theta_sketch_agg`"
  }
}


-- !query
SELECT theta_sketch_agg(col, '15')
FROM VALUES (50), (60), (60) tab(col)
-- !query schema
struct<>
-- !query output
org.apache.spark.sql.catalyst.ExtendedAnalysisException
{
  "errorClass" : "DATATYPE_MISMATCH.UNEXPECTED_INPUT_TYPE",
  "sqlState" : "42K09",
  "messageParameters" : {
    "inputSql" : "\"15\"",
    "inputType" : "\"STRING\"",
    "paramIndex" : "second",
    "requiredType" : "\"INT\"",
    "sqlExpr" : "\"theta_sketch_agg(col, 15)\""
  },
  "queryContext" : [ {
    "objectType" : "",
    "objectName" : "",
    "startIndex" : 8,
    "stopIndex" : 34,
    "fragment" : "theta_sketch_agg(col, '15')"
  } ]
}


-- !query
SELECT theta_union(1, 2)
  FROM VALUES
    (1, 4),
    (2, 5),
    (3, 6) AS tab(col1, col2)
-- !query schema
struct<>
-- !query output
org.apache.spark.sql.catalyst.ExtendedAnalysisException
{
  "errorClass" : "DATATYPE_MISMATCH.UNEXPECTED_INPUT_TYPE",
  "sqlState" : "42K09",
  "messageParameters" : {
    "inputSql" : "\"1\"",
    "inputType" : "\"INT\"",
    "paramIndex" : "first",
    "requiredType" : "\"BINARY\"",
    "sqlExpr" : "\"theta_union(1, 2, 12)\""
  },
  "queryContext" : [ {
    "objectType" : "",
    "objectName" : "",
    "startIndex" : 8,
    "stopIndex" : 24,
    "fragment" : "theta_union(1, 2)"
  } ]
}


-- !query
SELECT theta_intersection(1, 2)
  FROM VALUES
    (1, 4),
    (2, 5),
    (3, 6) AS tab(col1, col2)
-- !query schema
struct<>
-- !query output
org.apache.spark.sql.catalyst.ExtendedAnalysisException
{
  "errorClass" : "DATATYPE_MISMATCH.UNEXPECTED_INPUT_TYPE",
  "sqlState" : "42K09",
  "messageParameters" : {
    "inputSql" : "\"1\"",
    "inputType" : "\"INT\"",
    "paramIndex" : "first",
    "requiredType" : "\"BINARY\"",
    "sqlExpr" : "\"theta_intersection(1, 2)\""
  },
  "queryContext" : [ {
    "objectType" : "",
    "objectName" : "",
    "startIndex" : 8,
    "stopIndex" : 31,
    "fragment" : "theta_intersection(1, 2)"
  } ]
}


-- !query
SELECT theta_difference(1, 2)
  FROM VALUES
    (1, 4),
    (2, 5),
    (3, 6) AS tab(col1, col2)
-- !query schema
struct<>
-- !query output
org.apache.spark.sql.catalyst.ExtendedAnalysisException
{
  "errorClass" : "DATATYPE_MISMATCH.UNEXPECTED_INPUT_TYPE",
  "sqlState" : "42K09",
  "messageParameters" : {
    "inputSql" : "\"1\"",
    "inputType" : "\"INT\"",
    "paramIndex" : "first",
    "requiredType" : "\"BINARY\"",
    "sqlExpr" : "\"theta_difference(1, 2)\""
  },
  "queryContext" : [ {
    "objectType" : "",
    "objectName" : "",
    "startIndex" : 8,
    "stopIndex" : 29,
    "fragment" : "theta_difference(1, 2)"
  } ]
}


-- !query
SELECT theta_union(
    theta_sketch_agg(col1),
    theta_sketch_agg(col2), 'invalid')
  FROM VALUES
    (1, 4),
    (2, 5),
    (3, 6) AS tab(col1, col2)
-- !query schema
struct<>
-- !query output
org.apache.spark.sql.catalyst.ExtendedAnalysisException
{
  "errorClass" : "DATATYPE_MISMATCH.UNEXPECTED_INPUT_TYPE",
  "sqlState" : "42K09",
  "messageParameters" : {
    "inputSql" : "\"invalid\"",
    "inputType" : "\"STRING\"",
    "paramIndex" : "third",
    "requiredType" : "\"INT\"",
    "sqlExpr" : "\"theta_union(theta_sketch_agg(col1, 12), theta_sketch_agg(col2, 12), invalid)\""
  },
  "queryContext" : [ {
    "objectType" : "",
    "objectName" : "",
    "startIndex" : 8,
    "stopIndex" : 86,
    "fragment" : "theta_union(\n    theta_sketch_agg(col1),\n    theta_sketch_agg(col2), 'invalid')"
  } ]
}


-- !query
SELECT theta_intersection(
    theta_sketch_agg(col1),
    'invalid_sketch')
  FROM VALUES
    (1, 4),
    (2, 5),
    (3, 6) AS tab(col1, col2)
-- !query schema
struct<>
-- !query output
org.apache.spark.sql.catalyst.ExtendedAnalysisException
{
  "errorClass" : "DATATYPE_MISMATCH.UNEXPECTED_INPUT_TYPE",
  "sqlState" : "42K09",
  "messageParameters" : {
    "inputSql" : "\"invalid_sketch\"",
    "inputType" : "\"STRING\"",
    "paramIndex" : "second",
    "requiredType" : "\"BINARY\"",
    "sqlExpr" : "\"theta_intersection(theta_sketch_agg(col1, 12), invalid_sketch)\""
  },
  "queryContext" : [ {
    "objectType" : "",
    "objectName" : "",
    "startIndex" : 8,
    "stopIndex" : 76,
    "fragment" : "theta_intersection(\n    theta_sketch_agg(col1),\n    'invalid_sketch')"
  } ]
}


-- !query
SELECT theta_sketch_estimate(CAST('abc' AS BINARY))
-- !query schema
struct<>
-- !query output
org.apache.spark.SparkRuntimeException
{
  "errorClass" : "THETA_INVALID_INPUT_SKETCH_BUFFER",
  "sqlState" : "22546",
  "messageParameters" : {
    "function" : "`theta_sketch_estimate`"
  }
}


-- !query
SELECT theta_union(CAST('abc' AS BINARY), CAST('def' AS BINARY))
-- !query schema
struct<>
-- !query output
org.apache.spark.SparkRuntimeException
{
  "errorClass" : "THETA_INVALID_INPUT_SKETCH_BUFFER",
  "sqlState" : "22546",
  "messageParameters" : {
    "function" : "`theta_union`"
  }
}


-- !query
SELECT theta_intersection(CAST('abc' AS BINARY), CAST('def' AS BINARY))
-- !query schema
struct<>
-- !query output
org.apache.spark.SparkRuntimeException
{
  "errorClass" : "THETA_INVALID_INPUT_SKETCH_BUFFER",
  "sqlState" : "22546",
  "messageParameters" : {
    "function" : "`theta_intersection`"
  }
}


-- !query
SELECT theta_difference(CAST('abc' AS BINARY), CAST('def' AS BINARY))
-- !query schema
struct<>
-- !query output
org.apache.spark.SparkRuntimeException
{
  "errorClass" : "THETA_INVALID_INPUT_SKETCH_BUFFER",
  "sqlState" : "22546",
  "messageParameters" : {
    "function" : "`theta_difference`"
  }
}


-- !query
SELECT theta_union_agg(buffer, 15)
FROM (SELECT CAST('abc' AS BINARY) AS buffer)
-- !query schema
struct<>
-- !query output
org.apache.spark.SparkRuntimeException
{
  "errorClass" : "THETA_INVALID_INPUT_SKETCH_BUFFER",
  "sqlState" : "22546",
  "messageParameters" : {
    "function" : "`theta_union_agg`"
  }
}


-- !query
SELECT theta_intersection_agg(buffer)
FROM (SELECT CAST('abc' AS BINARY) AS buffer)
-- !query schema
struct<>
-- !query output
org.apache.spark.SparkRuntimeException
{
  "errorClass" : "THETA_INVALID_INPUT_SKETCH_BUFFER",
  "sqlState" : "22546",
  "messageParameters" : {
    "function" : "`theta_intersection_agg`"
  }
}


-- !query
DROP TABLE IF EXISTS t_int_1_5_through_7_11
-- !query schema
struct<>
-- !query output



-- !query
DROP TABLE IF EXISTS t_long_1_5_through_7_11
-- !query schema
struct<>
-- !query output



-- !query
DROP TABLE IF EXISTS t_double_1_1_1_4_through_1_5_1_8
-- !query schema
struct<>
-- !query output



-- !query
DROP TABLE IF EXISTS t_float_1_1_1_4_through_1_5_1_8
-- !query schema
struct<>
-- !query output



-- !query
DROP TABLE IF EXISTS t_string_a_d_through_e_h
-- !query schema
struct<>
-- !query output



-- !query
DROP TABLE IF EXISTS t_binary_a_b_through_e_f
-- !query schema
struct<>
-- !query output



-- !query
DROP TABLE IF EXISTS t_array_int_1_3_through_4_6
-- !query schema
struct<>
-- !query output



-- !query
DROP TABLE IF EXISTS t_array_long_1_3_through_4_6
-- !query schema
struct<>
-- !query output



-- !query
DROP TABLE IF EXISTS t_string_collation
-- !query schema
struct<>
-- !query output

