-- Automatically generated by SQLQueryTestSuite
-- !query
create temporary view time_view as select '11:53:26.038344' time_str, 'HH:mm:ss.SSSSSS' fmt_str
-- !query schema
struct<>
-- !query output



-- !query
select time '16:39:45\t'
-- !query schema
struct<TIME '16:39:45':time(6)>
-- !query output
16:39:45


-- !query
select to_time(null), to_time('01:02:03'), to_time('23-59-59.999999', 'HH-mm-ss.SSSSSS')
-- !query schema
struct<to_time(NULL):time(6),to_time(01:02:03):time(6),to_time(23-59-59.999999, HH-mm-ss.SSSSSS):time(6)>
-- !query output
NULL	01:02:03	23:59:59.999999


-- !query
select to_time(time_str, fmt_str) from time_view
-- !query schema
struct<to_time(time_str, fmt_str):time(6)>
-- !query output
11:53:26.038344


-- !query
select to_time("11", "HH")
-- !query schema
struct<to_time(11, HH):time(6)>
-- !query output
11:00:00


-- !query
select to_time("13-60", "HH-mm")
-- !query schema
struct<>
-- !query output
org.apache.spark.SparkDateTimeException
{
  "errorClass" : "CANNOT_PARSE_TIME",
  "sqlState" : "22010",
  "messageParameters" : {
    "format" : "'HH-mm'",
    "input" : "'13-60'"
  }
}


-- !query
select try_to_time(null), try_to_time('00:12:00'), try_to_time('01:02:03', 'HH:mm:ss')
-- !query schema
struct<try_to_time(to_time(NULL)):time(6),try_to_time(to_time(00:12:00)):time(6),try_to_time(to_time(01:02:03, HH:mm:ss)):time(6)>
-- !query output
NULL	00:12:00	01:02:03


-- !query
select try_to_time(1)
-- !query schema
struct<>
-- !query output
org.apache.spark.sql.catalyst.ExtendedAnalysisException
{
  "errorClass" : "DATATYPE_MISMATCH.UNEXPECTED_INPUT_TYPE",
  "sqlState" : "42K09",
  "messageParameters" : {
    "inputSql" : "\"1\"",
    "inputType" : "\"INT\"",
    "paramIndex" : "first",
    "requiredType" : "\"STRING\"",
    "sqlExpr" : "\"to_time(1)\""
  },
  "queryContext" : [ {
    "objectType" : "",
    "objectName" : "",
    "startIndex" : 8,
    "stopIndex" : 21,
    "fragment" : "try_to_time(1)"
  } ]
}


-- !query
select try_to_time('12:48:31 abc')
-- !query schema
struct<try_to_time(to_time(12:48:31 abc)):time(6)>
-- !query output
NULL


-- !query
select try_to_time('10:11:12.', 'HH:mm:ss.SSSSSS')
-- !query schema
struct<try_to_time(to_time(10:11:12., HH:mm:ss.SSSSSS)):time(6)>
-- !query output
NULL


-- !query
select try_to_time("02-69", "HH-mm")
-- !query schema
struct<try_to_time(to_time(02-69, HH-mm)):time(6)>
-- !query output
NULL


-- !query
select try_to_time('11:12:13', 'HH:mm:ss', 'SSSSSS')
-- !query schema
struct<>
-- !query output
org.apache.spark.sql.AnalysisException
{
  "errorClass" : "WRONG_NUM_ARGS.WITHOUT_SUGGESTION",
  "sqlState" : "42605",
  "messageParameters" : {
    "actualNum" : "3",
    "docroot" : "https://spark.apache.org/docs/latest",
    "expectedNum" : "[1, 2]",
    "functionName" : "`try_to_time`"
  },
  "queryContext" : [ {
    "objectType" : "",
    "objectName" : "",
    "startIndex" : 8,
    "stopIndex" : 52,
    "fragment" : "try_to_time('11:12:13', 'HH:mm:ss', 'SSSSSS')"
  } ]
}


-- !query
select make_time(1, 18, 19.87)
-- !query schema
struct<make_time(1, 18, 19.87):time(6)>
-- !query output
01:18:19.87


-- !query
select make_time(null, 18, 19.87)
-- !query schema
struct<make_time(NULL, 18, 19.87):time(6)>
-- !query output
NULL


-- !query
select make_time(1, null, 19.87)
-- !query schema
struct<make_time(1, NULL, 19.87):time(6)>
-- !query output
NULL


-- !query
select make_time(1, 18, null)
-- !query schema
struct<make_time(1, 18, NULL):time(6)>
-- !query output
NULL


-- !query
select make_time(-1, 18, 19.87)
-- !query schema
struct<>
-- !query output
org.apache.spark.SparkDateTimeException
{
  "errorClass" : "DATETIME_FIELD_OUT_OF_BOUNDS.WITHOUT_SUGGESTION",
  "sqlState" : "22023",
  "messageParameters" : {
    "rangeMessage" : "Invalid value for HourOfDay (valid values 0 - 23): -1"
  }
}


-- !query
select make_time(1, 60, 19.87)
-- !query schema
struct<>
-- !query output
org.apache.spark.SparkDateTimeException
{
  "errorClass" : "DATETIME_FIELD_OUT_OF_BOUNDS.WITHOUT_SUGGESTION",
  "sqlState" : "22023",
  "messageParameters" : {
    "rangeMessage" : "Invalid value for MinuteOfHour (valid values 0 - 59): 60"
  }
}


-- !query
select make_time(1, 18, 60.0)
-- !query schema
struct<>
-- !query output
org.apache.spark.SparkDateTimeException
{
  "errorClass" : "DATETIME_FIELD_OUT_OF_BOUNDS.WITHOUT_SUGGESTION",
  "sqlState" : "22023",
  "messageParameters" : {
    "rangeMessage" : "Invalid value for SecondOfMinute (valid values 0 - 59): 60"
  }
}


-- !query
select make_time(1, 18, 9999999999.999999)
-- !query schema
struct<>
-- !query output
org.apache.spark.SparkDateTimeException
{
  "errorClass" : "DATETIME_FIELD_OUT_OF_BOUNDS.WITHOUT_SUGGESTION",
  "sqlState" : "22023",
  "messageParameters" : {
    "rangeMessage" : "Invalid value for SecondOfMinute (valid values 0 - 59): 9999999999"
  }
}


-- !query
select make_time(1, 18, -999999999.999999)
-- !query schema
struct<>
-- !query output
org.apache.spark.SparkDateTimeException
{
  "errorClass" : "DATETIME_FIELD_OUT_OF_BOUNDS.WITHOUT_SUGGESTION",
  "sqlState" : "22023",
  "messageParameters" : {
    "rangeMessage" : "Invalid value for SecondOfMinute (valid values 0 - 59): -999999999"
  }
}


-- !query
select make_time(1, 18, 4294967297.999999)
-- !query schema
struct<>
-- !query output
org.apache.spark.SparkDateTimeException
{
  "errorClass" : "DATETIME_FIELD_OUT_OF_BOUNDS.WITHOUT_SUGGESTION",
  "sqlState" : "22023",
  "messageParameters" : {
    "rangeMessage" : "Invalid value for SecondOfMinute (valid values 0 - 59): 4294967297"
  }
}


-- !query
select second(to_time('23-59-58.987654', 'HH-mm-ss.SSSSSS'))
-- !query schema
struct<second(to_time(23-59-58.987654, HH-mm-ss.SSSSSS)):int>
-- !query output
58


-- !query
select minute(to_time('23-59-58.987654', 'HH-mm-ss.SSSSSS'))
-- !query schema
struct<minute(to_time(23-59-58.987654, HH-mm-ss.SSSSSS)):int>
-- !query output
59


-- !query
select hour(to_time('23-59-58.987654', 'HH-mm-ss.SSSSSS'))
-- !query schema
struct<hour(to_time(23-59-58.987654, HH-mm-ss.SSSSSS)):int>
-- !query output
23


-- !query
select extract(HOUR from time'00:59:00.987654')
-- !query schema
struct<extract(HOUR FROM TIME '00:59:00.987654'):int>
-- !query output
0


-- !query
select extract(H from time'23:59:00.987654')
-- !query schema
struct<extract(H FROM TIME '23:59:00.987654'):int>
-- !query output
23


-- !query
select extract(HOURS from time'00:00:00')
-- !query schema
struct<extract(HOURS FROM TIME '00:00:00'):int>
-- !query output
0


-- !query
select extract(HR from time'23:59:59.999999')
-- !query schema
struct<extract(HR FROM TIME '23:59:59.999999'):int>
-- !query output
23


-- !query
select extract(HRS from time'23:59:58.987654')
-- !query schema
struct<extract(HRS FROM TIME '23:59:58.987654'):int>
-- !query output
23


-- !query
select extract(MINUTE from time'00:59:00.987654')
-- !query schema
struct<extract(MINUTE FROM TIME '00:59:00.987654'):int>
-- !query output
59


-- !query
select extract(M from time'23:59:00.987654')
-- !query schema
struct<extract(M FROM TIME '23:59:00.987654'):int>
-- !query output
59


-- !query
select extract(M from time'23:00:59.987654')
-- !query schema
struct<extract(M FROM TIME '23:00:59.987654'):int>
-- !query output
0


-- !query
select extract(MIN from time'00:00:00')
-- !query schema
struct<extract(MIN FROM TIME '00:00:00'):int>
-- !query output
0


-- !query
select extract(MINS from time'23:59:59.999999')
-- !query schema
struct<extract(MINS FROM TIME '23:59:59.999999'):int>
-- !query output
59


-- !query
select extract(MINUTES from time'23:59:58.987654')
-- !query schema
struct<extract(MINUTES FROM TIME '23:59:58.987654'):int>
-- !query output
59


-- !query
select extract(SECOND from time'00:59:00.987654')
-- !query schema
struct<extract(SECOND FROM TIME '00:59:00.987654'):decimal(8,6)>
-- !query output
0.987654


-- !query
select extract(SECOND from time'00:0:00.000001')
-- !query schema
struct<extract(SECOND FROM TIME '00:00:00.000001'):decimal(8,6)>
-- !query output
0.000001


-- !query
select extract(SECOND from time'00:0:00.100000')
-- !query schema
struct<extract(SECOND FROM TIME '00:00:00.1'):decimal(8,6)>
-- !query output
0.100000


-- !query
select extract(SECOND from time'00:0:00.100001')
-- !query schema
struct<extract(SECOND FROM TIME '00:00:00.100001'):decimal(8,6)>
-- !query output
0.100001


-- !query
select extract(S from time'23:59:00.987654')
-- !query schema
struct<extract(S FROM TIME '23:59:00.987654'):decimal(8,6)>
-- !query output
0.987654


-- !query
select extract(SEC from time'00:00:00')
-- !query schema
struct<extract(SEC FROM TIME '00:00:00'):decimal(8,6)>
-- !query output
0.000000


-- !query
select extract(SEC from time'00:00:00.000000')
-- !query schema
struct<extract(SEC FROM TIME '00:00:00'):decimal(8,6)>
-- !query output
0.000000


-- !query
select extract(SECONDS from time'23:59:59.999999')
-- !query schema
struct<extract(SECONDS FROM TIME '23:59:59.999999'):decimal(8,6)>
-- !query output
59.999999


-- !query
select extract(SECS from time'23:59:58.987654')
-- !query schema
struct<extract(SECS FROM TIME '23:59:58.987654'):decimal(8,6)>
-- !query output
58.987654


-- !query
select extract(SECOND FROM cast('09:08:01.987654' as time(0)))
-- !query schema
struct<extract(SECOND FROM CAST(09:08:01.987654 AS TIME(0))):decimal(8,6)>
-- !query output
1.000000


-- !query
select extract(SECOND FROM cast('09:08:01.987654' as time(1)))
-- !query schema
struct<extract(SECOND FROM CAST(09:08:01.987654 AS TIME(1))):decimal(8,6)>
-- !query output
1.900000


-- !query
select extract(SECOND FROM cast('09:08:01.987654' as time(2)))
-- !query schema
struct<extract(SECOND FROM CAST(09:08:01.987654 AS TIME(2))):decimal(8,6)>
-- !query output
1.980000


-- !query
select extract(SECOND FROM cast('09:08:01.987654' as time(3)))
-- !query schema
struct<extract(SECOND FROM CAST(09:08:01.987654 AS TIME(3))):decimal(8,6)>
-- !query output
1.987000


-- !query
select extract(SECOND FROM cast('09:08:01.987654' as time(4)))
-- !query schema
struct<extract(SECOND FROM CAST(09:08:01.987654 AS TIME(4))):decimal(8,6)>
-- !query output
1.987600


-- !query
select extract(SECOND FROM cast('09:08:01.987654' as time(5)))
-- !query schema
struct<extract(SECOND FROM CAST(09:08:01.987654 AS TIME(5))):decimal(8,6)>
-- !query output
1.987650


-- !query
select extract(SECOND FROM cast('09:08:01.987654' as time(6)))
-- !query schema
struct<extract(SECOND FROM CAST(09:08:01.987654 AS TIME(6))):decimal(8,6)>
-- !query output
1.987654
