-- Automatically generated by SQLQueryTestSuite
-- Number of queries: 13


-- !query
select timestamp_ntz'2016-12-31 00:12:00', timestamp_ntz'2016-12-31'
-- !query schema
struct<TIMESTAMP_NTZ '2016-12-31 00:12:00':timestamp_ntz,TIMESTAMP_NTZ '2016-12-31 00:00:00':timestamp_ntz>
-- !query output
2016-12-31 00:12:00	2016-12-31 00:00:00


-- !query
select to_timestamp_ntz(null), to_timestamp_ntz('2016-12-31 00:12:00'), to_timestamp_ntz('2016-12-31', 'yyyy-MM-dd')
-- !query schema
struct<to_timestamp_ntz(NULL):timestamp_ntz,to_timestamp_ntz(2016-12-31 00:12:00):timestamp_ntz,to_timestamp_ntz(2016-12-31, yyyy-MM-dd):timestamp_ntz>
-- !query output
NULL	2016-12-31 00:12:00	2016-12-31 00:00:00


-- !query
select to_timestamp_ntz(to_date(null)), to_timestamp_ntz(to_date('2016-12-31'))
-- !query schema
struct<to_timestamp_ntz(to_date(NULL)):timestamp_ntz,to_timestamp_ntz(to_date(2016-12-31)):timestamp_ntz>
-- !query output
NULL	2016-12-31 00:00:00


-- !query
select to_timestamp_ntz(to_timestamp_ltz(null)), to_timestamp_ntz(to_timestamp_ltz('2016-12-31 00:12:00'))
-- !query schema
struct<to_timestamp_ntz(to_timestamp_ltz(NULL)):timestamp_ntz,to_timestamp_ntz(to_timestamp_ltz(2016-12-31 00:12:00)):timestamp_ntz>
-- !query output
NULL	2016-12-31 00:12:00


-- !query
SELECT make_timestamp_ntz(2021, 07, 11, 6, 30, 45.678)
-- !query schema
struct<make_timestamp_ntz(2021, 7, 11, 6, 30, 45.678):timestamp_ntz>
-- !query output
2021-07-11 06:30:45.678


-- !query
SELECT make_timestamp_ntz(2021, 07, 11, 6, 30, 45.678, 'CET')
-- !query schema
struct<>
-- !query output
org.apache.spark.sql.AnalysisException
Invalid number of arguments for function make_timestamp_ntz. Expected: 6; Found: 7; line 1 pos 7


-- !query
SELECT make_timestamp_ntz(2021, 07, 11, 6, 30, 60.007)
-- !query schema
struct<make_timestamp_ntz(2021, 7, 11, 6, 30, 60.007):timestamp_ntz>
-- !query output
NULL


-- !query
SELECT convert_timezone('Europe/Moscow', 'America/Los_Angeles', timestamp_ntz'2022-01-01 00:00:00')
-- !query schema
struct<convert_timezone(Europe/Moscow, America/Los_Angeles, TIMESTAMP_NTZ '2022-01-01 00:00:00'):timestamp_ntz>
-- !query output
2021-12-31 13:00:00


-- !query
SELECT convert_timezone('Europe/Amsterdam', timestamp_ntz'2022-03-23 00:00:00')
-- !query schema
struct<convert_timezone(current_timezone(), Europe/Amsterdam, TIMESTAMP_NTZ '2022-03-23 00:00:00'):timestamp_ntz>
-- !query output
2022-03-23 08:00:00


-- !query
select timestampdiff(QUARTER, timestamp_ntz'2022-01-01 01:02:03', timestamp_ntz'2022-05-02 05:06:07')
-- !query schema
struct<timestampdiff(QUARTER, TIMESTAMP_NTZ '2022-01-01 01:02:03', TIMESTAMP_NTZ '2022-05-02 05:06:07'):bigint>
-- !query output
1


-- !query
select timestampdiff(HOUR, timestamp_ntz'2022-02-14 01:02:03', timestamp_ltz'2022-02-14 02:03:04')
-- !query schema
struct<timestampdiff(HOUR, TIMESTAMP_NTZ '2022-02-14 01:02:03', TIMESTAMP '2022-02-14 02:03:04'):bigint>
-- !query output
1


-- !query
select timestampdiff(YEAR, date'2022-02-15', timestamp_ntz'2023-02-15 10:11:12')
-- !query schema
struct<timestampdiff(YEAR, DATE '2022-02-15', TIMESTAMP_NTZ '2023-02-15 10:11:12'):bigint>
-- !query output
1


-- !query
select timestampdiff(MILLISECOND, timestamp_ntz'2022-02-14 23:59:59.123', date'2022-02-15')
-- !query schema
struct<timestampdiff(MILLISECOND, TIMESTAMP_NTZ '2022-02-14 23:59:59.123', DATE '2022-02-15'):bigint>
-- !query output
877
