-- Automatically generated by SQLQueryTestSuite
-- Number of queries: 20


-- !query
CREATE OR REPLACE TEMPORARY VIEW t1 AS VALUES (1, 'a'), (2, 'b') tbl(c1, c2)
-- !query schema
struct<>
-- !query output



-- !query
CREATE OR REPLACE TEMPORARY VIEW t2 AS VALUES (1.0, 1), (2.0, 4) tbl(c1, c2)
-- !query schema
struct<>
-- !query output



-- !query
SELECT *
FROM   (SELECT * FROM t1
        UNION ALL
        SELECT * FROM t1)
-- !query schema
struct<c1:int,c2:string>
-- !query output
1	a
1	a
2	b
2	b


-- !query
SELECT *
FROM   (SELECT * FROM t1
        UNION ALL
        SELECT * FROM t2
        UNION ALL
        SELECT * FROM t2)
-- !query schema
struct<c1:decimal(11,1),c2:string>
-- !query output
1.0	1
1.0	1
1.0	a
2.0	4
2.0	4
2.0	b


-- !query
SELECT a
FROM (SELECT 0 a, 0 b
      UNION ALL
      SELECT SUM(1) a, CAST(0 AS BIGINT) b
      UNION ALL SELECT 0 a, 0 b) T
-- !query schema
struct<a:bigint>
-- !query output
0
0
1


-- !query
CREATE OR REPLACE TEMPORARY VIEW p1 AS VALUES 1 T(col)
-- !query schema
struct<>
-- !query output



-- !query
CREATE OR REPLACE TEMPORARY VIEW p2 AS VALUES 1 T(col)
-- !query schema
struct<>
-- !query output



-- !query
CREATE OR REPLACE TEMPORARY VIEW p3 AS VALUES 1 T(col)
-- !query schema
struct<>
-- !query output



-- !query
SELECT 1 AS x,
       col
FROM   (SELECT col AS col
        FROM (SELECT p1.col AS col
              FROM   p1 CROSS JOIN p2
              UNION ALL
              SELECT col
              FROM p3) T1) T2
-- !query schema
struct<x:int,col:int>
-- !query output
1	1
1	1


-- !query
SELECT map(1, 2), 'str'
UNION ALL
SELECT map(1, 2, 3, NULL), 1
-- !query schema
struct<map(1, 2):map<int,int>,str:string>
-- !query output
{1:2,3:null}	1
{1:2}	str


-- !query
SELECT array(1, 2), 'str'
UNION ALL
SELECT array(1, 2, 3, NULL), 1
-- !query schema
struct<array(1, 2):array<int>,str:string>
-- !query output
[1,2,3,null]	1
[1,2]	str


-- !query
CREATE OR REPLACE TEMPORARY VIEW t3 AS VALUES (decimal(1)) tbl(v)
-- !query schema
struct<>
-- !query output



-- !query
SELECT t.v FROM (
  SELECT v FROM t3
  UNION ALL
  SELECT v + v AS v FROM t3
) t
-- !query schema
struct<v:decimal(11,0)>
-- !query output
1
2


-- !query
SELECT SUM(t.v) FROM (
  SELECT v FROM t3
  UNION
  SELECT v + v AS v FROM t3
) t
-- !query schema
struct<sum(v):decimal(21,0)>
-- !query output
3


-- !query
DROP VIEW IF EXISTS t1
-- !query schema
struct<>
-- !query output



-- !query
DROP VIEW IF EXISTS t2
-- !query schema
struct<>
-- !query output



-- !query
DROP VIEW IF EXISTS t3
-- !query schema
struct<>
-- !query output



-- !query
DROP VIEW IF EXISTS p1
-- !query schema
struct<>
-- !query output



-- !query
DROP VIEW IF EXISTS p2
-- !query schema
struct<>
-- !query output



-- !query
DROP VIEW IF EXISTS p3
-- !query schema
struct<>
-- !query output

