-- Automatically generated by SQLQueryTestSuite
-- !query
DROP TABLE IF EXISTS t1
-- !query schema
struct<>
-- !query output



-- !query
DROP VIEW  IF EXISTS v1
-- !query schema
struct<>
-- !query output



-- !query
CREATE TABLE t1 (col1 STRING, col2 STRING, col3 STRING)
-- !query schema
struct<>
-- !query output



-- !query
CREATE VIEW v1 as SELECT * FROM t1
-- !query schema
struct<>
-- !query output



-- !query
SELECT *
FROM (
         SELECT col1, col2 FROM t1
         UNION
         SELECT col3, col2 FROM t1
         UNION
         SELECT col2, col2 FROM t1
     )
-- !query schema
struct<col1:string,col2:string>
-- !query output



-- !query
SELECT *
FROM (
         SELECT col1, col2 FROM v1
         UNION
         SELECT col3, col2 FROM v1
         UNION
         SELECT col2, col2 FROM v1
     )
-- !query schema
struct<col1:string,col2:string>
-- !query output



-- !query
SELECT *
FROM (
         SELECT col1, col2 FROM t1
         UNION
         SELECT col3, col2 FROM t1
         UNION
         SELECT col2, col2 FROM v1
     )
-- !query schema
struct<col1:string,col2:string>
-- !query output



-- !query
SELECT *
FROM (
         SELECT col1, col2 FROM t1
         UNION
         SELECT col3, col2 FROM v1
         UNION
         SELECT col2, col2 FROM t1
     )
-- !query schema
struct<col1:string,col2:string>
-- !query output



-- !query
SELECT *
FROM (
         SELECT col1, col2 FROM v1
         UNION
         SELECT col3, col2 FROM t1
         UNION
         SELECT col2, col2 FROM t1
     )
-- !query schema
struct<col1:string,col2:string>
-- !query output



-- !query
SELECT *
FROM (
         SELECT col1, col2 FROM v1
         UNION
         SELECT col3, col2 FROM v1
         UNION
         SELECT col2, col2 FROM t1
     )
-- !query schema
struct<col1:string,col2:string>
-- !query output



-- !query
SELECT *
FROM (
         SELECT col1, col2 FROM v1
         UNION
         SELECT col3, col2 FROM t1
         UNION
         SELECT col2, col2 FROM v1
     )
-- !query schema
struct<col1:string,col2:string>
-- !query output



-- !query
SELECT *
FROM (
         SELECT col1, col2 FROM t1
         UNION
         SELECT col3, col2 FROM v1
         UNION
         SELECT col2, col2 FROM v1
     )
-- !query schema
struct<col1:string,col2:string>
-- !query output



-- !query
DROP VIEW v1
-- !query schema
struct<>
-- !query output



-- !query
DROP TABLE t1
-- !query schema
struct<>
-- !query output

