-- Automatically generated by SQLQueryTestSuite
-- !query
create temporary view courseEarnings as select * from values
  ("dotNET", 15000, 48000, 22500),
  ("Java", 20000, 30000, NULL)
  as courseEarnings(course, `2012`, `2013`, `2014`)
-- !query schema
struct<>
-- !query output



-- !query
SELECT * FROM courseEarnings
UNPIVOT (
  earningsYear FOR year IN (`2012`, `2013`, `2014`)
)
-- !query schema
struct<course:string,year:string,earningsYear:int>
-- !query output
Java	2012	20000
Java	2013	30000
dotNET	2012	15000
dotNET	2013	48000
dotNET	2014	22500


-- !query
SELECT * FROM courseEarnings
UNPIVOT INCLUDE NULLS (
  earningsYear FOR year IN (`2012`, `2013`, `2014`)
)
-- !query schema
struct<course:string,year:string,earningsYear:int>
-- !query output
Java	2012	20000
Java	2013	30000
Java	2014	NULL
dotNET	2012	15000
dotNET	2013	48000
dotNET	2014	22500


-- !query
SELECT * FROM courseEarnings
UNPIVOT (
  earningsYear FOR year IN (`2012` as `twenty-twelve`, `2013` as `twenty-thirteen`, `2014` as `twenty-fourteen`)
)
-- !query schema
struct<course:string,year:string,earningsYear:int>
-- !query output
Java	twenty-thirteen	30000
Java	twenty-twelve	20000
dotNET	twenty-fourteen	22500
dotNET	twenty-thirteen	48000
dotNET	twenty-twelve	15000


-- !query
create temporary view courseEarningsAndSales as select * from values
  ("dotNET", 15000, NULL, 48000, 1, 22500, 1),
  ("Java", 20000, 1, 30000, 2, NULL, NULL)
  as courseEarningsAndSales(course, earnings2012, sales2012, earnings2013, sales2013, earnings2014, sales2014)
-- !query schema
struct<>
-- !query output



-- !query
SELECT * FROM courseEarningsAndSales
UNPIVOT (
  (earnings, sales) FOR year IN ((earnings2012, sales2012), (earnings2013, sales2013), (earnings2014, sales2014))
)
-- !query schema
struct<course:string,year:string,earnings:int,sales:int>
-- !query output
Java	earnings2012_sales2012	20000	1
Java	earnings2013_sales2013	30000	2
dotNET	earnings2012_sales2012	15000	NULL
dotNET	earnings2013_sales2013	48000	1
dotNET	earnings2014_sales2014	22500	1


-- !query
SELECT * FROM courseEarningsAndSales
UNPIVOT INCLUDE NULLS (
  (earnings, sales) FOR year IN ((earnings2012, sales2012), (earnings2013, sales2013), (earnings2014, sales2014))
)
-- !query schema
struct<course:string,year:string,earnings:int,sales:int>
-- !query output
Java	earnings2012_sales2012	20000	1
Java	earnings2013_sales2013	30000	2
Java	earnings2014_sales2014	NULL	NULL
dotNET	earnings2012_sales2012	15000	NULL
dotNET	earnings2013_sales2013	48000	1
dotNET	earnings2014_sales2014	22500	1


-- !query
SELECT * FROM courseEarningsAndSales
UNPIVOT (
  (earnings, sales) FOR year IN ((earnings2012, sales2012) as `2012`, (earnings2013, sales2013) as `2013`, (earnings2014, sales2014) as `2014`)
)
-- !query schema
struct<course:string,year:string,earnings:int,sales:int>
-- !query output
Java	2012	20000	1
Java	2013	30000	2
dotNET	2012	15000	NULL
dotNET	2013	48000	1
dotNET	2014	22500	1
