-- Automatically generated by SQLQueryTestSuite
-- !query
create temporary view nt1 as select * from values
  ("one", 1),
  ("two", 2),
  ("three", 3)
  as nt1(k, v1)
-- !query schema
struct<>
-- !query output



-- !query
create temporary view nt2 as select * from values
  ("one", 1),
  ("two", 22),
  ("one", 5),
  ("four", 4)
  as nt2(k, v2)
-- !query schema
struct<>
-- !query output



-- !query
SELECT * FROM nt1 left outer join nt2 using (k)
-- !query schema
struct<k:string,v1:int,v2:int>
-- !query output
one	1	1
one	1	5
three	3	NULL
two	2	22


-- !query
SELECT k FROM nt1 left outer join nt2 using (k)
-- !query schema
struct<k:string>
-- !query output
one
one
three
two


-- !query
SELECT nt1.*, nt2.* FROM nt1 left outer join nt2 using (k)
-- !query schema
struct<k:string,v1:int,k:string,v2:int>
-- !query output
one	1	one	1
one	1	one	5
three	3	NULL	NULL
two	2	two	22


-- !query
SELECT nt1.k, nt2.k FROM nt1 left outer join nt2 using (k)
-- !query schema
struct<k:string,k:string>
-- !query output
one	one
one	one
three	NULL
two	two


-- !query
SELECT k, nt1.k FROM nt1 left outer join nt2 using (k)
-- !query schema
struct<k:string,k:string>
-- !query output
one	one
one	one
three	three
two	two


-- !query
SELECT k, nt2.k FROM nt1 left outer join nt2 using (k)
-- !query schema
struct<k:string,k:string>
-- !query output
one	one
one	one
three	NULL
two	two


-- !query
SELECT * FROM nt1 left semi join nt2 using (k)
-- !query schema
struct<k:string,v1:int>
-- !query output
one	1
two	2


-- !query
SELECT k FROM nt1 left semi join nt2 using (k)
-- !query schema
struct<k:string>
-- !query output
one
two


-- !query
SELECT nt1.* FROM nt1 left semi join nt2 using (k)
-- !query schema
struct<k:string,v1:int>
-- !query output
one	1
two	2


-- !query
SELECT nt1.k FROM nt1 left semi join nt2 using (k)
-- !query schema
struct<k:string>
-- !query output
one
two


-- !query
SELECT k, nt1.k FROM nt1 left semi join nt2 using (k)
-- !query schema
struct<k:string,k:string>
-- !query output
one	one
two	two


-- !query
SELECT * FROM nt1 right outer join nt2 using (k)
-- !query schema
struct<k:string,v1:int,v2:int>
-- !query output
four	NULL	4
one	1	1
one	1	5
two	2	22


-- !query
SELECT k FROM nt1 right outer join nt2 using (k)
-- !query schema
struct<k:string>
-- !query output
four
one
one
two


-- !query
SELECT nt1.*, nt2.* FROM nt1 right outer join nt2 using (k)
-- !query schema
struct<k:string,v1:int,k:string,v2:int>
-- !query output
NULL	NULL	four	4
one	1	one	1
one	1	one	5
two	2	two	22


-- !query
SELECT nt1.k, nt2.k FROM nt1 right outer join nt2 using (k)
-- !query schema
struct<k:string,k:string>
-- !query output
NULL	four
one	one
one	one
two	two


-- !query
SELECT k, nt1.k FROM nt1 right outer join nt2 using (k)
-- !query schema
struct<k:string,k:string>
-- !query output
four	NULL
one	one
one	one
two	two


-- !query
SELECT k, nt2.k FROM nt1 right outer join nt2 using (k)
-- !query schema
struct<k:string,k:string>
-- !query output
four	four
one	one
one	one
two	two


-- !query
SELECT * FROM nt1 full outer join nt2 using (k)
-- !query schema
struct<k:string,v1:int,v2:int>
-- !query output
four	NULL	4
one	1	1
one	1	5
three	3	NULL
two	2	22


-- !query
SELECT k FROM nt1 full outer join nt2 using (k)
-- !query schema
struct<k:string>
-- !query output
four
one
one
three
two


-- !query
SELECT nt1.*, nt2.* FROM nt1 full outer join nt2 using (k)
-- !query schema
struct<k:string,v1:int,k:string,v2:int>
-- !query output
NULL	NULL	four	4
one	1	one	1
one	1	one	5
three	3	NULL	NULL
two	2	two	22


-- !query
SELECT nt1.k, nt2.k FROM nt1 full outer join nt2 using (k)
-- !query schema
struct<k:string,k:string>
-- !query output
NULL	four
one	one
one	one
three	NULL
two	two


-- !query
SELECT k, nt1.k FROM nt1 full outer join nt2 using (k)
-- !query schema
struct<k:string,k:string>
-- !query output
four	NULL
one	one
one	one
three	three
two	two


-- !query
SELECT k, nt2.k FROM nt1 full outer join nt2 using (k)
-- !query schema
struct<k:string,k:string>
-- !query output
four	four
one	one
one	one
three	NULL
two	two


-- !query
SELECT * FROM nt1 full outer join nt2 using (k)
-- !query schema
struct<k:string,v1:int,v2:int>
-- !query output
four	NULL	4
one	1	1
one	1	5
three	3	NULL
two	2	22


-- !query
SELECT k FROM nt1 inner join nt2 using (k)
-- !query schema
struct<k:string>
-- !query output
one
one
two


-- !query
SELECT nt1.*, nt2.* FROM nt1 inner join nt2 using (k)
-- !query schema
struct<k:string,v1:int,k:string,v2:int>
-- !query output
one	1	one	1
one	1	one	5
two	2	two	22


-- !query
SELECT nt1.k, nt2.k FROM nt1 inner join nt2 using (k)
-- !query schema
struct<k:string,k:string>
-- !query output
one	one
one	one
two	two


-- !query
SELECT k, nt1.k FROM nt1 inner join nt2 using (k)
-- !query schema
struct<k:string,k:string>
-- !query output
one	one
one	one
two	two


-- !query
SELECT k, nt2.k FROM nt1 inner join nt2 using (k)
-- !query schema
struct<k:string,k:string>
-- !query output
one	one
one	one
two	two
