-- Automatically generated by SQLQueryTestSuite
-- Number of queries: 66


-- !query
CREATE OR REPLACE TEMPORARY VIEW testData AS SELECT * FROM VALUES
(null, 1L, 1.0D, date("2017-08-01"), timestamp_seconds(1501545600), "a"),
(1, 1L, 1.0D, date("2017-08-01"), timestamp_seconds(1501545600), "a"),
(1, 2L, 2.5D, date("2017-08-02"), timestamp_seconds(1502000000), "a"),
(2, 2147483650L, 100.001D, date("2020-12-31"), timestamp_seconds(1609372800), "a"),
(1, null, 1.0D, date("2017-08-01"), timestamp_seconds(1501545600), "b"),
(2, 3L, 3.3D, date("2017-08-03"), timestamp_seconds(1503000000), "b"),
(3, 2147483650L, 100.001D, date("2020-12-31"), timestamp_seconds(1609372800), "b"),
(null, null, null, null, null, null),
(3, 1L, 1.0D, date("2017-08-01"), timestamp_seconds(1501545600), null)
AS testData(val, val_long, val_double, val_date, val_timestamp, cate)
-- !query schema
struct<>
-- !query output



-- !query
CREATE OR REPLACE TEMPORARY VIEW basic_pays AS SELECT * FROM VALUES
('Diane Murphy','Accounting',8435),
('Mary Patterson','Accounting',9998),
('Jeff Firrelli','Accounting',8992),
('William Patterson','Accounting',8870),
('Gerard Bondur','Accounting',11472),
('Anthony Bow','Accounting',6627),
('Leslie Jennings','IT',8113),
('Leslie Thompson','IT',5186),
('Julie Firrelli','Sales',9181),
('Steve Patterson','Sales',9441),
('Foon Yue Tseng','Sales',6660),
('George Vanauf','Sales',10563),
('Loui Bondur','SCM',10449),
('Gerard Hernandez','SCM',6949),
('Pamela Castillo','SCM',11303),
('Larry Bott','SCM',11798),
('Barry Jones','SCM',10586)
AS basic_pays(employee_name, department, salary)
-- !query schema
struct<>
-- !query output



-- !query
CREATE OR REPLACE TEMPORARY VIEW test_ignore_null AS SELECT * FROM VALUES
('a', 0, null),
('a', 1, 'x'),
('b', 2, null),
('c', 3, null),
('a', 4, 'y'),
('b', 5, null),
('a', 6, 'z'),
('a', 7, 'v'),
('a', 8, null)
AS test_ignore_null(content, id, v)
-- !query schema
struct<>
-- !query output



-- !query
SELECT val, cate, count(val) OVER(PARTITION BY cate ORDER BY val ROWS CURRENT ROW) FROM testData
ORDER BY cate, val
-- !query schema
struct<val:int,cate:string,count(val) OVER (PARTITION BY cate ORDER BY val ASC NULLS FIRST ROWS BETWEEN CURRENT ROW AND CURRENT ROW):bigint>
-- !query output
NULL	NULL	0
3	NULL	1
NULL	a	0
1	a	1
1	a	1
2	a	1
1	b	1
2	b	1
3	b	1


-- !query
SELECT val, cate, sum(val) OVER(PARTITION BY cate ORDER BY val
ROWS BETWEEN UNBOUNDED PRECEDING AND 1 FOLLOWING) FROM testData ORDER BY cate, val
-- !query schema
struct<val:int,cate:string,sum(val) OVER (PARTITION BY cate ORDER BY val ASC NULLS FIRST ROWS BETWEEN UNBOUNDED PRECEDING AND 1 FOLLOWING):bigint>
-- !query output
NULL	NULL	3
3	NULL	3
NULL	a	1
1	a	2
1	a	4
2	a	4
1	b	3
2	b	6
3	b	6


-- !query
SELECT val_long, cate, sum(val_long) OVER(PARTITION BY cate ORDER BY val_long
ROWS BETWEEN CURRENT ROW AND 2147483648 FOLLOWING) FROM testData ORDER BY cate, val_long
-- !query schema
struct<>
-- !query output
org.apache.spark.sql.AnalysisException
cannot resolve 'ROWS BETWEEN CURRENT ROW AND 2147483648L FOLLOWING' due to data type mismatch: The data type of the upper bound 'bigint' does not match the expected data type 'int'.; line 1 pos 41


-- !query
SELECT val, cate, count(val) OVER(PARTITION BY cate ORDER BY val RANGE 1 PRECEDING) FROM testData
ORDER BY cate, val
-- !query schema
struct<val:int,cate:string,count(val) OVER (PARTITION BY cate ORDER BY val ASC NULLS FIRST RANGE BETWEEN 1 PRECEDING AND CURRENT ROW):bigint>
-- !query output
NULL	NULL	0
3	NULL	1
NULL	a	0
1	a	2
1	a	2
2	a	3
1	b	1
2	b	2
3	b	2


-- !query
SELECT val, cate, sum(val) OVER(PARTITION BY cate ORDER BY val
RANGE BETWEEN CURRENT ROW AND 1 FOLLOWING) FROM testData ORDER BY cate, val
-- !query schema
struct<val:int,cate:string,sum(val) OVER (PARTITION BY cate ORDER BY val ASC NULLS FIRST RANGE BETWEEN CURRENT ROW AND 1 FOLLOWING):bigint>
-- !query output
NULL	NULL	NULL
3	NULL	3
NULL	a	NULL
1	a	4
1	a	4
2	a	2
1	b	3
2	b	5
3	b	3


-- !query
SELECT val_long, cate, sum(val_long) OVER(PARTITION BY cate ORDER BY val_long
RANGE BETWEEN CURRENT ROW AND 2147483648 FOLLOWING) FROM testData ORDER BY cate, val_long
-- !query schema
struct<val_long:bigint,cate:string,sum(val_long) OVER (PARTITION BY cate ORDER BY val_long ASC NULLS FIRST RANGE BETWEEN CURRENT ROW AND 2147483648 FOLLOWING):bigint>
-- !query output
NULL	NULL	NULL
1	NULL	1
1	a	4
1	a	4
2	a	2147483652
2147483650	a	2147483650
NULL	b	NULL
3	b	2147483653
2147483650	b	2147483650


-- !query
SELECT val_double, cate, sum(val_double) OVER(PARTITION BY cate ORDER BY val_double
RANGE BETWEEN CURRENT ROW AND 2.5 FOLLOWING) FROM testData ORDER BY cate, val_double
-- !query schema
struct<val_double:double,cate:string,sum(val_double) OVER (PARTITION BY cate ORDER BY val_double ASC NULLS FIRST RANGE BETWEEN CURRENT ROW AND 2.5 FOLLOWING):double>
-- !query output
NULL	NULL	NULL
1.0	NULL	1.0
1.0	a	4.5
1.0	a	4.5
2.5	a	2.5
100.001	a	100.001
1.0	b	4.3
3.3	b	3.3
100.001	b	100.001


-- !query
SELECT val_date, cate, max(val_date) OVER(PARTITION BY cate ORDER BY val_date
RANGE BETWEEN CURRENT ROW AND 2 FOLLOWING) FROM testData ORDER BY cate, val_date
-- !query schema
struct<val_date:date,cate:string,max(val_date) OVER (PARTITION BY cate ORDER BY val_date ASC NULLS FIRST RANGE BETWEEN CURRENT ROW AND 2 FOLLOWING):date>
-- !query output
NULL	NULL	NULL
2017-08-01	NULL	2017-08-01
2017-08-01	a	2017-08-02
2017-08-01	a	2017-08-02
2017-08-02	a	2017-08-02
2020-12-31	a	2020-12-31
2017-08-01	b	2017-08-03
2017-08-03	b	2017-08-03
2020-12-31	b	2020-12-31


-- !query
SELECT val_timestamp, cate, avg(val_timestamp) OVER(PARTITION BY cate ORDER BY val_timestamp
RANGE BETWEEN CURRENT ROW AND interval 23 days 4 hours FOLLOWING) FROM testData
ORDER BY cate, val_timestamp
-- !query schema
struct<val_timestamp:timestamp,cate:string,avg(val_timestamp) OVER (PARTITION BY cate ORDER BY val_timestamp ASC NULLS FIRST RANGE BETWEEN CURRENT ROW AND INTERVAL '23 04' DAY TO HOUR FOLLOWING):double>
-- !query output
NULL	NULL	NULL
2017-07-31 17:00:00	NULL	1.5015456E9
2017-07-31 17:00:00	a	1.5016970666666667E9
2017-07-31 17:00:00	a	1.5016970666666667E9
2017-08-05 23:13:20	a	1.502E9
2020-12-30 16:00:00	a	1.6093728E9
2017-07-31 17:00:00	b	1.5022728E9
2017-08-17 13:00:00	b	1.503E9
2020-12-30 16:00:00	b	1.6093728E9


-- !query
SELECT val_timestamp, cate, avg(val_timestamp) OVER(PARTITION BY cate ORDER BY to_timestamp_ntz(val_timestamp)
RANGE BETWEEN CURRENT ROW AND interval 23 days 4 hours FOLLOWING) FROM testData
ORDER BY cate, to_timestamp_ntz(val_timestamp)
-- !query schema
struct<val_timestamp:timestamp,cate:string,avg(val_timestamp) OVER (PARTITION BY cate ORDER BY to_timestamp_ntz(val_timestamp) ASC NULLS FIRST RANGE BETWEEN CURRENT ROW AND INTERVAL '23 04' DAY TO HOUR FOLLOWING):double>
-- !query output
NULL	NULL	NULL
2017-07-31 17:00:00	NULL	1.5015456E9
2017-07-31 17:00:00	a	1.5016970666666667E9
2017-07-31 17:00:00	a	1.5016970666666667E9
2017-08-05 23:13:20	a	1.502E9
2020-12-30 16:00:00	a	1.6093728E9
2017-07-31 17:00:00	b	1.5022728E9
2017-08-17 13:00:00	b	1.503E9
2020-12-30 16:00:00	b	1.6093728E9


-- !query
SELECT val_timestamp, cate, avg(val_timestamp) OVER(PARTITION BY cate ORDER BY val_timestamp
RANGE BETWEEN CURRENT ROW AND interval '1-1' year to month FOLLOWING) FROM testData
ORDER BY cate, val_timestamp
-- !query schema
struct<val_timestamp:timestamp,cate:string,avg(val_timestamp) OVER (PARTITION BY cate ORDER BY val_timestamp ASC NULLS FIRST RANGE BETWEEN CURRENT ROW AND INTERVAL '1-1' YEAR TO MONTH FOLLOWING):double>
-- !query output
NULL	NULL	NULL
2017-07-31 17:00:00	NULL	1.5015456E9
2017-07-31 17:00:00	a	1.5016970666666667E9
2017-07-31 17:00:00	a	1.5016970666666667E9
2017-08-05 23:13:20	a	1.502E9
2020-12-30 16:00:00	a	1.6093728E9
2017-07-31 17:00:00	b	1.5022728E9
2017-08-17 13:00:00	b	1.503E9
2020-12-30 16:00:00	b	1.6093728E9


-- !query
SELECT val_timestamp, cate, avg(val_timestamp) OVER(PARTITION BY cate ORDER BY to_timestamp_ntz(val_timestamp)
RANGE BETWEEN CURRENT ROW AND interval '1-1' year to month FOLLOWING) FROM testData
ORDER BY cate, to_timestamp_ntz(val_timestamp)
-- !query schema
struct<val_timestamp:timestamp,cate:string,avg(val_timestamp) OVER (PARTITION BY cate ORDER BY to_timestamp_ntz(val_timestamp) ASC NULLS FIRST RANGE BETWEEN CURRENT ROW AND INTERVAL '1-1' YEAR TO MONTH FOLLOWING):double>
-- !query output
NULL	NULL	NULL
2017-07-31 17:00:00	NULL	1.5015456E9
2017-07-31 17:00:00	a	1.5016970666666667E9
2017-07-31 17:00:00	a	1.5016970666666667E9
2017-08-05 23:13:20	a	1.502E9
2020-12-30 16:00:00	a	1.6093728E9
2017-07-31 17:00:00	b	1.5022728E9
2017-08-17 13:00:00	b	1.503E9
2020-12-30 16:00:00	b	1.6093728E9


-- !query
SELECT val_timestamp, cate, avg(val_timestamp) OVER(PARTITION BY cate ORDER BY val_timestamp
RANGE BETWEEN CURRENT ROW AND interval '1 2:3:4.001' day to second FOLLOWING) FROM testData
ORDER BY cate, val_timestamp
-- !query schema
struct<val_timestamp:timestamp,cate:string,avg(val_timestamp) OVER (PARTITION BY cate ORDER BY val_timestamp ASC NULLS FIRST RANGE BETWEEN CURRENT ROW AND INTERVAL '1 02:03:04.001' DAY TO SECOND FOLLOWING):double>
-- !query output
NULL	NULL	NULL
2017-07-31 17:00:00	NULL	1.5015456E9
2017-07-31 17:00:00	a	1.5015456E9
2017-07-31 17:00:00	a	1.5015456E9
2017-08-05 23:13:20	a	1.502E9
2020-12-30 16:00:00	a	1.6093728E9
2017-07-31 17:00:00	b	1.5015456E9
2017-08-17 13:00:00	b	1.503E9
2020-12-30 16:00:00	b	1.6093728E9


-- !query
SELECT val_timestamp, cate, avg(val_timestamp) OVER(PARTITION BY cate ORDER BY to_timestamp_ntz(val_timestamp)
RANGE BETWEEN CURRENT ROW AND interval '1 2:3:4.001' day to second FOLLOWING) FROM testData
ORDER BY cate, to_timestamp_ntz(val_timestamp)
-- !query schema
struct<val_timestamp:timestamp,cate:string,avg(val_timestamp) OVER (PARTITION BY cate ORDER BY to_timestamp_ntz(val_timestamp) ASC NULLS FIRST RANGE BETWEEN CURRENT ROW AND INTERVAL '1 02:03:04.001' DAY TO SECOND FOLLOWING):double>
-- !query output
NULL	NULL	NULL
2017-07-31 17:00:00	NULL	1.5015456E9
2017-07-31 17:00:00	a	1.5015456E9
2017-07-31 17:00:00	a	1.5015456E9
2017-08-05 23:13:20	a	1.502E9
2020-12-30 16:00:00	a	1.6093728E9
2017-07-31 17:00:00	b	1.5015456E9
2017-08-17 13:00:00	b	1.503E9
2020-12-30 16:00:00	b	1.6093728E9


-- !query
SELECT val_date, cate, avg(val_timestamp) OVER(PARTITION BY cate ORDER BY val_date
RANGE BETWEEN CURRENT ROW AND interval '1-1' year to month FOLLOWING) FROM testData
ORDER BY cate, val_date
-- !query schema
struct<val_date:date,cate:string,avg(val_timestamp) OVER (PARTITION BY cate ORDER BY val_date ASC NULLS FIRST RANGE BETWEEN CURRENT ROW AND INTERVAL '1-1' YEAR TO MONTH FOLLOWING):double>
-- !query output
NULL	NULL	NULL
2017-08-01	NULL	1.5015456E9
2017-08-01	a	1.5016970666666667E9
2017-08-01	a	1.5016970666666667E9
2017-08-02	a	1.502E9
2020-12-31	a	1.6093728E9
2017-08-01	b	1.5022728E9
2017-08-03	b	1.503E9
2020-12-31	b	1.6093728E9


-- !query
SELECT val_date, cate, avg(val_timestamp) OVER(PARTITION BY cate ORDER BY val_date
RANGE BETWEEN CURRENT ROW AND interval '1 2:3:4.001' day to second FOLLOWING) FROM testData
ORDER BY cate, val_date
-- !query schema
struct<>
-- !query output
org.apache.spark.sql.AnalysisException
cannot resolve '(PARTITION BY testdata.cate ORDER BY testdata.val_date ASC NULLS FIRST RANGE BETWEEN CURRENT ROW AND INTERVAL '1 02:03:04.001' DAY TO SECOND FOLLOWING)' due to data type mismatch: The data type 'date' used in the order specification does not match the data type 'interval day to second' which is used in the range frame.; line 1 pos 46


-- !query
SELECT val, cate, sum(val) OVER(PARTITION BY cate ORDER BY val DESC
RANGE BETWEEN CURRENT ROW AND 1 FOLLOWING) FROM testData ORDER BY cate, val
-- !query schema
struct<val:int,cate:string,sum(val) OVER (PARTITION BY cate ORDER BY val DESC NULLS LAST RANGE BETWEEN CURRENT ROW AND 1 FOLLOWING):bigint>
-- !query output
NULL	NULL	NULL
3	NULL	3
NULL	a	NULL
1	a	2
1	a	2
2	a	4
1	b	1
2	b	3
3	b	5


-- !query
SELECT val, cate, count(val) OVER(PARTITION BY cate
ROWS BETWEEN UNBOUNDED FOLLOWING AND 1 FOLLOWING) FROM testData ORDER BY cate, val
-- !query schema
struct<>
-- !query output
org.apache.spark.sql.AnalysisException
cannot resolve 'ROWS BETWEEN UNBOUNDED FOLLOWING AND 1 FOLLOWING' due to data type mismatch: Window frame upper bound '1' does not follow the lower bound 'unboundedfollowing$()'.; line 1 pos 33


-- !query
SELECT val, cate, count(val) OVER(PARTITION BY cate
RANGE BETWEEN CURRENT ROW AND 1 FOLLOWING) FROM testData ORDER BY cate, val
-- !query schema
struct<>
-- !query output
org.apache.spark.sql.AnalysisException
cannot resolve '(PARTITION BY testdata.cate RANGE BETWEEN CURRENT ROW AND 1 FOLLOWING)' due to data type mismatch: A range window frame cannot be used in an unordered window specification.; line 1 pos 33


-- !query
SELECT val, cate, count(val) OVER(PARTITION BY cate ORDER BY val, cate
RANGE BETWEEN CURRENT ROW AND 1 FOLLOWING) FROM testData ORDER BY cate, val
-- !query schema
struct<>
-- !query output
org.apache.spark.sql.AnalysisException
cannot resolve '(PARTITION BY testdata.cate ORDER BY testdata.val ASC NULLS FIRST, testdata.cate ASC NULLS FIRST RANGE BETWEEN CURRENT ROW AND 1 FOLLOWING)' due to data type mismatch: A range window frame with value boundaries cannot be used in a window specification with multiple order by expressions: val#x ASC NULLS FIRST,cate#x ASC NULLS FIRST; line 1 pos 33


-- !query
SELECT val, cate, count(val) OVER(PARTITION BY cate ORDER BY current_timestamp
RANGE BETWEEN CURRENT ROW AND 1 FOLLOWING) FROM testData ORDER BY cate, val
-- !query schema
struct<>
-- !query output
org.apache.spark.sql.AnalysisException
cannot resolve '(PARTITION BY testdata.cate ORDER BY current_timestamp() ASC NULLS FIRST RANGE BETWEEN CURRENT ROW AND 1 FOLLOWING)' due to data type mismatch: The data type 'timestamp' used in the order specification does not match the data type 'int' which is used in the range frame.; line 1 pos 33


-- !query
SELECT val, cate, count(val) OVER(PARTITION BY cate ORDER BY val
RANGE BETWEEN 1 FOLLOWING AND 1 PRECEDING) FROM testData ORDER BY cate, val
-- !query schema
struct<>
-- !query output
org.apache.spark.sql.AnalysisException
cannot resolve 'RANGE BETWEEN 1 FOLLOWING AND 1 PRECEDING' due to data type mismatch: The lower bound of a window frame must be less than or equal to the upper bound; line 1 pos 33


-- !query
SELECT val, cate, count(val) OVER(PARTITION BY cate ORDER BY val
RANGE BETWEEN CURRENT ROW AND current_date PRECEDING) FROM testData ORDER BY cate, val
-- !query schema
struct<>
-- !query output
org.apache.spark.sql.catalyst.parser.ParseException

Frame bound value must be a literal.(line 2, pos 30)

== SQL ==
SELECT val, cate, count(val) OVER(PARTITION BY cate ORDER BY val
RANGE BETWEEN CURRENT ROW AND current_date PRECEDING) FROM testData ORDER BY cate, val
------------------------------^^^


-- !query
SELECT val, cate,
max(val) OVER w AS max,
min(val) OVER w AS min,
min(val) OVER w AS min,
count(val) OVER w AS count,
sum(val) OVER w AS sum,
avg(val) OVER w AS avg,
stddev(val) OVER w AS stddev,
first_value(val) OVER w AS first_value,
first_value(val, true) OVER w AS first_value_ignore_null,
first_value(val, false) OVER w AS first_value_contain_null,
any_value(val) OVER w AS any_value,
any_value(val, true) OVER w AS any_value_ignore_null,
any_value(val, false) OVER w AS any_value_contain_null,
last_value(val) OVER w AS last_value,
last_value(val, true) OVER w AS last_value_ignore_null,
last_value(val, false) OVER w AS last_value_contain_null,
rank() OVER w AS rank,
dense_rank() OVER w AS dense_rank,
cume_dist() OVER w AS cume_dist,
percent_rank() OVER w AS percent_rank,
ntile(2) OVER w AS ntile,
row_number() OVER w AS row_number,
var_pop(val) OVER w AS var_pop,
var_samp(val) OVER w AS var_samp,
approx_count_distinct(val) OVER w AS approx_count_distinct,
covar_pop(val, val_long) OVER w AS covar_pop,
corr(val, val_long) OVER w AS corr,
stddev_samp(val) OVER w AS stddev_samp,
stddev_pop(val) OVER w AS stddev_pop,
collect_list(val) OVER w AS collect_list,
collect_set(val) OVER w AS collect_set,
skewness(val_double) OVER w AS skewness,
kurtosis(val_double) OVER w AS kurtosis
FROM testData
WINDOW w AS (PARTITION BY cate ORDER BY val)
ORDER BY cate, val
-- !query schema
struct<val:int,cate:string,max:int,min:int,min:int,count:bigint,sum:bigint,avg:double,stddev:double,first_value:int,first_value_ignore_null:int,first_value_contain_null:int,any_value:int,any_value_ignore_null:int,any_value_contain_null:int,last_value:int,last_value_ignore_null:int,last_value_contain_null:int,rank:int,dense_rank:int,cume_dist:double,percent_rank:double,ntile:int,row_number:int,var_pop:double,var_samp:double,approx_count_distinct:bigint,covar_pop:double,corr:double,stddev_samp:double,stddev_pop:double,collect_list:array<int>,collect_set:array<int>,skewness:double,kurtosis:double>
-- !query output
NULL	NULL	NULL	NULL	NULL	0	NULL	NULL	NULL	NULL	NULL	NULL	NULL	NULL	NULL	NULL	NULL	NULL	1	1	0.5	0.0	1	1	NULL	NULL	0	NULL	NULL	NULL	NULL	[]	[]	NULL	NULL
3	NULL	3	3	3	1	3	3.0	NULL	NULL	3	NULL	NULL	3	NULL	3	3	3	2	2	1.0	1.0	2	2	0.0	NULL	1	0.0	NULL	NULL	0.0	[3]	[3]	NULL	NULL
NULL	a	NULL	NULL	NULL	0	NULL	NULL	NULL	NULL	NULL	NULL	NULL	NULL	NULL	NULL	NULL	NULL	1	1	0.25	0.0	1	1	NULL	NULL	0	NULL	NULL	NULL	NULL	[]	[]	NULL	NULL
1	a	1	1	1	2	2	1.0	0.0	NULL	1	NULL	NULL	1	NULL	1	1	1	2	2	0.75	0.3333333333333333	1	2	0.0	0.0	1	0.0	NULL	0.0	0.0	[1,1]	[1]	0.7071067811865476	-1.5
1	a	1	1	1	2	2	1.0	0.0	NULL	1	NULL	NULL	1	NULL	1	1	1	2	2	0.75	0.3333333333333333	2	3	0.0	0.0	1	0.0	NULL	0.0	0.0	[1,1]	[1]	0.7071067811865476	-1.5
2	a	2	1	1	3	4	1.3333333333333333	0.5773502691896258	NULL	1	NULL	NULL	1	NULL	2	2	2	4	3	1.0	1.0	2	4	0.22222222222222224	0.33333333333333337	2	4.772185885555555E8	1.0	0.5773502691896258	0.4714045207910317	[1,1,2]	[1,2]	1.1539890888012805	-0.6672217220327235
1	b	1	1	1	1	1	1.0	NULL	1	1	1	1	1	1	1	1	1	1	1	0.3333333333333333	0.0	1	1	0.0	NULL	1	NULL	NULL	NULL	0.0	[1]	[1]	NULL	NULL
2	b	2	1	1	2	3	1.5	0.7071067811865476	1	1	1	1	1	1	2	2	2	2	2	0.6666666666666666	0.5	1	2	0.25	0.5	2	0.0	NULL	0.7071067811865476	0.5	[1,2]	[1,2]	0.0	-2.0000000000000013
3	b	3	1	1	3	6	2.0	1.0	1	1	1	1	1	1	3	3	3	3	3	1.0	1.0	2	3	0.6666666666666666	1.0	3	5.3687091175E8	1.0	1.0	0.816496580927726	[1,2,3]	[1,2,3]	0.7057890433107311	-1.4999999999999984


-- !query
SELECT val, cate, avg(null) OVER(PARTITION BY cate ORDER BY val) FROM testData ORDER BY cate, val
-- !query schema
struct<val:int,cate:string,avg(NULL) OVER (PARTITION BY cate ORDER BY val ASC NULLS FIRST RANGE BETWEEN UNBOUNDED PRECEDING AND CURRENT ROW):double>
-- !query output
NULL	NULL	NULL
3	NULL	NULL
NULL	a	NULL
1	a	NULL
1	a	NULL
2	a	NULL
1	b	NULL
2	b	NULL
3	b	NULL


-- !query
SELECT val, cate, row_number() OVER(PARTITION BY cate) FROM testData ORDER BY cate, val
-- !query schema
struct<>
-- !query output
org.apache.spark.sql.AnalysisException
Window function row_number() requires window to be ordered, please add ORDER BY clause. For example SELECT row_number()(value_expr) OVER (PARTITION BY window_partition ORDER BY window_ordering) from table


-- !query
SELECT val, cate, sum(val) OVER(), avg(val) OVER() FROM testData ORDER BY cate, val
-- !query schema
struct<val:int,cate:string,sum(val) OVER (ROWS BETWEEN UNBOUNDED PRECEDING AND UNBOUNDED FOLLOWING):bigint,avg(val) OVER (ROWS BETWEEN UNBOUNDED PRECEDING AND UNBOUNDED FOLLOWING):double>
-- !query output
NULL	NULL	13	1.8571428571428572
3	NULL	13	1.8571428571428572
NULL	a	13	1.8571428571428572
1	a	13	1.8571428571428572
1	a	13	1.8571428571428572
2	a	13	1.8571428571428572
1	b	13	1.8571428571428572
2	b	13	1.8571428571428572
3	b	13	1.8571428571428572


-- !query
SELECT val, cate,
first_value(false) OVER w AS first_value,
first_value(true, true) OVER w AS first_value_ignore_null,
first_value(false, false) OVER w AS first_value_contain_null,
any_value(false) OVER w AS any_value,
any_value(true, true) OVER w AS any_value_ignore_null,
any_value(false, false) OVER w AS any_value_contain_null,
last_value(false) OVER w AS last_value,
last_value(true, true) OVER w AS last_value_ignore_null,
last_value(false, false) OVER w AS last_value_contain_null
FROM testData
WINDOW w AS ()
ORDER BY cate, val
-- !query schema
struct<val:int,cate:string,first_value:boolean,first_value_ignore_null:boolean,first_value_contain_null:boolean,any_value:boolean,any_value_ignore_null:boolean,any_value_contain_null:boolean,last_value:boolean,last_value_ignore_null:boolean,last_value_contain_null:boolean>
-- !query output
NULL	NULL	false	true	false	false	true	false	false	true	false
3	NULL	false	true	false	false	true	false	false	true	false
NULL	a	false	true	false	false	true	false	false	true	false
1	a	false	true	false	false	true	false	false	true	false
1	a	false	true	false	false	true	false	false	true	false
2	a	false	true	false	false	true	false	false	true	false
1	b	false	true	false	false	true	false	false	true	false
2	b	false	true	false	false	true	false	false	true	false
3	b	false	true	false	false	true	false	false	true	false


-- !query
SELECT cate, sum(val) OVER (w)
FROM testData
WHERE val is not null
WINDOW w AS (PARTITION BY cate ORDER BY val)
-- !query schema
struct<cate:string,sum(val) OVER (PARTITION BY cate ORDER BY val ASC NULLS FIRST RANGE BETWEEN UNBOUNDED PRECEDING AND CURRENT ROW):bigint>
-- !query output
NULL	3
a	2
a	2
a	4
b	1
b	3
b	6


-- !query
SELECT val, cate,
count(val) FILTER (WHERE val > 1) OVER(PARTITION BY cate)
FROM testData ORDER BY cate, val
-- !query schema
struct<>
-- !query output
org.apache.spark.sql.AnalysisException
window aggregate function with filter predicate is not supported yet.


-- !query
SELECT
    employee_name,
    salary,
    first_value(employee_name) OVER w highest_salary,
    any_value(employee_name) OVER w highest_salary,
    nth_value(employee_name, 2) OVER w second_highest_salary
FROM
    basic_pays
WINDOW w AS (ORDER BY salary DESC)
ORDER BY salary DESC
-- !query schema
struct<employee_name:string,salary:int,highest_salary:string,highest_salary:string,second_highest_salary:string>
-- !query output
Larry Bott	11798	Larry Bott	Larry Bott	NULL
Gerard Bondur	11472	Larry Bott	Larry Bott	Gerard Bondur
Pamela Castillo	11303	Larry Bott	Larry Bott	Gerard Bondur
Barry Jones	10586	Larry Bott	Larry Bott	Gerard Bondur
George Vanauf	10563	Larry Bott	Larry Bott	Gerard Bondur
Loui Bondur	10449	Larry Bott	Larry Bott	Gerard Bondur
Mary Patterson	9998	Larry Bott	Larry Bott	Gerard Bondur
Steve Patterson	9441	Larry Bott	Larry Bott	Gerard Bondur
Julie Firrelli	9181	Larry Bott	Larry Bott	Gerard Bondur
Jeff Firrelli	8992	Larry Bott	Larry Bott	Gerard Bondur
William Patterson	8870	Larry Bott	Larry Bott	Gerard Bondur
Diane Murphy	8435	Larry Bott	Larry Bott	Gerard Bondur
Leslie Jennings	8113	Larry Bott	Larry Bott	Gerard Bondur
Gerard Hernandez	6949	Larry Bott	Larry Bott	Gerard Bondur
Foon Yue Tseng	6660	Larry Bott	Larry Bott	Gerard Bondur
Anthony Bow	6627	Larry Bott	Larry Bott	Gerard Bondur
Leslie Thompson	5186	Larry Bott	Larry Bott	Gerard Bondur


-- !query
SELECT
    employee_name,
    salary,
    first_value(employee_name) OVER w highest_salary,
    any_value(employee_name) OVER w highest_salary,
    nth_value(employee_name, 2) OVER w second_highest_salary
FROM
    basic_pays
WINDOW w AS (ORDER BY salary DESC RANGE BETWEEN UNBOUNDED PRECEDING AND CURRENT ROW)
ORDER BY salary DESC
-- !query schema
struct<employee_name:string,salary:int,highest_salary:string,highest_salary:string,second_highest_salary:string>
-- !query output
Larry Bott	11798	Larry Bott	Larry Bott	NULL
Gerard Bondur	11472	Larry Bott	Larry Bott	Gerard Bondur
Pamela Castillo	11303	Larry Bott	Larry Bott	Gerard Bondur
Barry Jones	10586	Larry Bott	Larry Bott	Gerard Bondur
George Vanauf	10563	Larry Bott	Larry Bott	Gerard Bondur
Loui Bondur	10449	Larry Bott	Larry Bott	Gerard Bondur
Mary Patterson	9998	Larry Bott	Larry Bott	Gerard Bondur
Steve Patterson	9441	Larry Bott	Larry Bott	Gerard Bondur
Julie Firrelli	9181	Larry Bott	Larry Bott	Gerard Bondur
Jeff Firrelli	8992	Larry Bott	Larry Bott	Gerard Bondur
William Patterson	8870	Larry Bott	Larry Bott	Gerard Bondur
Diane Murphy	8435	Larry Bott	Larry Bott	Gerard Bondur
Leslie Jennings	8113	Larry Bott	Larry Bott	Gerard Bondur
Gerard Hernandez	6949	Larry Bott	Larry Bott	Gerard Bondur
Foon Yue Tseng	6660	Larry Bott	Larry Bott	Gerard Bondur
Anthony Bow	6627	Larry Bott	Larry Bott	Gerard Bondur
Leslie Thompson	5186	Larry Bott	Larry Bott	Gerard Bondur


-- !query
SELECT
    employee_name,
    salary,
    first_value(employee_name) OVER w highest_salary,
    any_value(employee_name) OVER w highest_salary,
    nth_value(employee_name, 2) OVER w second_highest_salary
FROM
    basic_pays
WINDOW w AS (ORDER BY salary DESC ROWS BETWEEN UNBOUNDED PRECEDING AND CURRENT ROW)
ORDER BY salary DESC
-- !query schema
struct<employee_name:string,salary:int,highest_salary:string,highest_salary:string,second_highest_salary:string>
-- !query output
Larry Bott	11798	Larry Bott	Larry Bott	NULL
Gerard Bondur	11472	Larry Bott	Larry Bott	Gerard Bondur
Pamela Castillo	11303	Larry Bott	Larry Bott	Gerard Bondur
Barry Jones	10586	Larry Bott	Larry Bott	Gerard Bondur
George Vanauf	10563	Larry Bott	Larry Bott	Gerard Bondur
Loui Bondur	10449	Larry Bott	Larry Bott	Gerard Bondur
Mary Patterson	9998	Larry Bott	Larry Bott	Gerard Bondur
Steve Patterson	9441	Larry Bott	Larry Bott	Gerard Bondur
Julie Firrelli	9181	Larry Bott	Larry Bott	Gerard Bondur
Jeff Firrelli	8992	Larry Bott	Larry Bott	Gerard Bondur
William Patterson	8870	Larry Bott	Larry Bott	Gerard Bondur
Diane Murphy	8435	Larry Bott	Larry Bott	Gerard Bondur
Leslie Jennings	8113	Larry Bott	Larry Bott	Gerard Bondur
Gerard Hernandez	6949	Larry Bott	Larry Bott	Gerard Bondur
Foon Yue Tseng	6660	Larry Bott	Larry Bott	Gerard Bondur
Anthony Bow	6627	Larry Bott	Larry Bott	Gerard Bondur
Leslie Thompson	5186	Larry Bott	Larry Bott	Gerard Bondur


-- !query
SELECT
    employee_name,
    salary,
    first_value(employee_name) OVER w highest_salary,
    any_value(employee_name) OVER w highest_salary,
    nth_value(employee_name, 2) OVER w second_highest_salary
FROM
    basic_pays
WINDOW w AS (ORDER BY salary RANGE BETWEEN 2000 PRECEDING AND 1000 FOLLOWING)
ORDER BY salary
-- !query schema
struct<employee_name:string,salary:int,highest_salary:string,highest_salary:string,second_highest_salary:string>
-- !query output
Leslie Thompson	5186	Leslie Thompson	Leslie Thompson	NULL
Anthony Bow	6627	Leslie Thompson	Leslie Thompson	Anthony Bow
Foon Yue Tseng	6660	Leslie Thompson	Leslie Thompson	Anthony Bow
Gerard Hernandez	6949	Leslie Thompson	Leslie Thompson	Anthony Bow
Leslie Jennings	8113	Anthony Bow	Anthony Bow	Foon Yue Tseng
Diane Murphy	8435	Anthony Bow	Anthony Bow	Foon Yue Tseng
William Patterson	8870	Gerard Hernandez	Gerard Hernandez	Leslie Jennings
Jeff Firrelli	8992	Leslie Jennings	Leslie Jennings	Diane Murphy
Julie Firrelli	9181	Leslie Jennings	Leslie Jennings	Diane Murphy
Steve Patterson	9441	Leslie Jennings	Leslie Jennings	Diane Murphy
Mary Patterson	9998	Leslie Jennings	Leslie Jennings	Diane Murphy
Loui Bondur	10449	William Patterson	William Patterson	Jeff Firrelli
George Vanauf	10563	William Patterson	William Patterson	Jeff Firrelli
Barry Jones	10586	William Patterson	William Patterson	Jeff Firrelli
Pamela Castillo	11303	Steve Patterson	Steve Patterson	Mary Patterson
Gerard Bondur	11472	Mary Patterson	Mary Patterson	Loui Bondur
Larry Bott	11798	Mary Patterson	Mary Patterson	Loui Bondur


-- !query
SELECT
    employee_name,
    salary,
    first_value(employee_name) OVER w highest_salary,
    any_value(employee_name) OVER w highest_salary,
    nth_value(employee_name, 2) OVER w second_highest_salary
FROM
    basic_pays
WINDOW w AS (ORDER BY salary DESC ROWS BETWEEN 2 PRECEDING AND 2 FOLLOWING)
ORDER BY salary DESC
-- !query schema
struct<employee_name:string,salary:int,highest_salary:string,highest_salary:string,second_highest_salary:string>
-- !query output
Larry Bott	11798	Larry Bott	Larry Bott	Gerard Bondur
Gerard Bondur	11472	Larry Bott	Larry Bott	Gerard Bondur
Pamela Castillo	11303	Larry Bott	Larry Bott	Gerard Bondur
Barry Jones	10586	Gerard Bondur	Gerard Bondur	Pamela Castillo
George Vanauf	10563	Pamela Castillo	Pamela Castillo	Barry Jones
Loui Bondur	10449	Barry Jones	Barry Jones	George Vanauf
Mary Patterson	9998	George Vanauf	George Vanauf	Loui Bondur
Steve Patterson	9441	Loui Bondur	Loui Bondur	Mary Patterson
Julie Firrelli	9181	Mary Patterson	Mary Patterson	Steve Patterson
Jeff Firrelli	8992	Steve Patterson	Steve Patterson	Julie Firrelli
William Patterson	8870	Julie Firrelli	Julie Firrelli	Jeff Firrelli
Diane Murphy	8435	Jeff Firrelli	Jeff Firrelli	William Patterson
Leslie Jennings	8113	William Patterson	William Patterson	Diane Murphy
Gerard Hernandez	6949	Diane Murphy	Diane Murphy	Leslie Jennings
Foon Yue Tseng	6660	Leslie Jennings	Leslie Jennings	Gerard Hernandez
Anthony Bow	6627	Gerard Hernandez	Gerard Hernandez	Foon Yue Tseng
Leslie Thompson	5186	Foon Yue Tseng	Foon Yue Tseng	Anthony Bow


-- !query
SELECT
    employee_name,
    salary,
    first_value(employee_name) OVER w highest_salary,
    any_value(employee_name) OVER w highest_salary,
    nth_value(employee_name, 2) OVER w second_highest_salary
FROM
    basic_pays
WINDOW w AS (ORDER BY salary DESC RANGE BETWEEN CURRENT ROW AND UNBOUNDED FOLLOWING)
ORDER BY salary DESC
-- !query schema
struct<employee_name:string,salary:int,highest_salary:string,highest_salary:string,second_highest_salary:string>
-- !query output
Larry Bott	11798	Larry Bott	Larry Bott	Gerard Bondur
Gerard Bondur	11472	Gerard Bondur	Gerard Bondur	Pamela Castillo
Pamela Castillo	11303	Pamela Castillo	Pamela Castillo	Barry Jones
Barry Jones	10586	Barry Jones	Barry Jones	George Vanauf
George Vanauf	10563	George Vanauf	George Vanauf	Loui Bondur
Loui Bondur	10449	Loui Bondur	Loui Bondur	Mary Patterson
Mary Patterson	9998	Mary Patterson	Mary Patterson	Steve Patterson
Steve Patterson	9441	Steve Patterson	Steve Patterson	Julie Firrelli
Julie Firrelli	9181	Julie Firrelli	Julie Firrelli	Jeff Firrelli
Jeff Firrelli	8992	Jeff Firrelli	Jeff Firrelli	William Patterson
William Patterson	8870	William Patterson	William Patterson	Diane Murphy
Diane Murphy	8435	Diane Murphy	Diane Murphy	Leslie Jennings
Leslie Jennings	8113	Leslie Jennings	Leslie Jennings	Gerard Hernandez
Gerard Hernandez	6949	Gerard Hernandez	Gerard Hernandez	Foon Yue Tseng
Foon Yue Tseng	6660	Foon Yue Tseng	Foon Yue Tseng	Anthony Bow
Anthony Bow	6627	Anthony Bow	Anthony Bow	Leslie Thompson
Leslie Thompson	5186	Leslie Thompson	Leslie Thompson	NULL


-- !query
SELECT
    employee_name,
    salary,
    first_value(employee_name) OVER w highest_salary,
    any_value(employee_name) OVER w highest_salary,
    nth_value(employee_name, 2) OVER w second_highest_salary
FROM
    basic_pays
WINDOW w AS (ORDER BY salary DESC RANGE BETWEEN UNBOUNDED PRECEDING AND UNBOUNDED FOLLOWING)
ORDER BY salary DESC
-- !query schema
struct<employee_name:string,salary:int,highest_salary:string,highest_salary:string,second_highest_salary:string>
-- !query output
Larry Bott	11798	Larry Bott	Larry Bott	Gerard Bondur
Gerard Bondur	11472	Larry Bott	Larry Bott	Gerard Bondur
Pamela Castillo	11303	Larry Bott	Larry Bott	Gerard Bondur
Barry Jones	10586	Larry Bott	Larry Bott	Gerard Bondur
George Vanauf	10563	Larry Bott	Larry Bott	Gerard Bondur
Loui Bondur	10449	Larry Bott	Larry Bott	Gerard Bondur
Mary Patterson	9998	Larry Bott	Larry Bott	Gerard Bondur
Steve Patterson	9441	Larry Bott	Larry Bott	Gerard Bondur
Julie Firrelli	9181	Larry Bott	Larry Bott	Gerard Bondur
Jeff Firrelli	8992	Larry Bott	Larry Bott	Gerard Bondur
William Patterson	8870	Larry Bott	Larry Bott	Gerard Bondur
Diane Murphy	8435	Larry Bott	Larry Bott	Gerard Bondur
Leslie Jennings	8113	Larry Bott	Larry Bott	Gerard Bondur
Gerard Hernandez	6949	Larry Bott	Larry Bott	Gerard Bondur
Foon Yue Tseng	6660	Larry Bott	Larry Bott	Gerard Bondur
Anthony Bow	6627	Larry Bott	Larry Bott	Gerard Bondur
Leslie Thompson	5186	Larry Bott	Larry Bott	Gerard Bondur


-- !query
SELECT
    employee_name,
    salary,
    first_value(employee_name) OVER w highest_salary,
    any_value(employee_name) OVER w highest_salary,
    nth_value(employee_name, 2) OVER w second_highest_salary
FROM
    basic_pays
WINDOW w AS (ORDER BY salary DESC ROWS BETWEEN UNBOUNDED PRECEDING AND UNBOUNDED FOLLOWING)
ORDER BY salary DESC
-- !query schema
struct<employee_name:string,salary:int,highest_salary:string,highest_salary:string,second_highest_salary:string>
-- !query output
Larry Bott	11798	Larry Bott	Larry Bott	Gerard Bondur
Gerard Bondur	11472	Larry Bott	Larry Bott	Gerard Bondur
Pamela Castillo	11303	Larry Bott	Larry Bott	Gerard Bondur
Barry Jones	10586	Larry Bott	Larry Bott	Gerard Bondur
George Vanauf	10563	Larry Bott	Larry Bott	Gerard Bondur
Loui Bondur	10449	Larry Bott	Larry Bott	Gerard Bondur
Mary Patterson	9998	Larry Bott	Larry Bott	Gerard Bondur
Steve Patterson	9441	Larry Bott	Larry Bott	Gerard Bondur
Julie Firrelli	9181	Larry Bott	Larry Bott	Gerard Bondur
Jeff Firrelli	8992	Larry Bott	Larry Bott	Gerard Bondur
William Patterson	8870	Larry Bott	Larry Bott	Gerard Bondur
Diane Murphy	8435	Larry Bott	Larry Bott	Gerard Bondur
Leslie Jennings	8113	Larry Bott	Larry Bott	Gerard Bondur
Gerard Hernandez	6949	Larry Bott	Larry Bott	Gerard Bondur
Foon Yue Tseng	6660	Larry Bott	Larry Bott	Gerard Bondur
Anthony Bow	6627	Larry Bott	Larry Bott	Gerard Bondur
Leslie Thompson	5186	Larry Bott	Larry Bott	Gerard Bondur


-- !query
SELECT
    employee_name,
    salary,
    first_value(employee_name) OVER w highest_salary,
    any_value(employee_name) OVER w highest_salary,
    nth_value(employee_name, 2) OVER w second_highest_salary
FROM
    basic_pays
WINDOW w AS (ORDER BY salary DESC ROWS BETWEEN UNBOUNDED PRECEDING AND 1 FOLLOWING)
ORDER BY salary DESC
-- !query schema
struct<employee_name:string,salary:int,highest_salary:string,highest_salary:string,second_highest_salary:string>
-- !query output
Larry Bott	11798	Larry Bott	Larry Bott	Gerard Bondur
Gerard Bondur	11472	Larry Bott	Larry Bott	Gerard Bondur
Pamela Castillo	11303	Larry Bott	Larry Bott	Gerard Bondur
Barry Jones	10586	Larry Bott	Larry Bott	Gerard Bondur
George Vanauf	10563	Larry Bott	Larry Bott	Gerard Bondur
Loui Bondur	10449	Larry Bott	Larry Bott	Gerard Bondur
Mary Patterson	9998	Larry Bott	Larry Bott	Gerard Bondur
Steve Patterson	9441	Larry Bott	Larry Bott	Gerard Bondur
Julie Firrelli	9181	Larry Bott	Larry Bott	Gerard Bondur
Jeff Firrelli	8992	Larry Bott	Larry Bott	Gerard Bondur
William Patterson	8870	Larry Bott	Larry Bott	Gerard Bondur
Diane Murphy	8435	Larry Bott	Larry Bott	Gerard Bondur
Leslie Jennings	8113	Larry Bott	Larry Bott	Gerard Bondur
Gerard Hernandez	6949	Larry Bott	Larry Bott	Gerard Bondur
Foon Yue Tseng	6660	Larry Bott	Larry Bott	Gerard Bondur
Anthony Bow	6627	Larry Bott	Larry Bott	Gerard Bondur
Leslie Thompson	5186	Larry Bott	Larry Bott	Gerard Bondur


-- !query
SELECT
	employee_name,
	department,
	salary,
	FIRST_VALUE(employee_name) OVER w highest_salary,
	NTH_VALUE(employee_name, 2) OVER w second_highest_salary
FROM
	basic_pays
WINDOW w AS (
  PARTITION BY department
  ORDER BY salary DESC
  RANGE BETWEEN UNBOUNDED PRECEDING AND UNBOUNDED FOLLOWING
)
ORDER BY department
-- !query schema
struct<employee_name:string,department:string,salary:int,highest_salary:string,second_highest_salary:string>
-- !query output
Gerard Bondur	Accounting	11472	Gerard Bondur	Mary Patterson
Mary Patterson	Accounting	9998	Gerard Bondur	Mary Patterson
Jeff Firrelli	Accounting	8992	Gerard Bondur	Mary Patterson
William Patterson	Accounting	8870	Gerard Bondur	Mary Patterson
Diane Murphy	Accounting	8435	Gerard Bondur	Mary Patterson
Anthony Bow	Accounting	6627	Gerard Bondur	Mary Patterson
Leslie Jennings	IT	8113	Leslie Jennings	Leslie Thompson
Leslie Thompson	IT	5186	Leslie Jennings	Leslie Thompson
Larry Bott	SCM	11798	Larry Bott	Pamela Castillo
Pamela Castillo	SCM	11303	Larry Bott	Pamela Castillo
Barry Jones	SCM	10586	Larry Bott	Pamela Castillo
Loui Bondur	SCM	10449	Larry Bott	Pamela Castillo
Gerard Hernandez	SCM	6949	Larry Bott	Pamela Castillo
George Vanauf	Sales	10563	George Vanauf	Steve Patterson
Steve Patterson	Sales	9441	George Vanauf	Steve Patterson
Julie Firrelli	Sales	9181	George Vanauf	Steve Patterson
Foon Yue Tseng	Sales	6660	George Vanauf	Steve Patterson


-- !query
SELECT
    employee_name,
    salary,
    first_value(employee_name) OVER w highest_salary,
    any_value(employee_name) OVER w highest_salary,
    nth_value(employee_name, 2) OVER w second_highest_salary
FROM
    basic_pays
WINDOW
    w AS (ORDER BY salary DESC ROWS BETWEEN UNBOUNDED PRECEDING AND 1 FOLLOWING),
    w AS (ORDER BY salary DESC ROWS BETWEEN UNBOUNDED PRECEDING AND 2 FOLLOWING)
ORDER BY salary DESC
-- !query schema
struct<>
-- !query output
org.apache.spark.sql.catalyst.parser.ParseException

[INVALID_SQL_SYNTAX] Invalid SQL syntax: The definition of window `w` is repetitive.(line 9, pos 0)

== SQL ==
SELECT
    employee_name,
    salary,
    first_value(employee_name) OVER w highest_salary,
    any_value(employee_name) OVER w highest_salary,
    nth_value(employee_name, 2) OVER w second_highest_salary
FROM
    basic_pays
WINDOW
^^^
    w AS (ORDER BY salary DESC ROWS BETWEEN UNBOUNDED PRECEDING AND 1 FOLLOWING),
    w AS (ORDER BY salary DESC ROWS BETWEEN UNBOUNDED PRECEDING AND 2 FOLLOWING)
ORDER BY salary DESC


-- !query
SELECT
    content,
    id,
    v,
    lead(v, 0) IGNORE NULLS OVER w lead_0,
    lead(v, 1) IGNORE NULLS OVER w lead_1,
    lead(v, 2) IGNORE NULLS OVER w lead_2,
    lead(v, 3) IGNORE NULLS OVER w lead_3,
    lag(v, 0) IGNORE NULLS OVER w lag_0,
    lag(v, 1) IGNORE NULLS OVER w lag_1,
    lag(v, 2) IGNORE NULLS OVER w lag_2,
    lag(v, 3) IGNORE NULLS OVER w lag_3,
    nth_value(v, 1) IGNORE NULLS OVER w nth_value_1,
    nth_value(v, 2) IGNORE NULLS OVER w nth_value_2,
    nth_value(v, 3) IGNORE NULLS OVER w nth_value_3,
    first_value(v) IGNORE NULLS OVER w first_value,
    any_value(v) IGNORE NULLS OVER w any_value,
    last_value(v) IGNORE NULLS OVER w last_value
FROM
    test_ignore_null
WINDOW w AS (ORDER BY id)
ORDER BY id
-- !query schema
struct<content:string,id:int,v:string,lead_0:string,lead_1:string,lead_2:string,lead_3:string,lag_0:string,lag_1:string,lag_2:string,lag_3:string,nth_value_1:string,nth_value_2:string,nth_value_3:string,first_value:string,any_value:string,last_value:string>
-- !query output
a	0	NULL	NULL	x	y	z	NULL	NULL	NULL	NULL	NULL	NULL	NULL	NULL	NULL	NULL
a	1	x	x	y	z	v	x	NULL	NULL	NULL	x	NULL	NULL	x	x	x
b	2	NULL	NULL	y	z	v	NULL	x	NULL	NULL	x	NULL	NULL	x	x	x
c	3	NULL	NULL	y	z	v	NULL	x	NULL	NULL	x	NULL	NULL	x	x	x
a	4	y	y	z	v	NULL	y	x	NULL	NULL	x	y	NULL	x	x	y
b	5	NULL	NULL	z	v	NULL	NULL	y	x	NULL	x	y	NULL	x	x	y
a	6	z	z	v	NULL	NULL	z	y	x	NULL	x	y	z	x	x	z
a	7	v	v	NULL	NULL	NULL	v	z	y	x	x	y	z	x	x	v
a	8	NULL	NULL	NULL	NULL	NULL	NULL	v	z	y	x	y	z	x	x	v


-- !query
SELECT
    content,
    id,
    v,
    nth_value(v, 1) IGNORE NULLS OVER w nth_value_1,
    nth_value(v, 2) IGNORE NULLS OVER w nth_value_2,
    nth_value(v, 3) IGNORE NULLS OVER w nth_value_3,
    first_value(v) IGNORE NULLS OVER w first_value,
    any_value(v) IGNORE NULLS OVER w any_value,
    last_value(v) IGNORE NULLS OVER w last_value
FROM
    test_ignore_null
WINDOW w AS (ORDER BY id RANGE BETWEEN UNBOUNDED PRECEDING AND CURRENT ROW)
ORDER BY id
-- !query schema
struct<content:string,id:int,v:string,nth_value_1:string,nth_value_2:string,nth_value_3:string,first_value:string,any_value:string,last_value:string>
-- !query output
a	0	NULL	NULL	NULL	NULL	NULL	NULL	NULL
a	1	x	x	NULL	NULL	x	x	x
b	2	NULL	x	NULL	NULL	x	x	x
c	3	NULL	x	NULL	NULL	x	x	x
a	4	y	x	y	NULL	x	x	y
b	5	NULL	x	y	NULL	x	x	y
a	6	z	x	y	z	x	x	z
a	7	v	x	y	z	x	x	v
a	8	NULL	x	y	z	x	x	v


-- !query
SELECT
    content,
    id,
    v,
    nth_value(v, 1) IGNORE NULLS OVER w nth_value_1,
    nth_value(v, 2) IGNORE NULLS OVER w nth_value_2,
    nth_value(v, 3) IGNORE NULLS OVER w nth_value_3,
    first_value(v) IGNORE NULLS OVER w first_value,
    any_value(v) IGNORE NULLS OVER w any_value,
    last_value(v) IGNORE NULLS OVER w last_value
FROM
    test_ignore_null
WINDOW w AS (ORDER BY id ROWS BETWEEN UNBOUNDED PRECEDING AND CURRENT ROW)
ORDER BY id
-- !query schema
struct<content:string,id:int,v:string,nth_value_1:string,nth_value_2:string,nth_value_3:string,first_value:string,any_value:string,last_value:string>
-- !query output
a	0	NULL	NULL	NULL	NULL	NULL	NULL	NULL
a	1	x	x	NULL	NULL	x	x	x
b	2	NULL	x	NULL	NULL	x	x	x
c	3	NULL	x	NULL	NULL	x	x	x
a	4	y	x	y	NULL	x	x	y
b	5	NULL	x	y	NULL	x	x	y
a	6	z	x	y	z	x	x	z
a	7	v	x	y	z	x	x	v
a	8	NULL	x	y	z	x	x	v


-- !query
SELECT
    content,
    id,
    v,
    nth_value(v, 1) IGNORE NULLS OVER w nth_value_1,
    nth_value(v, 2) IGNORE NULLS OVER w nth_value_2,
    nth_value(v, 3) IGNORE NULLS OVER w nth_value_3,
    first_value(v) IGNORE NULLS OVER w first_value,
    any_value(v) IGNORE NULLS OVER w any_value,
    last_value(v) IGNORE NULLS OVER w last_value
FROM
    test_ignore_null
WINDOW w AS (ORDER BY id RANGE BETWEEN 2 PRECEDING AND 2 FOLLOWING)
ORDER BY id
-- !query schema
struct<content:string,id:int,v:string,nth_value_1:string,nth_value_2:string,nth_value_3:string,first_value:string,any_value:string,last_value:string>
-- !query output
a	0	NULL	x	NULL	NULL	x	x	x
a	1	x	x	NULL	NULL	x	x	x
b	2	NULL	x	y	NULL	x	x	y
c	3	NULL	x	y	NULL	x	x	y
a	4	y	y	z	NULL	y	y	z
b	5	NULL	y	z	v	y	y	v
a	6	z	y	z	v	y	y	v
a	7	v	z	v	NULL	z	z	v
a	8	NULL	z	v	NULL	z	z	v


-- !query
SELECT
    content,
    id,
    v,
    nth_value(v, 1) IGNORE NULLS OVER w nth_value_1,
    nth_value(v, 2) IGNORE NULLS OVER w nth_value_2,
    nth_value(v, 3) IGNORE NULLS OVER w nth_value_3,
    first_value(v) IGNORE NULLS OVER w first_value,
    any_value(v) IGNORE NULLS OVER w any_value,
    last_value(v) IGNORE NULLS OVER w last_value
FROM
    test_ignore_null
WINDOW w AS (ORDER BY id ROWS BETWEEN 2 PRECEDING AND 2 FOLLOWING)
ORDER BY id
-- !query schema
struct<content:string,id:int,v:string,nth_value_1:string,nth_value_2:string,nth_value_3:string,first_value:string,any_value:string,last_value:string>
-- !query output
a	0	NULL	x	NULL	NULL	x	x	x
a	1	x	x	NULL	NULL	x	x	x
b	2	NULL	x	y	NULL	x	x	y
c	3	NULL	x	y	NULL	x	x	y
a	4	y	y	z	NULL	y	y	z
b	5	NULL	y	z	v	y	y	v
a	6	z	y	z	v	y	y	v
a	7	v	z	v	NULL	z	z	v
a	8	NULL	z	v	NULL	z	z	v


-- !query
SELECT
    content,
    id,
    v,
    nth_value(v, 1) IGNORE NULLS OVER w nth_value_1,
    nth_value(v, 2) IGNORE NULLS OVER w nth_value_2,
    nth_value(v, 3) IGNORE NULLS OVER w nth_value_3,
    first_value(v) IGNORE NULLS OVER w first_value,
    any_value(v) IGNORE NULLS OVER w any_value,
    last_value(v) IGNORE NULLS OVER w last_value
FROM
    test_ignore_null
WINDOW w AS (ORDER BY id RANGE BETWEEN CURRENT ROW AND UNBOUNDED FOLLOWING)
ORDER BY id
-- !query schema
struct<content:string,id:int,v:string,nth_value_1:string,nth_value_2:string,nth_value_3:string,first_value:string,any_value:string,last_value:string>
-- !query output
a	0	NULL	x	y	z	x	x	v
a	1	x	x	y	z	x	x	v
b	2	NULL	y	z	v	y	y	v
c	3	NULL	y	z	v	y	y	v
a	4	y	y	z	v	y	y	v
b	5	NULL	z	v	NULL	z	z	v
a	6	z	z	v	NULL	z	z	v
a	7	v	v	NULL	NULL	v	v	v
a	8	NULL	NULL	NULL	NULL	NULL	NULL	NULL


-- !query
SELECT
    content,
    id,
    v,
    nth_value(v, 1) IGNORE NULLS OVER w nth_value_1,
    nth_value(v, 2) IGNORE NULLS OVER w nth_value_2,
    nth_value(v, 3) IGNORE NULLS OVER w nth_value_3,
    first_value(v) IGNORE NULLS OVER w first_value,
    any_value(v) IGNORE NULLS OVER w any_value,
    last_value(v) IGNORE NULLS OVER w last_value
FROM
    test_ignore_null
WINDOW w AS (ORDER BY id RANGE BETWEEN UNBOUNDED PRECEDING AND UNBOUNDED FOLLOWING)
ORDER BY id
-- !query schema
struct<content:string,id:int,v:string,nth_value_1:string,nth_value_2:string,nth_value_3:string,first_value:string,any_value:string,last_value:string>
-- !query output
a	0	NULL	x	y	z	x	x	v
a	1	x	x	y	z	x	x	v
b	2	NULL	x	y	z	x	x	v
c	3	NULL	x	y	z	x	x	v
a	4	y	x	y	z	x	x	v
b	5	NULL	x	y	z	x	x	v
a	6	z	x	y	z	x	x	v
a	7	v	x	y	z	x	x	v
a	8	NULL	x	y	z	x	x	v


-- !query
SELECT
    content,
    id,
    v,
    nth_value(v, 1) IGNORE NULLS OVER w nth_value_1,
    nth_value(v, 2) IGNORE NULLS OVER w nth_value_2,
    nth_value(v, 3) IGNORE NULLS OVER w nth_value_3,
    first_value(v) IGNORE NULLS OVER w first_value,
    any_value(v) IGNORE NULLS OVER w any_value,
    last_value(v) IGNORE NULLS OVER w last_value
FROM
    test_ignore_null
WINDOW w AS (ORDER BY id ROWS BETWEEN UNBOUNDED PRECEDING AND UNBOUNDED FOLLOWING)
ORDER BY id
-- !query schema
struct<content:string,id:int,v:string,nth_value_1:string,nth_value_2:string,nth_value_3:string,first_value:string,any_value:string,last_value:string>
-- !query output
a	0	NULL	x	y	z	x	x	v
a	1	x	x	y	z	x	x	v
b	2	NULL	x	y	z	x	x	v
c	3	NULL	x	y	z	x	x	v
a	4	y	x	y	z	x	x	v
b	5	NULL	x	y	z	x	x	v
a	6	z	x	y	z	x	x	v
a	7	v	x	y	z	x	x	v
a	8	NULL	x	y	z	x	x	v


-- !query
SELECT
    content,
    id,
    v,
    nth_value(v, 1) IGNORE NULLS OVER w nth_value_1,
    nth_value(v, 2) IGNORE NULLS OVER w nth_value_2,
    nth_value(v, 3) IGNORE NULLS OVER w nth_value_3,
    first_value(v) IGNORE NULLS OVER w first_value,
    any_value(v) IGNORE NULLS OVER w any_value,
    last_value(v) IGNORE NULLS OVER w last_value
FROM
    test_ignore_null
WINDOW w AS (ORDER BY id ROWS BETWEEN UNBOUNDED PRECEDING AND 1 FOLLOWING)
ORDER BY id
-- !query schema
struct<content:string,id:int,v:string,nth_value_1:string,nth_value_2:string,nth_value_3:string,first_value:string,any_value:string,last_value:string>
-- !query output
a	0	NULL	x	NULL	NULL	x	x	x
a	1	x	x	NULL	NULL	x	x	x
b	2	NULL	x	NULL	NULL	x	x	x
c	3	NULL	x	y	NULL	x	x	y
a	4	y	x	y	NULL	x	x	y
b	5	NULL	x	y	z	x	x	z
a	6	z	x	y	z	x	x	v
a	7	v	x	y	z	x	x	v
a	8	NULL	x	y	z	x	x	v


-- !query
SELECT
	nth_value(employee_name, 2) OVER w second_highest_salary
FROM
	basic_pays
-- !query schema
struct<>
-- !query output
org.apache.spark.sql.AnalysisException
Window specification w is not defined in the WINDOW clause.


-- !query
SELECT
	SUM(salary) OVER w sum_salary
FROM
	basic_pays
-- !query schema
struct<>
-- !query output
org.apache.spark.sql.AnalysisException
Window specification w is not defined in the WINDOW clause.


-- !query
SELECT
    employee_name,
    department,
    salary,
    percentile_cont(0.25) WITHIN GROUP (ORDER BY salary) OVER (PARTITION BY department),
    percentile_disc(0.25) WITHIN GROUP (ORDER BY salary) OVER (PARTITION BY department),
    percentile_cont(0.25) WITHIN GROUP (ORDER BY salary DESC) OVER (PARTITION BY department),
    percentile_disc(0.25) WITHIN GROUP (ORDER BY salary DESC) OVER (PARTITION BY department)
FROM basic_pays
ORDER BY salary
-- !query schema
struct<employee_name:string,department:string,salary:int,percentile_cont(0.25) WITHIN GROUP (ORDER BY v) OVER (PARTITION BY department ROWS BETWEEN UNBOUNDED PRECEDING AND UNBOUNDED FOLLOWING):double,percentile_disc(0.25) WITHIN GROUP (ORDER BY v) OVER (PARTITION BY department ROWS BETWEEN UNBOUNDED PRECEDING AND UNBOUNDED FOLLOWING):double,percentile_cont(0.25) WITHIN GROUP (ORDER BY v DESC) OVER (PARTITION BY department ROWS BETWEEN UNBOUNDED PRECEDING AND UNBOUNDED FOLLOWING):double,percentile_disc(0.25) WITHIN GROUP (ORDER BY v DESC) OVER (PARTITION BY department ROWS BETWEEN UNBOUNDED PRECEDING AND UNBOUNDED FOLLOWING):double>
-- !query output
Leslie Thompson	IT	5186	5917.75	5186.0	7381.25	8113.0
Anthony Bow	Accounting	6627	8543.75	8435.0	9746.5	9998.0
Foon Yue Tseng	Sales	6660	8550.75	6660.0	9721.5	10563.0
Gerard Hernandez	SCM	6949	10449.0	10449.0	11303.0	11303.0
Leslie Jennings	IT	8113	5917.75	5186.0	7381.25	8113.0
Diane Murphy	Accounting	8435	8543.75	8435.0	9746.5	9998.0
William Patterson	Accounting	8870	8543.75	8435.0	9746.5	9998.0
Jeff Firrelli	Accounting	8992	8543.75	8435.0	9746.5	9998.0
Julie Firrelli	Sales	9181	8550.75	6660.0	9721.5	10563.0
Steve Patterson	Sales	9441	8550.75	6660.0	9721.5	10563.0
Mary Patterson	Accounting	9998	8543.75	8435.0	9746.5	9998.0
Loui Bondur	SCM	10449	10449.0	10449.0	11303.0	11303.0
George Vanauf	Sales	10563	8550.75	6660.0	9721.5	10563.0
Barry Jones	SCM	10586	10449.0	10449.0	11303.0	11303.0
Pamela Castillo	SCM	11303	10449.0	10449.0	11303.0	11303.0
Gerard Bondur	Accounting	11472	8543.75	8435.0	9746.5	9998.0
Larry Bott	SCM	11798	10449.0	10449.0	11303.0	11303.0


-- !query
SELECT
    employee_name,
    department,
    salary,
    percentile_cont(0.25) WITHIN GROUP (ORDER BY salary) OVER (PARTITION BY department ORDER BY salary),
    percentile_cont(0.25) WITHIN GROUP (ORDER BY salary DESC) OVER (PARTITION BY department ORDER BY salary)
FROM basic_pays
ORDER BY salary
-- !query schema
struct<>
-- !query output
org.apache.spark.sql.AnalysisException
Cannot specify order by or frame for 'percentile_cont'.


-- !query
SELECT
    employee_name,
    department,
    salary,
    percentile_disc(0.25) WITHIN GROUP (ORDER BY salary) OVER (PARTITION BY department ORDER BY salary),
    percentile_disc(0.25) WITHIN GROUP (ORDER BY salary DESC) OVER (PARTITION BY department ORDER BY salary)
FROM basic_pays
ORDER BY salary
-- !query schema
struct<>
-- !query output
org.apache.spark.sql.AnalysisException
Cannot specify order by or frame for 'percentile_disc'.


-- !query
SELECT
    employee_name,
    department,
    salary,
    percentile_cont(0.25) WITHIN GROUP (ORDER BY salary) OVER (PARTITION BY department ROWS BETWEEN UNBOUNDED PRECEDING AND 1 FOLLOWING),
    percentile_cont(0.25) WITHIN GROUP (ORDER BY salary DESC) OVER (PARTITION BY department ROWS BETWEEN UNBOUNDED PRECEDING AND 1 FOLLOWING)
FROM basic_pays
ORDER BY salary
-- !query schema
struct<>
-- !query output
org.apache.spark.sql.AnalysisException
Cannot specify order by or frame for 'percentile_cont'.


-- !query
SELECT
    employee_name,
    department,
    salary,
    percentile_disc(0.25) WITHIN GROUP (ORDER BY salary) OVER (PARTITION BY department ROWS BETWEEN UNBOUNDED PRECEDING AND 1 FOLLOWING),
    percentile_disc(0.25) WITHIN GROUP (ORDER BY salary DESC) OVER (PARTITION BY department ROWS BETWEEN UNBOUNDED PRECEDING AND 1 FOLLOWING)
FROM basic_pays
ORDER BY salary
-- !query schema
struct<>
-- !query output
org.apache.spark.sql.AnalysisException
Cannot specify order by or frame for 'percentile_disc'.


-- !query
SELECT
    employee_name,
    department,
    salary,
    percentile_cont(0.25) WITHIN GROUP (ORDER BY salary) OVER w,
    percentile_disc(0.25) WITHIN GROUP (ORDER BY salary) OVER w,
    percentile_cont(0.25) WITHIN GROUP (ORDER BY salary DESC) OVER w,
    percentile_disc(0.25) WITHIN GROUP (ORDER BY salary DESC) OVER w
FROM basic_pays
WINDOW w AS (PARTITION BY department)
ORDER BY salary
-- !query schema
struct<employee_name:string,department:string,salary:int,percentile_cont(0.25) WITHIN GROUP (ORDER BY v) OVER (PARTITION BY department ROWS BETWEEN UNBOUNDED PRECEDING AND UNBOUNDED FOLLOWING):double,percentile_disc(0.25) WITHIN GROUP (ORDER BY v) OVER (PARTITION BY department ROWS BETWEEN UNBOUNDED PRECEDING AND UNBOUNDED FOLLOWING):double,percentile_cont(0.25) WITHIN GROUP (ORDER BY v DESC) OVER (PARTITION BY department ROWS BETWEEN UNBOUNDED PRECEDING AND UNBOUNDED FOLLOWING):double,percentile_disc(0.25) WITHIN GROUP (ORDER BY v DESC) OVER (PARTITION BY department ROWS BETWEEN UNBOUNDED PRECEDING AND UNBOUNDED FOLLOWING):double>
-- !query output
Leslie Thompson	IT	5186	5917.75	5186.0	7381.25	8113.0
Anthony Bow	Accounting	6627	8543.75	8435.0	9746.5	9998.0
Foon Yue Tseng	Sales	6660	8550.75	6660.0	9721.5	10563.0
Gerard Hernandez	SCM	6949	10449.0	10449.0	11303.0	11303.0
Leslie Jennings	IT	8113	5917.75	5186.0	7381.25	8113.0
Diane Murphy	Accounting	8435	8543.75	8435.0	9746.5	9998.0
William Patterson	Accounting	8870	8543.75	8435.0	9746.5	9998.0
Jeff Firrelli	Accounting	8992	8543.75	8435.0	9746.5	9998.0
Julie Firrelli	Sales	9181	8550.75	6660.0	9721.5	10563.0
Steve Patterson	Sales	9441	8550.75	6660.0	9721.5	10563.0
Mary Patterson	Accounting	9998	8543.75	8435.0	9746.5	9998.0
Loui Bondur	SCM	10449	10449.0	10449.0	11303.0	11303.0
George Vanauf	Sales	10563	8550.75	6660.0	9721.5	10563.0
Barry Jones	SCM	10586	10449.0	10449.0	11303.0	11303.0
Pamela Castillo	SCM	11303	10449.0	10449.0	11303.0	11303.0
Gerard Bondur	Accounting	11472	8543.75	8435.0	9746.5	9998.0
Larry Bott	SCM	11798	10449.0	10449.0	11303.0	11303.0


-- !query
SELECT
    employee_name,
    department,
    salary,
    percentile_cont(0.5) WITHIN GROUP (ORDER BY salary) OVER w,
    percentile_disc(0.5) WITHIN GROUP (ORDER BY salary) OVER w,
    percentile_cont(0.5) WITHIN GROUP (ORDER BY salary DESC) OVER w,
    percentile_disc(0.5) WITHIN GROUP (ORDER BY salary DESC) OVER w
FROM basic_pays
WHERE salary > 8900
WINDOW w AS (PARTITION BY department)
ORDER BY salary
-- !query schema
struct<employee_name:string,department:string,salary:int,percentile_cont(0.5) WITHIN GROUP (ORDER BY v) OVER (PARTITION BY department ROWS BETWEEN UNBOUNDED PRECEDING AND UNBOUNDED FOLLOWING):double,percentile_disc(0.5) WITHIN GROUP (ORDER BY v) OVER (PARTITION BY department ROWS BETWEEN UNBOUNDED PRECEDING AND UNBOUNDED FOLLOWING):double,percentile_cont(0.5) WITHIN GROUP (ORDER BY v DESC) OVER (PARTITION BY department ROWS BETWEEN UNBOUNDED PRECEDING AND UNBOUNDED FOLLOWING):double,percentile_disc(0.5) WITHIN GROUP (ORDER BY v DESC) OVER (PARTITION BY department ROWS BETWEEN UNBOUNDED PRECEDING AND UNBOUNDED FOLLOWING):double>
-- !query output
Jeff Firrelli	Accounting	8992	9998.0	9998.0	9998.0	9998.0
Julie Firrelli	Sales	9181	9441.0	9441.0	9441.0	9441.0
Steve Patterson	Sales	9441	9441.0	9441.0	9441.0	9441.0
Mary Patterson	Accounting	9998	9998.0	9998.0	9998.0	9998.0
Loui Bondur	SCM	10449	10944.5	10586.0	10944.5	11303.0
George Vanauf	Sales	10563	9441.0	9441.0	9441.0	9441.0
Barry Jones	SCM	10586	10944.5	10586.0	10944.5	11303.0
Pamela Castillo	SCM	11303	10944.5	10586.0	10944.5	11303.0
Gerard Bondur	Accounting	11472	9998.0	9998.0	9998.0	9998.0
Larry Bott	SCM	11798	10944.5	10586.0	10944.5	11303.0


-- !query
SELECT
    employee_name,
    department,
    salary,
    percentile_cont(0.25) WITHIN GROUP (ORDER BY salary) OVER w,
    percentile_cont(0.25) WITHIN GROUP (ORDER BY salary DESC) OVER w
FROM basic_pays
WINDOW w AS (PARTITION BY department ORDER BY salary)
ORDER BY salary
-- !query schema
struct<>
-- !query output
org.apache.spark.sql.AnalysisException
Cannot specify order by or frame for 'percentile_cont'.


-- !query
SELECT
    employee_name,
    department,
    salary,
    percentile_disc(0.25) WITHIN GROUP (ORDER BY salary) OVER w,
    percentile_disc(0.25) WITHIN GROUP (ORDER BY salary DESC) OVER w
FROM basic_pays
WINDOW w AS (PARTITION BY department ORDER BY salary)
ORDER BY salary
-- !query schema
struct<>
-- !query output
org.apache.spark.sql.AnalysisException
Cannot specify order by or frame for 'percentile_disc'.


-- !query
SELECT
    employee_name,
    department,
    salary,
    percentile_cont(0.25) WITHIN GROUP (ORDER BY salary) OVER w,
    percentile_cont(0.25) WITHIN GROUP (ORDER BY salary DESC) OVER w
FROM basic_pays
WINDOW w AS (PARTITION BY department ROWS BETWEEN UNBOUNDED PRECEDING AND 1 FOLLOWING)
ORDER BY salary
-- !query schema
struct<>
-- !query output
org.apache.spark.sql.AnalysisException
Cannot specify order by or frame for 'percentile_cont'.


-- !query
SELECT
    employee_name,
    department,
    salary,
    percentile_disc(0.25) WITHIN GROUP (ORDER BY salary) OVER w,
    percentile_disc(0.25) WITHIN GROUP (ORDER BY salary DESC) OVER w
FROM basic_pays
WINDOW w AS (PARTITION BY department ROWS BETWEEN UNBOUNDED PRECEDING AND 1 FOLLOWING)
ORDER BY salary
-- !query schema
struct<>
-- !query output
org.apache.spark.sql.AnalysisException
Cannot specify order by or frame for 'percentile_disc'.
