-- Automatically generated by SQLQueryTestSuite
-- !query
CREATE TEMPORARY VIEW t1 AS SELECT * FROM VALUES
  (1, 2, 3)
AS t1(t1a, t1b, t1c)
-- !query schema
struct<>
-- !query output



-- !query
CREATE TEMPORARY VIEW t2 AS SELECT * FROM VALUES
  (1, 0, 1)
AS t2(t2a, t2b, t2c)
-- !query schema
struct<>
-- !query output



-- !query
CREATE TEMPORARY VIEW t3 AS SELECT * FROM VALUES
  (3, 1, 2)
AS t3(t3a, t3b, t3c)
-- !query schema
struct<>
-- !query output



-- !query
CREATE TEMPORARY VIEW t4 AS SELECT * FROM VALUES
  (CAST(1 AS DOUBLE), CAST(2 AS STRING), CAST(3 AS STRING))
AS t1(t4a, t4b, t4c)
-- !query schema
struct<>
-- !query output



-- !query
CREATE TEMPORARY VIEW t5 AS SELECT * FROM VALUES
  (CAST('2011-01-01 01:01:01' AS TIMESTAMP), CAST(2 AS STRING), CAST(3 AS BIGINT))
AS t1(t5a, t5b, t5c)
-- !query schema
struct<>
-- !query output



-- !query
SELECT 
  ( SELECT max(t2b), min(t2b) 
    FROM t2 
    WHERE t2.t2b = t1.t1b
    GROUP BY t2.t2b
  )
FROM t1
-- !query schema
struct<>
-- !query output
org.apache.spark.sql.AnalysisException
Scalar subquery must return only one column, but got 2


-- !query
SELECT 
  ( SELECT max(t2b), min(t2b) 
    FROM t2 
    WHERE t2.t2b > 0
    GROUP BY t2.t2b
  )
FROM t1
-- !query schema
struct<>
-- !query output
org.apache.spark.sql.AnalysisException
Scalar subquery must return only one column, but got 2


-- !query
SELECT * FROM t1
WHERE
t1a IN (SELECT t2a, t2b 
        FROM t2
        WHERE t1a = t2a)
-- !query schema
struct<>
-- !query output
org.apache.spark.sql.AnalysisException
cannot resolve '(t1.t1a IN (listquery(t1.t1a)))' due to data type mismatch: 
The number of columns in the left hand side of an IN subquery does not match the
number of columns in the output of subquery.
#columns in left hand side: 1.
#columns in right hand side: 2.
Left side columns:
[t1.t1a].
Right side columns:
[t2.t2a, t2.t2b].; line 3 pos 4


-- !query
SELECT * FROM T1 
WHERE
(t1a, t1b) IN (SELECT t2a
               FROM t2
               WHERE t1a = t2a)
-- !query schema
struct<>
-- !query output
org.apache.spark.sql.AnalysisException
cannot resolve '(named_struct('t1a', t1.t1a, 't1b', t1.t1b) IN (listquery(t1.t1a)))' due to data type mismatch: 
The number of columns in the left hand side of an IN subquery does not match the
number of columns in the output of subquery.
#columns in left hand side: 2.
#columns in right hand side: 1.
Left side columns:
[t1.t1a, t1.t1b].
Right side columns:
[t2.t2a].; line 3 pos 11


-- !query
SELECT * FROM t4
WHERE
(t4a, t4b, t4c) IN (SELECT t5a,
                           t5b,
                           t5c
                    FROM t5)
-- !query schema
struct<>
-- !query output
org.apache.spark.sql.AnalysisException
cannot resolve '(named_struct('t4a', t4.t4a, 't4b', t4.t4b, 't4c', t4.t4c) IN (listquery()))' due to data type mismatch: 
The data type of one or more elements in the left hand side of an IN subquery
is not compatible with the data type of the output of the subquery
Mismatched columns:
[(t4.t4a:double, t5.t5a:timestamp), (t4.t4c:string, t5.t5c:bigint)]
Left side:
[double, string, string].
Right side:
[timestamp, string, bigint].; line 3 pos 16
