-- Automatically generated by SQLQueryTestSuite
-- !query
CREATE TEMPORARY VIEW t1 AS SELECT * FROM VALUES
  (1, 2, 3)
AS t1(t1a, t1b, t1c)
-- !query schema
struct<>
-- !query output



-- !query
CREATE TEMPORARY VIEW t2 AS SELECT * FROM VALUES
  (1, 0, 1)
AS t2(t2a, t2b, t2c)
-- !query schema
struct<>
-- !query output



-- !query
CREATE TEMPORARY VIEW t3 AS SELECT * FROM VALUES
  (3, 1, 2)
AS t3(t3a, t3b, t3c)
-- !query schema
struct<>
-- !query output



-- !query
CREATE TEMPORARY VIEW t4 AS SELECT * FROM VALUES
  (CAST(1 AS DOUBLE), CAST(2 AS STRING), CAST(3 AS STRING))
AS t1(t4a, t4b, t4c)
-- !query schema
struct<>
-- !query output



-- !query
CREATE TEMPORARY VIEW t5 AS SELECT * FROM VALUES
  (CAST('2011-01-01 01:01:01' AS TIMESTAMP), CAST(2 AS STRING), CAST(3 AS BIGINT))
AS t1(t5a, t5b, t5c)
-- !query schema
struct<>
-- !query output



-- !query
SELECT 
  ( SELECT max(t2b), min(t2b) 
    FROM t2 
    WHERE t2.t2b = t1.t1b
    GROUP BY t2.t2b
  )
FROM t1
-- !query schema
struct<>
-- !query output
org.apache.spark.sql.catalyst.ExtendedAnalysisException
{
  "errorClass" : "INVALID_SUBQUERY_EXPRESSION.SCALAR_SUBQUERY_RETURN_MORE_THAN_ONE_OUTPUT_COLUMN",
  "sqlState" : "42823",
  "messageParameters" : {
    "number" : "2"
  },
  "queryContext" : [ {
    "objectType" : "",
    "objectName" : "",
    "startIndex" : 11,
    "stopIndex" : 101,
    "fragment" : "( SELECT max(t2b), min(t2b) \n    FROM t2 \n    WHERE t2.t2b = t1.t1b\n    GROUP BY t2.t2b\n  )"
  } ]
}


-- !query
SELECT 
  ( SELECT max(t2b), min(t2b) 
    FROM t2 
    WHERE t2.t2b > 0
    GROUP BY t2.t2b
  )
FROM t1
-- !query schema
struct<>
-- !query output
org.apache.spark.sql.catalyst.ExtendedAnalysisException
{
  "errorClass" : "INVALID_SUBQUERY_EXPRESSION.SCALAR_SUBQUERY_RETURN_MORE_THAN_ONE_OUTPUT_COLUMN",
  "sqlState" : "42823",
  "messageParameters" : {
    "number" : "2"
  },
  "queryContext" : [ {
    "objectType" : "",
    "objectName" : "",
    "startIndex" : 11,
    "stopIndex" : 96,
    "fragment" : "( SELECT max(t2b), min(t2b) \n    FROM t2 \n    WHERE t2.t2b > 0\n    GROUP BY t2.t2b\n  )"
  } ]
}


-- !query
SELECT * FROM t1
WHERE
t1a IN (SELECT t2a, t2b 
        FROM t2
        WHERE t1a = t2a)
-- !query schema
struct<>
-- !query output
org.apache.spark.sql.catalyst.ExtendedAnalysisException
{
  "errorClass" : "DATATYPE_MISMATCH.IN_SUBQUERY_LENGTH_MISMATCH",
  "sqlState" : "42K09",
  "messageParameters" : {
    "leftColumns" : "\"t1a\"",
    "leftLength" : "1",
    "rightColumns" : "\"t2a\", \"t2b\"",
    "rightLength" : "2",
    "sqlExpr" : "\"(t1a IN (listquery(t1a)))\""
  },
  "queryContext" : [ {
    "objectType" : "",
    "objectName" : "",
    "startIndex" : 28,
    "stopIndex" : 88,
    "fragment" : "IN (SELECT t2a, t2b \n        FROM t2\n        WHERE t1a = t2a)"
  } ]
}


-- !query
SELECT * FROM T1 
WHERE
(t1a, t1b) IN (SELECT t2a
               FROM t2
               WHERE t1a = t2a)
-- !query schema
struct<>
-- !query output
org.apache.spark.sql.catalyst.ExtendedAnalysisException
{
  "errorClass" : "DATATYPE_MISMATCH.IN_SUBQUERY_LENGTH_MISMATCH",
  "sqlState" : "42K09",
  "messageParameters" : {
    "leftColumns" : "\"t1a\", \"t1b\"",
    "leftLength" : "2",
    "rightColumns" : "\"t2a\"",
    "rightLength" : "1",
    "sqlExpr" : "\"(named_struct('t1a', t1a, 't1b', t1b) IN (listquery(t1a)))\""
  },
  "queryContext" : [ {
    "objectType" : "",
    "objectName" : "",
    "startIndex" : 36,
    "stopIndex" : 104,
    "fragment" : "IN (SELECT t2a\n               FROM t2\n               WHERE t1a = t2a)"
  } ]
}


-- !query
SELECT * FROM t4
WHERE
(t4a, t4b, t4c) IN (SELECT t5a,
                           t5b,
                           t5c
                    FROM t5)
-- !query schema
struct<>
-- !query output
org.apache.spark.sql.catalyst.ExtendedAnalysisException
{
  "errorClass" : "DATATYPE_MISMATCH.IN_SUBQUERY_DATA_TYPE_MISMATCH",
  "sqlState" : "42K09",
  "messageParameters" : {
    "leftType" : "\"DOUBLE\", \"STRING\", \"STRING\"",
    "mismatchedColumns" : "(t4.t4a:double, t5.t5a:timestamp), (t4.t4c:string, t5.t5c:bigint)",
    "rightType" : "\"TIMESTAMP\", \"STRING\", \"BIGINT\"",
    "sqlExpr" : "\"(named_struct('t4a', t4a, 't4b', t4b, 't4c', t4c) IN (listquery()))\""
  },
  "queryContext" : [ {
    "objectType" : "",
    "objectName" : "",
    "startIndex" : 40,
    "stopIndex" : 146,
    "fragment" : "IN (SELECT t5a,\n                           t5b,\n                           t5c\n                    FROM t5)"
  } ]
}
