-- Automatically generated by SQLQueryTestSuite
-- !query
CREATE OR REPLACE TEMPORARY VIEW p AS VALUES (1, 1) AS T(pk, pv)
-- !query schema
struct<>
-- !query output



-- !query
CREATE OR REPLACE TEMPORARY VIEW c AS VALUES (1, 1) AS T(ck, cv)
-- !query schema
struct<>
-- !query output



-- !query
SELECT pk, cv
FROM   p, c
WHERE  p.pk = c.ck
AND    c.cv = (SELECT avg(c1.cv)
               FROM   c c1
               WHERE  c1.ck = p.pk)
-- !query schema
struct<pk:int,cv:int>
-- !query output
1	1


-- !query
SELECT pk, cv
FROM   p, c
WHERE  p.pk = c.ck
AND    c.cv = (SELECT max(avg)
               FROM   (SELECT   c1.cv, avg(c1.cv) avg
                       FROM     c c1
                       WHERE    c1.ck = p.pk
                       GROUP BY c1.cv))
-- !query schema
struct<pk:int,cv:int>
-- !query output
1	1


-- !query
create temporary view t1 as select * from values
  ('val1a', 6S, 8, 10L, float(15.0), 20D, 20E2BD, timestamp '2014-04-04 00:00:00.000', date '2014-04-04'),
  ('val1b', 8S, 16, 19L, float(17.0), 25D, 26E2BD, timestamp '2014-05-04 01:01:00.000', date '2014-05-04'),
  ('val1a', 16S, 12, 21L, float(15.0), 20D, 20E2BD, timestamp '2014-06-04 01:02:00.001', date '2014-06-04'),
  ('val1a', 16S, 12, 10L, float(15.0), 20D, 20E2BD, timestamp '2014-07-04 01:01:00.000', date '2014-07-04'),
  ('val1c', 8S, 16, 19L, float(17.0), 25D, 26E2BD, timestamp '2014-05-04 01:02:00.001', date '2014-05-05'),
  ('val1d', null, 16, 22L, float(17.0), 25D, 26E2BD, timestamp '2014-06-04 01:01:00.000', null),
  ('val1d', null, 16, 19L, float(17.0), 25D, 26E2BD, timestamp '2014-07-04 01:02:00.001', null),
  ('val1e', 10S, null, 25L, float(17.0), 25D, 26E2BD, timestamp '2014-08-04 01:01:00.000', date '2014-08-04'),
  ('val1e', 10S, null, 19L, float(17.0), 25D, 26E2BD, timestamp '2014-09-04 01:02:00.001', date '2014-09-04'),
  ('val1d', 10S, null, 12L, float(17.0), 25D, 26E2BD, timestamp '2015-05-04 01:01:00.000', date '2015-05-04'),
  ('val1a', 6S, 8, 10L, float(15.0), 20D, 20E2BD, timestamp '2014-04-04 01:02:00.001', date '2014-04-04'),
  ('val1e', 10S, null, 19L, float(17.0), 25D, 26E2BD, timestamp '2014-05-04 01:01:00.000', date '2014-05-04')
  as t1(t1a, t1b, t1c, t1d, t1e, t1f, t1g, t1h, t1i)
-- !query schema
struct<>
-- !query output



-- !query
create temporary view t2 as select * from values
  ('val2a', 6S, 12, 14L, float(15), 20D, 20E2BD, timestamp '2014-04-04 01:01:00.000', date '2014-04-04'),
  ('val1b', 10S, 12, 19L, float(17), 25D, 26E2BD, timestamp '2014-05-04 01:01:00.000', date '2014-05-04'),
  ('val1b', 8S, 16, 119L, float(17), 25D, 26E2BD, timestamp '2015-05-04 01:01:00.000', date '2015-05-04'),
  ('val1c', 12S, 16, 219L, float(17), 25D, 26E2BD, timestamp '2016-05-04 01:01:00.000', date '2016-05-04'),
  ('val1b', null, 16, 319L, float(17), 25D, 26E2BD, timestamp '2017-05-04 01:01:00.000', null),
  ('val2e', 8S, null, 419L, float(17), 25D, 26E2BD, timestamp '2014-06-04 01:01:00.000', date '2014-06-04'),
  ('val1f', 19S, null, 519L, float(17), 25D, 26E2BD, timestamp '2014-05-04 01:01:00.000', date '2014-05-04'),
  ('val1b', 10S, 12, 19L, float(17), 25D, 26E2BD, timestamp '2014-06-04 01:01:00.000', date '2014-06-04'),
  ('val1b', 8S, 16, 19L, float(17), 25D, 26E2BD, timestamp '2014-07-04 01:01:00.000', date '2014-07-04'),
  ('val1c', 12S, 16, 19L, float(17), 25D, 26E2BD, timestamp '2014-08-04 01:01:00.000', date '2014-08-05'),
  ('val1e', 8S, null, 19L, float(17), 25D, 26E2BD, timestamp '2014-09-04 01:01:00.000', date '2014-09-04'),
  ('val1f', 19S, null, 19L, float(17), 25D, 26E2BD, timestamp '2014-10-04 01:01:00.000', date '2014-10-04'),
  ('val1b', null, 16, 19L, float(17), 25D, 26E2BD, timestamp '2014-05-04 01:01:00.000', null)
  as t2(t2a, t2b, t2c, t2d, t2e, t2f, t2g, t2h, t2i)
-- !query schema
struct<>
-- !query output



-- !query
create temporary view t3 as select * from values
  ('val3a', 6S, 12, 110L, float(15), 20D, 20E2BD, timestamp '2014-04-04 01:02:00.000', date '2014-04-04'),
  ('val3a', 6S, 12, 10L, float(15), 20D, 20E2BD, timestamp '2014-05-04 01:02:00.000', date '2014-05-04'),
  ('val1b', 10S, 12, 219L, float(17), 25D, 26E2BD, timestamp '2014-05-04 01:02:00.000', date '2014-05-04'),
  ('val1b', 10S, 12, 19L, float(17), 25D, 26E2BD, timestamp '2014-05-04 01:02:00.000', date '2014-05-04'),
  ('val1b', 8S, 16, 319L, float(17), 25D, 26E2BD, timestamp '2014-06-04 01:02:00.000', date '2014-06-04'),
  ('val1b', 8S, 16, 19L, float(17), 25D, 26E2BD, timestamp '2014-07-04 01:02:00.000', date '2014-07-04'),
  ('val3c', 17S, 16, 519L, float(17), 25D, 26E2BD, timestamp '2014-08-04 01:02:00.000', date '2014-08-04'),
  ('val3c', 17S, 16, 19L, float(17), 25D, 26E2BD, timestamp '2014-09-04 01:02:00.000', date '2014-09-05'),
  ('val1b', null, 16, 419L, float(17), 25D, 26E2BD, timestamp '2014-10-04 01:02:00.000', null),
  ('val1b', null, 16, 19L, float(17), 25D, 26E2BD, timestamp '2014-11-04 01:02:00.000', null),
  ('val3b', 8S, null, 719L, float(17), 25D, 26E2BD, timestamp '2014-05-04 01:02:00.000', date '2014-05-04'),
  ('val3b', 8S, null, 19L, float(17), 25D, 26E2BD, timestamp '2015-05-04 01:02:00.000', date '2015-05-04')
  as t3(t3a, t3b, t3c, t3d, t3e, t3f, t3g, t3h, t3i)
-- !query schema
struct<>
-- !query output



-- !query
SELECT t1a, t1b
FROM   t1
WHERE  t1c = (SELECT max(t2c)
              FROM   t2)
-- !query schema
struct<t1a:string,t1b:smallint>
-- !query output
val1b	8
val1c	8
val1d	NULL
val1d	NULL


-- !query
SELECT t1a, t1d, t1f
FROM   t1
WHERE  t1c = (SELECT max(t2c)
              FROM   t2)
AND    t1b > (SELECT min(t3b)
              FROM   t3)
-- !query schema
struct<t1a:string,t1d:bigint,t1f:double>
-- !query output
val1b	19	25.0
val1c	19	25.0


-- !query
SELECT t1a, t1h
FROM   t1
WHERE  t1c = (SELECT max(t2c)
              FROM   t2)
OR     t1b = (SELECT min(t3b)
              FROM   t3
              WHERE  t3b > 10)
-- !query schema
struct<t1a:string,t1h:timestamp>
-- !query output
val1b	2014-05-04 01:01:00
val1c	2014-05-04 01:02:00.001
val1d	2014-06-04 01:01:00
val1d	2014-07-04 01:02:00.001


-- !query
SELECT t1a, t1b, t2d
FROM   t1 LEFT JOIN t2
       ON t1a = t2a
WHERE  t1b = (SELECT min(t3b)
              FROM   t3)
-- !query schema
struct<t1a:string,t1b:smallint,t2d:bigint>
-- !query output
val1a	6	NULL
val1a	6	NULL


-- !query
SELECT t1a, t1b, t1g
FROM   t1
WHERE  t1c + 5 = (SELECT max(t2e)
                  FROM   t2)
-- !query schema
struct<t1a:string,t1b:smallint,t1g:decimal(4,0)>
-- !query output
val1a	16	2000
val1a	16	2000


-- !query
SELECT t1a, t1h
FROM   t1
WHERE  date(t1h) = (SELECT min(t2i)
                    FROM   t2)
-- !query schema
struct<t1a:string,t1h:timestamp>
-- !query output
val1a	2014-04-04 00:00:00
val1a	2014-04-04 01:02:00.001


-- !query
SELECT t2d, t1a
FROM   t1, t2
WHERE  t1b = t2b
AND    t2c + 1 = (SELECT max(t2c) + 1
                  FROM   t2, t1
                  WHERE  t2b = t1b)
-- !query schema
struct<t2d:bigint,t1a:string>
-- !query output
119	val1b
119	val1c
19	val1b
19	val1c


-- !query
SELECT DISTINCT t2a, max_t1g
FROM   t2, (SELECT   max(t1g) max_t1g, t1a
            FROM     t1
            GROUP BY t1a) t1
WHERE  t2a = t1a
AND    max_t1g = (SELECT max(t1g)
                  FROM   t1)
-- !query schema
struct<t2a:string,max_t1g:decimal(4,0)>
-- !query output
val1b	2600
val1c	2600
val1e	2600


-- !query
SELECT t3b, t3c
FROM   t3
WHERE  (SELECT max(t3c)
        FROM   t3
        WHERE  t3b > 10) >=
       (SELECT min(t3b)
        FROM   t3
        WHERE  t3c > 0)
AND    (t3b is null or t3c is null)
-- !query schema
struct<t3b:smallint,t3c:int>
-- !query output
8	NULL
8	NULL
NULL	16
NULL	16


-- !query
SELECT t1a
FROM   t1
WHERE  t1a < (SELECT   max(t2a)
              FROM     t2
              WHERE    t2c = t1c
              GROUP BY t2c)
-- !query schema
struct<t1a:string>
-- !query output
val1a
val1a
val1b


-- !query
SELECT t1a, t1c
FROM   t1
WHERE  (SELECT   max(t2a)
        FROM     t2
        WHERE    t2c = t1c
        GROUP BY t2c) IS NULL
-- !query schema
struct<t1a:string,t1c:int>
-- !query output
val1a	8
val1a	8
val1d	NULL
val1e	NULL
val1e	NULL
val1e	NULL


-- !query
SELECT t1a
FROM   t1
WHERE  t1a = (SELECT   max(t2a)
              FROM     t2
              WHERE    t2c = t1c
              GROUP BY t2c
              HAVING   count(*) >= 0)
OR     t1i > '2014-12-31'
-- !query schema
struct<t1a:string>
-- !query output
val1c
val1d


-- !query
SELECT t1a
FROM   t1
WHERE  t1a = (SELECT   max(t2a)
              FROM     t2
              WHERE    t2c = t1c
              GROUP BY t2c
              HAVING   count(*) >= 1)
OR     t1i > '2014-12-31'
-- !query schema
struct<t1a:string>
-- !query output
val1c
val1d


-- !query
SELECT count(t1a)
FROM   t1 RIGHT JOIN t2
ON     t1d = t2d
WHERE  t1a < (SELECT   max(t2a)
              FROM     t2
              WHERE    t2c = t1c
              GROUP BY t2c)
-- !query schema
struct<count(t1a):bigint>
-- !query output
7


-- !query
SELECT t1a
FROM   t1
WHERE  t1b <= (SELECT   max(t2b)
               FROM     t2
               WHERE    t2c = t1c
               GROUP BY t2c)
AND    t1b >= (SELECT   min(t2b)
               FROM     t2
               WHERE    t2c = t1c
               GROUP BY t2c)
-- !query schema
struct<t1a:string>
-- !query output
val1b
val1c


-- !query
SELECT t1a
FROM   t1
WHERE  t1a <= (SELECT   max(t2a)
               FROM     t2
               WHERE    t2c = t1c
               GROUP BY t2c)
INTERSECT
SELECT t1a
FROM   t1
WHERE  t1a >= (SELECT   min(t2a)
               FROM     t2
               WHERE    t2c = t1c
               GROUP BY t2c)
-- !query schema
struct<t1a:string>
-- !query output
val1b
val1c


-- !query
SELECT t1a
FROM   t1
WHERE  t1a <= (SELECT   max(t2a)
               FROM     t2
               WHERE    t2c = t1c
               GROUP BY t2c)
UNION ALL
SELECT t1a
FROM   t1
WHERE  t1a >= (SELECT   min(t2a)
               FROM     t2
               WHERE    t2c = t1c
               GROUP BY t2c)
-- !query schema
struct<t1a:string>
-- !query output
val1a
val1a
val1b
val1b
val1c
val1c
val1d
val1d


-- !query
SELECT t1a
FROM   t1
WHERE  t1a <= (SELECT   max(t2a)
               FROM     t2
               WHERE    t2c = t1c
               GROUP BY t2c)
UNION DISTINCT
SELECT t1a
FROM   t1
WHERE  t1a >= (SELECT   min(t2a)
               FROM     t2
               WHERE    t2c = t1c
               GROUP BY t2c)
-- !query schema
struct<t1a:string>
-- !query output
val1a
val1b
val1c
val1d


-- !query
SELECT t1a
FROM   t1
WHERE  t1a <= (SELECT   max(t2a)
               FROM     t2
               WHERE    t2c = t1c
               GROUP BY t2c)
MINUS
SELECT t1a
FROM   t1
WHERE  t1a >= (SELECT   min(t2a)
               FROM     t2
               WHERE    t2c = t1c
               GROUP BY t2c)
-- !query schema
struct<t1a:string>
-- !query output
val1a


-- !query
SELECT   t1a
FROM     t1
GROUP BY t1a, t1c
HAVING   max(t1b) <= (SELECT   max(t2b)
                      FROM     t2
                      WHERE    t2c = t1c
                      GROUP BY t2c)
-- !query schema
struct<t1a:string>
-- !query output
val1b
val1c


-- !query
SELECT 1
FROM t1
WHERE t1b < (SELECT MAX(tmp.s) FROM (
             SELECT SUM(t2b) OVER (partition by t2c order by t2d) as s
               FROM t2 WHERE t2.t2d = t1.t1d) as tmp)
-- !query schema
struct<1:int>
-- !query output
1
1
1
1


-- !query
SELECT 1
FROM t1
WHERE t1b < (SELECT SUM(t2b) OVER (partition by t2c order by t2d) as s
               FROM t2 WHERE t2.t2d = t1.t1d
             ORDER BY s DESC
             LIMIT 1)
-- !query schema
struct<1:int>
-- !query output
1
1
1
1


-- !query
SELECT 1
FROM t1
WHERE t1b < (SELECT MAX(tmp.s) FROM (
             SELECT SUM(t2b) OVER (partition by t2c order by t2d) as s
               FROM t2 WHERE t2.t2d <= t1.t1d) as tmp)
-- !query schema
struct<1:int>
-- !query output
1
1
1
1
1
1


-- !query
SELECT 1
FROM t1
WHERE t1b < (SELECT SUM(t2b) OVER (partition by t2c order by t2d) as s
               FROM t2 WHERE t2.t2d <= t1.t1d
             ORDER BY s DESC
             LIMIT 1)
-- !query schema
struct<1:int>
-- !query output
1
1
1
1
1
1


-- !query
SELECT t1b
FROM t1
WHERE t1b > (SELECT MAX(tmp.s) FROM (
             SELECT RANK() OVER (partition by t3c, t2b order by t3c) as s
               FROM t2, t3 where t2.t2c = t3.t3c AND t2.t2a = t1.t1a) as tmp)
-- !query schema
struct<t1b:smallint>
-- !query output
8
8


-- !query
SELECT t1b
FROM t1
WHERE t1b > (SELECT MAX(tmp.s) FROM (
             SELECT RANK() OVER (partition by t3c, t3d order by t3c) as s
               FROM (SELECT t3b, t3c, max(t3d) as t3d FROM t3 GROUP BY t3b, t3c) as g) as tmp)
ORDER BY t1b
-- !query schema
struct<t1b:smallint>
-- !query output
6
6
8
8
10
10
10
10
16
16


-- !query
SELECT 1
FROM t1
WHERE t1b = (SELECT MAX(tmp.s) FROM (
             SELECT SUM(t2c) OVER (partition by t2c order by t1.t1d + t2d) as s
               FROM t2) as tmp)
-- !query schema
struct<1:int>
-- !query output



-- !query
SELECT t1a, t1b
FROM   t1
WHERE  t1c = (SELECT t2c
              FROM   t2
              WHERE  t2b < t1b
              ORDER BY t2d LIMIT 1)
-- !query schema
struct<t1a:string,t1b:smallint>
-- !query output
val1a	16
val1a	16


-- !query
SELECT t1a, t1b
FROM   t1
WHERE  t1c = (SELECT t2c
              FROM   t2
              WHERE  t2c = t1c
              ORDER BY t2c LIMIT 1)
-- !query schema
struct<t1a:string,t1b:smallint>
-- !query output
val1a	16
val1a	16
val1b	8
val1c	8
val1d	NULL
val1d	NULL


-- !query
SELECT t1a, t1b
FROM   t1
WHERE  t1c = (SELECT t2c
              FROM   t2
              WHERE  t1b < t1d
              ORDER BY t2c LIMIT 1)
-- !query schema
struct<t1a:string,t1b:smallint>
-- !query output
val1a	16


-- !query
SELECT t1a, t1b
FROM   t1
WHERE  t1c = (SELECT MAX(t2c)
              FROM   t2
              WHERE  t1b < t1d
              ORDER BY min(t2c) LIMIT 1)
-- !query schema
struct<t1a:string,t1b:smallint>
-- !query output
val1b	8
val1c	8


-- !query
SELECT t1a, t1b
FROM   t1
WHERE  t1c = (SELECT DISTINCT t2c
              FROM   t2
              WHERE  t1b < t1d
              ORDER BY t2c LIMIT 1)
-- !query schema
struct<t1a:string,t1b:smallint>
-- !query output
val1a	16


-- !query
CREATE OR REPLACE TEMP VIEW t0(t0a, t0b) AS VALUES (1, 1), (2, 0)
-- !query schema
struct<>
-- !query output



-- !query
CREATE OR REPLACE TEMP VIEW t1(t1a, t1b, t1c) AS VALUES (1, 1, 3)
-- !query schema
struct<>
-- !query output



-- !query
CREATE OR REPLACE TEMP VIEW t2(t2a, t2b, t2c) AS VALUES (1, 1, 5), (2, 2, 7)
-- !query schema
struct<>
-- !query output



-- !query
SELECT * FROM t0 WHERE t0a <
(SELECT sum(c) FROM
  (SELECT t1c as c
  FROM   t1
  WHERE  t1a = t0a
  UNION ALL
  SELECT t2c as c
  FROM   t2
  WHERE  t2b = t0b)
)
-- !query schema
struct<t0a:int,t0b:int>
-- !query output
1	1


-- !query
SELECT * FROM t0 WHERE t0a <
(SELECT sum(c) FROM
  (SELECT t1c as c
  FROM   t1
  WHERE  t1a = t0a
  UNION ALL
  SELECT t2c as c
  FROM   t2
  WHERE  t2a = t0a)
)
-- !query schema
struct<t0a:int,t0b:int>
-- !query output
1	1
2	0


-- !query
SELECT * FROM t0 WHERE t0a <
(SELECT sum(c) FROM
  (SELECT t1c as c
  FROM   t1
  WHERE  t1a > t0a
  UNION ALL
  SELECT t2c as c
  FROM   t2
  WHERE  t2b <= t0b)
)
-- !query schema
struct<t0a:int,t0b:int>
-- !query output
1	1


-- !query
SELECT * FROM t0 WHERE t0a <
(SELECT sum(t1c) FROM
  (SELECT t1c
  FROM   t1
  WHERE  t1a = t0a
  UNION ALL
  SELECT t2c
  FROM   t2
  WHERE  t2b = t0b)
)
-- !query schema
struct<t0a:int,t0b:int>
-- !query output
1	1


-- !query
SELECT * FROM t0 WHERE t0a <
(SELECT sum(t1c) FROM
  (SELECT t1c
  FROM   t1
  WHERE  t1a = t0a
  UNION DISTINCT
  SELECT t2c
  FROM   t2
  WHERE  t2b = t0b)
)
-- !query schema
struct<t0a:int,t0b:int>
-- !query output
1	1


-- !query
SELECT * FROM t0 WHERE t0a <
(SELECT sum(t1a + 3 * t1b + 5 * t1c) FROM
  (SELECT t1c as t1a, t1a as t1b, t0a as t1c
  FROM   t1
  WHERE  t1a = t0a
  UNION ALL
  SELECT t0a as t2b, t2c as t1a, t0b as t2c
  FROM   t2
  WHERE  t2b = t0b)
)
-- !query schema
struct<t0a:int,t0b:int>
-- !query output
1	1


-- !query
SELECT * FROM t0 WHERE t0a <
(SELECT count(t1c) FROM
  (SELECT t1c
  FROM   t1
  WHERE  t1a = t0a
  UNION DISTINCT
  SELECT t2c
  FROM   t2
  WHERE  t2b = t0b)
)
-- !query schema
struct<t0a:int,t0b:int>
-- !query output
1	1


-- !query
SELECT * FROM t0 WHERE t0a <
(SELECT sum(d) FROM
  (SELECT t1a - t0a as d
  FROM   t1
  UNION ALL
  SELECT t2a - t0a as d
  FROM   t2)
)
-- !query schema
struct<t0a:int,t0b:int>
-- !query output



-- !query
SELECT * FROM t0 WHERE t0a <
(SELECT sum(d) FROM
  (SELECT sum(t0a) as d
  FROM   t1
  UNION ALL
  SELECT sum(t2a) + t0a as d
  FROM   t2)
)
-- !query schema
struct<>
-- !query output
org.apache.spark.sql.catalyst.ExtendedAnalysisException
{
  "condition" : "UNSUPPORTED_SUBQUERY_EXPRESSION_CATEGORY.CORRELATED_REFERENCE",
  "sqlState" : "0A000",
  "messageParameters" : {
    "sqlExprs" : "\"sum(t0a) AS d\""
  },
  "queryContext" : [ {
    "objectType" : "",
    "objectName" : "",
    "startIndex" : 53,
    "stopIndex" : 84,
    "fragment" : "SELECT sum(t0a) as d\n  FROM   t1"
  } ]
}


-- !query
SELECT t0a, t0b FROM t0
GROUP BY t0a, t0b
HAVING t0a <
(SELECT sum(c) FROM
  (SELECT t1c as c
  FROM   t1
  WHERE  t1a > t0a
  UNION ALL
  SELECT t2c as c
  FROM   t2
  WHERE  t2b <= t0b)
)
-- !query schema
struct<t0a:int,t0b:int>
-- !query output
1	1


-- !query
select *
from range(1, 3) t1
where (select t2.id c
       from range (1, 2) t2 where t1.id = t2.id
      ) is not null
-- !query schema
struct<id:bigint>
-- !query output
1


-- !query
SELECT * FROM t0 WHERE t0a <
(SELECT sum(t1c) FROM
  (SELECT t1c
   FROM   t1 JOIN t2 ON (t1a = t0a AND t2b = t1b))
)
-- !query schema
struct<t0a:int,t0b:int>
-- !query output
1	1


-- !query
SELECT * FROM t0 WHERE t0a <
(SELECT sum(t1c) FROM
  (SELECT t1c
   FROM   t1 JOIN t2 ON (t1a < t0a AND t2b >= t1b))
)
-- !query schema
struct<t0a:int,t0b:int>
-- !query output
2	0


-- !query
SELECT * FROM t0 WHERE t0a <
(SELECT sum(t1c) FROM
  (SELECT t1c
  FROM  t1 LEFT JOIN t2 ON (t1a = t0a AND t2b = t0b))
)
-- !query schema
struct<t0a:int,t0b:int>
-- !query output
1	1
2	0


-- !query
select *
from range(1, 3) t1
where (select t2.id c
       from range (1, 2) t2 where t1.id = t2.id
      ) between 1 and 2
-- !query schema
struct<id:bigint>
-- !query output
1


-- !query
SELECT *
FROM t1
WHERE (SELECT max(t2c)
       FROM t2 WHERE t1b = t2b
      ) between 1 and 2
-- !query schema
struct<t1a:int,t1b:int,t1c:int>
-- !query output



-- !query
SELECT * FROM t0 WHERE t0a = (SELECT distinct(t1c) FROM t1 WHERE t1a = t0a)
-- !query schema
struct<t0a:int,t0b:int>
-- !query output

