-- Automatically generated by SQLQueryTestSuite
-- !query
create temporary view tab_a as select * from values (1, 1) as tab_a(a1, b1)
-- !query schema
struct<>
-- !query output



-- !query
create temporary view tab_b as select * from values (1, 1) as tab_b(a2, b2)
-- !query schema
struct<>
-- !query output



-- !query
create temporary view struct_tab as select struct(col1 as a, col2 as b) as record from
 values (1, 1), (1, 2), (2, 1), (2, 2)
-- !query schema
struct<>
-- !query output



-- !query
select 1 from tab_a where (a1, b1) not in (select a2, b2 from tab_b)
-- !query schema
struct<1:int>
-- !query output



-- !query
select 1 from tab_a where (a1, b1) not in (select (a2, b2) from tab_b)
-- !query schema
struct<>
-- !query output
org.apache.spark.sql.catalyst.ExtendedAnalysisException
{
  "condition" : "DATATYPE_MISMATCH.IN_SUBQUERY_LENGTH_MISMATCH",
  "sqlState" : "42K09",
  "messageParameters" : {
    "leftColumns" : "\"a1\", \"b1\"",
    "leftLength" : "2",
    "rightColumns" : "\"named_struct(a2, a2, b2, b2)\"",
    "rightLength" : "1",
    "sqlExpr" : "\"(named_struct('a1', a1, 'b1', b1) IN (listquery()))\""
  },
  "queryContext" : [ {
    "objectType" : "",
    "objectName" : "",
    "startIndex" : 36,
    "stopIndex" : 70,
    "fragment" : "not in (select (a2, b2) from tab_b)"
  } ]
}


-- !query
select count(*) from struct_tab where record in
  (select (a2 as a, b2 as b) from tab_b)
-- !query schema
struct<count(1):bigint>
-- !query output
1


-- !query
select count(*) from struct_tab where record not in
  (select (a2 as a, b2 as b) from tab_b)
-- !query schema
struct<count(1):bigint>
-- !query output
3
