-- Automatically generated by SQLQueryTestSuite
-- !query
create temporary view t1 as select * from values
  ("val1a", 6S, 8, 10L, float(15.0), 20D, 20E2, timestamp '2014-04-04 01:00:00.000', date '2014-04-04'),
  ("val1b", 8S, 16, 19L, float(17.0), 25D, 26E2, timestamp '2014-05-04 01:01:00.000', date '2014-05-04'),
  ("val1a", 16S, 12, 21L, float(15.0), 20D, 20E2, timestamp '2014-06-04 01:02:00.001', date '2014-06-04'),
  ("val1a", 16S, 12, 10L, float(15.0), 20D, 20E2, timestamp '2014-07-04 01:01:00.000', date '2014-07-04'),
  ("val1c", 8S, 16, 19L, float(17.0), 25D, 26E2, timestamp '2014-05-04 01:02:00.001', date '2014-05-05'),
  ("val1d", null, 16, 22L, float(17.0), 25D, 26E2, timestamp '2014-06-04 01:01:00.000', null),
  ("val1d", null, 16, 19L, float(17.0), 25D, 26E2, timestamp '2014-07-04 01:02:00.001', null),
  ("val1e", 10S, null, 25L, float(17.0), 25D, 26E2, timestamp '2014-08-04 01:01:00.000', date '2014-08-04'),
  ("val1e", 10S, null, 19L, float(17.0), 25D, 26E2, timestamp '2014-09-04 01:02:00.001', date '2014-09-04'),
  ("val1d", 10S, null, 12L, float(17.0), 25D, 26E2, timestamp '2015-05-04 01:01:00.000', date '2015-05-04'),
  ("val1a", 6S, 8, 10L, float(15.0), 20D, 20E2, timestamp '2014-04-04 01:02:00.001', date '2014-04-04'),
  ("val1e", 10S, null, 19L, float(17.0), 25D, 26E2, timestamp '2014-05-04 01:01:00.000', date '2014-05-04')
  as t1(t1a, t1b, t1c, t1d, t1e, t1f, t1g, t1h, t1i)
-- !query schema
struct<>
-- !query output



-- !query
create temporary view t2 as select * from values
  ("val2a", 6S, 12, 14L, float(15), 20D, 20E2, timestamp '2014-04-04 01:01:00.000', date '2014-04-04'),
  ("val1b", 10S, 12, 19L, float(17), 25D, 26E2, timestamp '2014-05-04 01:01:00.000', date '2014-05-04'),
  ("val1b", 8S, 16, 119L, float(17), 25D, 26E2, timestamp '2015-05-04 01:01:00.000', date '2015-05-04'),
  ("val1c", 12S, 16, 219L, float(17), 25D, 26E2, timestamp '2016-05-04 01:01:00.000', date '2016-05-04'),
  ("val1b", null, 16, 319L, float(17), 25D, 26E2, timestamp '2017-05-04 01:01:00.000', null),
  ("val2e", 8S, null, 419L, float(17), 25D, 26E2, timestamp '2014-06-04 01:01:00.000', date '2014-06-04'),
  ("val1f", 19S, null, 519L, float(17), 25D, 26E2, timestamp '2014-05-04 01:01:00.000', date '2014-05-04'),
  ("val1b", 10S, 12, 19L, float(17), 25D, 26E2, timestamp '2014-06-04 01:01:00.000', date '2014-06-04'),
  ("val1b", 8S, 16, 19L, float(17), 25D, 26E2, timestamp '2014-07-04 01:01:00.000', date '2014-07-04'),
  ("val1c", 12S, 16, 19L, float(17), 25D, 26E2, timestamp '2014-08-04 01:01:00.000', date '2014-08-05'),
  ("val1e", 8S, null, 19L, float(17), 25D, 26E2, timestamp '2014-09-04 01:01:00.000', date '2014-09-04'),
  ("val1f", 19S, null, 19L, float(17), 25D, 26E2, timestamp '2014-10-04 01:01:00.000', date '2014-10-04'),
  ("val1b", null, 16, 19L, float(17), 25D, 26E2, timestamp '2014-05-04 01:01:00.000', null)
  as t2(t2a, t2b, t2c, t2d, t2e, t2f, t2g, t2h, t2i)
-- !query schema
struct<>
-- !query output



-- !query
create temporary view t3 as select * from values
  ("val3a", 6S, 12, 110L, float(15), 20D, 20E2, timestamp '2014-04-04 01:02:00.000', date '2014-04-04'),
  ("val3a", 6S, 12, 10L, float(15), 20D, 20E2, timestamp '2014-05-04 01:02:00.000', date '2014-05-04'),
  ("val1b", 10S, 12, 219L, float(17), 25D, 26E2, timestamp '2014-05-04 01:02:00.000', date '2014-05-04'),
  ("val1b", 10S, 12, 19L, float(17), 25D, 26E2, timestamp '2014-05-04 01:02:00.000', date '2014-05-04'),
  ("val1b", 8S, 16, 319L, float(17), 25D, 26E2, timestamp '2014-06-04 01:02:00.000', date '2014-06-04'),
  ("val1b", 8S, 16, 19L, float(17), 25D, 26E2, timestamp '2014-07-04 01:02:00.000', date '2014-07-04'),
  ("val3c", 17S, 16, 519L, float(17), 25D, 26E2, timestamp '2014-08-04 01:02:00.000', date '2014-08-04'),
  ("val3c", 17S, 16, 19L, float(17), 25D, 26E2, timestamp '2014-09-04 01:02:00.000', date '2014-09-05'),
  ("val1b", null, 16, 419L, float(17), 25D, 26E2, timestamp '2014-10-04 01:02:00.000', null),
  ("val1b", null, 16, 19L, float(17), 25D, 26E2, timestamp '2014-11-04 01:02:00.000', null),
  ("val3b", 8S, null, 719L, float(17), 25D, 26E2, timestamp '2014-05-04 01:02:00.000', date '2014-05-04'),
  ("val3b", 8S, null, 19L, float(17), 25D, 26E2, timestamp '2015-05-04 01:02:00.000', date '2015-05-04')
  as t3(t3a, t3b, t3c, t3d, t3e, t3f, t3g, t3h, t3i)
-- !query schema
struct<>
-- !query output



-- !query
WITH cte1
     AS (SELECT t1a,
                t1b
         FROM   t1
         WHERE  t1a = "val1a")
SELECT t1a,
       t1b,
       t1c,
       t1d,
       t1h
FROM   t1
WHERE  t1b IN (SELECT cte1.t1b
               FROM   cte1
               WHERE  cte1.t1b > 0)
-- !query schema
struct<t1a:string,t1b:smallint,t1c:int,t1d:bigint,t1h:timestamp>
-- !query output
val1a	16	12	10	2014-07-04 01:01:00
val1a	16	12	21	2014-06-04 01:02:00.001
val1a	6	8	10	2014-04-04 01:00:00
val1a	6	8	10	2014-04-04 01:02:00.001


-- !query
WITH cte1 AS
(
       SELECT t1a,
              t1b
       FROM   t1)
SELECT count(distinct(t1a)), t1b, t1c
FROM   t1
WHERE  t1b IN
       (
              SELECT cte1.t1b
              FROM   cte1
              WHERE  cte1.t1b > 0
              UNION
              SELECT cte1.t1b
              FROM   cte1
              WHERE  cte1.t1b > 5
              UNION ALL
              SELECT cte1.t1b
              FROM   cte1
              INTERSECT
              SELECT cte1.t1b
              FROM   cte1
              UNION
              SELECT cte1.t1b
              FROM   cte1 )
GROUP BY t1a, t1b, t1c
HAVING t1c IS NOT NULL
-- !query schema
struct<count(DISTINCT t1a):bigint,t1b:smallint,t1c:int>
-- !query output
1	16	12
1	6	8
1	8	16
1	8	16


-- !query
WITH cte1 AS
(
       SELECT t1a,
              t1b,
              t1c,
              t1d,
              t1e
       FROM   t1)
SELECT t1a,
       t1b,
       t1c,
       t1h
FROM   t1
WHERE  t1c IN
       (
              SELECT          cte1.t1c
              FROM            cte1
              JOIN            cte1 cte2
              on              cte1.t1b > cte2.t1b
              FULL OUTER JOIN cte1 cte3
              ON              cte1.t1c = cte3.t1c
              LEFT JOIN       cte1 cte4
              ON              cte1.t1d = cte4.t1d
              INNER JOIN  cte1 cte5
              ON              cte1.t1b < cte5.t1b
              LEFT OUTER JOIN  cte1 cte6
              ON              cte1.t1d > cte6.t1d)
-- !query schema
struct<t1a:string,t1b:smallint,t1c:int,t1h:timestamp>
-- !query output
val1b	8	16	2014-05-04 01:01:00
val1c	8	16	2014-05-04 01:02:00.001
val1d	NULL	16	2014-06-04 01:01:00
val1d	NULL	16	2014-07-04 01:02:00.001


-- !query
WITH cte1
     AS (SELECT t1a,
                t1b
         FROM   t1
         WHERE  t1b IN (SELECT t2b
                        FROM   t2
                               RIGHT JOIN t1
                                       ON t1c = t2c
                               LEFT JOIN t3
                                      ON t2d = t3d)
                AND t1a = "val1b")
SELECT *
FROM   (SELECT *
        FROM   cte1
               JOIN cte1 cte2
                 ON cte1.t1b > 5
                    AND cte1.t1a = cte2.t1a
               FULL OUTER JOIN cte1 cte3
                            ON cte1.t1a = cte3.t1a
               INNER JOIN cte1 cte4
                       ON cte1.t1b = cte4.t1b) s
-- !query schema
struct<t1a:string,t1b:smallint,t1a:string,t1b:smallint,t1a:string,t1b:smallint,t1a:string,t1b:smallint>
-- !query output
val1b	8	val1b	8	val1b	8	val1b	8


-- !query
WITH cte1 AS
(
       SELECT t1a,
              t1b,
              t1h
       FROM   t1
       WHERE  t1a IN
              (
                     SELECT t2a
                     FROM   t2
                     WHERE  t1b < t2b))
SELECT   Count(DISTINCT t1a),
         t1b
FROM     (
                    SELECT     cte1.t1a,
                               cte1.t1b
                    FROM       cte1
                    JOIN       cte1 cte2
                    on         cte1.t1h >= cte2.t1h) s
WHERE    t1b IN
         (
                SELECT t1b
                FROM   t1)
GROUP BY t1b
-- !query schema
struct<count(DISTINCT t1a):bigint,t1b:smallint>
-- !query output
2	8


-- !query
WITH cte1 AS
(
       SELECT t1a,
              t1b,
              t1c
       FROM   t1
       WHERE  t1b IN
              (
                     SELECT t2b
                     FROM   t2 FULL OUTER JOIN T3 on t2a = t3a
                     WHERE  t1c = t2c) AND
              t1a = "val1b")
SELECT *
FROM            (
                       SELECT *
                       FROM   cte1
                       INNER JOIN   cte1 cte2 ON cte1.t1a = cte2.t1a
                       RIGHT OUTER JOIN cte1 cte3  ON cte1.t1b = cte3.t1b
                       LEFT OUTER JOIN cte1 cte4 ON cte1.t1c = cte4.t1c
                       ) s
-- !query schema
struct<t1a:string,t1b:smallint,t1c:int,t1a:string,t1b:smallint,t1c:int,t1a:string,t1b:smallint,t1c:int,t1a:string,t1b:smallint,t1c:int>
-- !query output
val1b	8	16	val1b	8	16	val1b	8	16	val1b	8	16


-- !query
WITH cte1
     AS (SELECT t1a,
                t1b
         FROM   t1
         WHERE  t1b IN (SELECT t2b
                        FROM   t2
                        WHERE  t1c = t2c))
SELECT Count(DISTINCT( s.t1a )),
       s.t1b
FROM   (SELECT cte1.t1a,
               cte1.t1b
        FROM   cte1
               RIGHT OUTER JOIN cte1 cte2
                             ON cte1.t1a = cte2.t1a) s
GROUP  BY s.t1b
-- !query schema
struct<count(DISTINCT t1a):bigint,t1b:smallint>
-- !query output
2	8


-- !query
WITH cte1 AS
(
       SELECT t1a,
              t1b
       FROM   t1
       WHERE  t1b IN
              (
                     SELECT t2b
                     FROM   t2
                     WHERE  t1c = t2c))
SELECT DISTINCT(s.t1b)
FROM            (
                                SELECT          cte1.t1b
                                FROM            cte1
                                LEFT OUTER JOIN cte1 cte2
                                ON              cte1.t1b = cte2.t1b) s
WHERE           s.t1b IN
                (
                       SELECT t1.t1b
                       FROM   t1 INNER
                       JOIN   cte1
                       ON     t1.t1a = cte1.t1a)
-- !query schema
struct<t1b:smallint>
-- !query output
8


-- !query
WITH cte1
     AS (SELECT t1a,
                t1b
         FROM   t1
         WHERE  t1a = "val1d")
SELECT t1a,
       t1b,
       t1c,
       t1h
FROM   t1
WHERE  t1b NOT IN (SELECT cte1.t1b
                   FROM   cte1
                   WHERE  cte1.t1b < 0) AND
       t1c > 10
-- !query schema
struct<t1a:string,t1b:smallint,t1c:int,t1h:timestamp>
-- !query output
val1a	16	12	2014-06-04 01:02:00.001
val1a	16	12	2014-07-04 01:01:00
val1b	8	16	2014-05-04 01:01:00
val1c	8	16	2014-05-04 01:02:00.001
val1d	NULL	16	2014-06-04 01:01:00
val1d	NULL	16	2014-07-04 01:02:00.001


-- !query
WITH cte1 AS
(
       SELECT t1a,
              t1b,
              t1c,
              t1d,
              t1h
       FROM   t1
       WHERE  t1d NOT IN
              (
                              SELECT          t2d
                              FROM            t2
                              FULL OUTER JOIN t3 ON t2a = t3a
                              JOIN t1 on t1b = t2b))
SELECT   t1a,
         t1b,
         t1c,
         t1d,
         t1h
FROM     t1
WHERE    t1b NOT IN
         (
                    SELECT     cte1.t1b
                    FROM       cte1 INNER
                    JOIN       cte1 cte2 ON cte1.t1a = cte2.t1a
                    RIGHT JOIN cte1 cte3 ON cte1.t1b = cte3.t1b
                    JOIN cte1 cte4 ON cte1.t1c = cte4.t1c) AND
         t1c IS NOT NULL
ORDER BY t1c DESC
-- !query schema
struct<t1a:string,t1b:smallint,t1c:int,t1d:bigint,t1h:timestamp>
-- !query output
val1b	8	16	19	2014-05-04 01:01:00
val1c	8	16	19	2014-05-04 01:02:00.001
