-- Automatically generated by SQLQueryTestSuite
-- !query
CREATE TEMPORARY VIEW EMP AS SELECT * FROM VALUES
  (100, "emp 1", 10),
  (200, "emp 2", NULL),
  (300, "emp 3", 20),
  (400, "emp 4", 30),
  (500, "emp 5", NULL),
  (600, "emp 6", 100),
  (800, "emp 8", 70)
AS EMP(id, emp_name, dept_id)
-- !query schema
struct<>
-- !query output



-- !query
CREATE TEMPORARY VIEW DEPT AS SELECT * FROM VALUES
  (10, "dept 1", "CA"),
  (20, "dept 2", "NY"),
  (30, "dept 3", "TX"),
  (40, "dept 4 - unassigned", "OR"),
  (50, "dept 5 - unassigned", "NJ"),
  (70, "dept 7", "FL")
AS DEPT(dept_id, dept_name, state)
-- !query schema
struct<>
-- !query output



-- !query
CREATE TEMPORARY VIEW BONUS AS SELECT * FROM VALUES
  ("emp 1", 10.00D),
  ("emp 1", 20.00D),
  ("emp 2", 300.00D),
  ("emp 2", 100.00D),
  ("emp 3", 300.00D),
  ("emp 4", 100.00D),
  ("emp 5", 1000.00D),
  ("emp 6 - no dept", 500.00D)
AS BONUS(emp_name, bonus_amt)
-- !query schema
struct<>
-- !query output



-- !query
CREATE TEMPORARY VIEW ADDRESS AS SELECT * FROM VALUES
  (100, "emp 1", "addr1"),
  (200, null, "addr2"),
  (null, "emp 3", "addr3"),
  (null, null, "addr4"),
  (600, "emp 6", "addr6"),
  (800, "emp 8", "addr8")
AS ADDRESS(id, emp_name, address)
-- !query schema
struct<>
-- !query output



-- !query
CREATE TEMPORARY VIEW S1 AS SELECT * FROM VALUES
  (null, null), (5, 5), (8, 8), (11, 11) AS s1(a, b)
-- !query schema
struct<>
-- !query output



-- !query
CREATE TEMPORARY VIEW S2 AS SELECT * FROM VALUES
  (7, 7), (8, 8), (11, 11), (null, null) AS s2(c, d)
-- !query schema
struct<>
-- !query output



-- !query
SELECT id, 
       dept_id 
FROM   emp 
WHERE  id = 600
       OR id = 500 
       OR dept_id NOT IN (SELECT dept_id 
                          FROM   emp)
-- !query schema
struct<id:int,dept_id:int>
-- !query output
500	NULL
600	100


-- !query
SELECT id, 
       dept_id 
FROM   emp 
WHERE  id = 800 
       OR (dept_id IS NOT NULL 
           AND dept_id NOT IN (SELECT dept_id 
                                FROM   emp))
-- !query schema
struct<id:int,dept_id:int>
-- !query output
800	70


-- !query
SELECT id,
       dept_id
FROM   emp
WHERE  id = 100
       OR dept_id NOT IN (SELECT dept_id
                           FROM   emp
                           WHERE dept_id IS NOT NULL)
-- !query schema
struct<id:int,dept_id:int>
-- !query output
100	10


-- !query
SELECT id, 
       dept_id 
FROM   emp 
WHERE  id = 200 
       OR (dept_id IS NOT NULL        
       AND dept_id + 100 NOT IN (SELECT dept_id 
                           FROM   emp
                           WHERE dept_id IS NOT NULL))
-- !query schema
struct<id:int,dept_id:int>
-- !query output
100	10
200	NULL
300	20
400	30
600	100
800	70


-- !query
SELECT id, 
       dept_id, 
       emp_name 
FROM   emp 
WHERE  emp_name IN (SELECT emp_name 
                    FROM   bonus) 
        OR (dept_id IS NOT NULL 
            AND dept_id NOT IN (SELECT dept_id 
                                FROM   dept))
-- !query schema
struct<id:int,dept_id:int,emp_name:string>
-- !query output
100	10	emp 1
200	NULL	emp 2
300	20	emp 3
400	30	emp 4
500	NULL	emp 5
600	100	emp 6


-- !query
SELECT id, 
       dept_id, 
       emp_name 
FROM   emp 
WHERE  EXISTS (SELECT emp_name 
               FROM   bonus 
               WHERE  emp.emp_name = bonus.emp_name) 
       OR (dept_id IS NOT NULL 
           AND dept_id NOT IN (SELECT dept_id 
                               FROM   dept))
-- !query schema
struct<id:int,dept_id:int,emp_name:string>
-- !query output
100	10	emp 1
200	NULL	emp 2
300	20	emp 3
400	30	emp 4
500	NULL	emp 5
600	100	emp 6


-- !query
SELECT id,
       dept_id,
       emp_name
FROM   emp
WHERE  dept_id = 10
OR (id, emp_name) NOT IN (SELECT id, emp_name FROM address)
-- !query schema
struct<id:int,dept_id:int,emp_name:string>
-- !query output
100	10	emp 1


-- !query
SELECT id, 
       dept_id, 
       emp_name 
FROM   emp 
WHERE  dept_id = 10 
        OR (( id, emp_name ) NOT IN (SELECT id, 
                                             emp_name 
                                      FROM   address 
                                      WHERE  id IS NOT NULL 
                                             AND emp_name IS NOT NULL) 
             AND id > 400 )
-- !query schema
struct<id:int,dept_id:int,emp_name:string>
-- !query output
100	10	emp 1
500	NULL	emp 5


-- !query
SELECT id, 
       dept_id, 
       emp_name 
FROM   emp 
WHERE  dept_id = 10 
       OR emp_name NOT IN (SELECT emp_name 
                                  FROM   address 
                                  WHERE  id IS NOT NULL 
                                  AND emp_name IS NOT NULL
                                  AND emp.id = address.id)
-- !query schema
struct<id:int,dept_id:int,emp_name:string>
-- !query output
100	10	emp 1
200	NULL	emp 2
300	20	emp 3
400	30	emp 4
500	NULL	emp 5


-- !query
SELECT id, 
       dept_id, 
       emp_name 
FROM   emp 
WHERE  id NOT IN (SELECT id 
                         FROM   address 
                         WHERE  id IS NOT NULL 
                         AND emp_name IS NOT NULL
                         AND id >= 400)
       OR emp_name NOT IN (SELECT emp_name 
                                  FROM   address 
                                  WHERE  id IS NOT NULL 
                                  AND emp_name IS NOT NULL
                                  AND emp.id = address.id
                                  AND id < 400)
-- !query schema
struct<id:int,dept_id:int,emp_name:string>
-- !query output
100	10	emp 1
200	NULL	emp 2
300	20	emp 3
400	30	emp 4
500	NULL	emp 5
600	100	emp 6
800	70	emp 8


-- !query
SELECT * 
FROM   s1 
WHERE  NOT (a NOT IN (SELECT c 
                      FROM   s2))
-- !query schema
struct<a:int,b:int>
-- !query output
11	11
8	8


-- !query
SELECT * 
FROM   s1 
WHERE  NOT (a > 5 
            OR a IN (SELECT c 
                     FROM   s2))
-- !query schema
struct<a:int,b:int>
-- !query output



-- !query
SELECT * 
FROM   s1 
WHERE  NOT (a > 5 
            OR a NOT IN (SELECT c 
                         FROM   s2))
-- !query schema
struct<a:int,b:int>
-- !query output



-- !query
SELECT * 
FROM   s1 
WHERE  NOT (a > 5 
            AND a IN (SELECT c 
                      FROM   s2))
-- !query schema
struct<a:int,b:int>
-- !query output
5	5


-- !query
SELECT * 
FROM   s1 
WHERE  NOT (a > 5 
            AND a NOT IN (SELECT c 
                          FROM   s2))
-- !query schema
struct<a:int,b:int>
-- !query output
11	11
5	5
8	8
