-- Automatically generated by SQLQueryTestSuite
-- !query
create temporary view t1 as select * from values
  ("val1a", 6S, 8, 10L, float(15.0), 20D, 20E2, timestamp '2014-04-04 01:00:00.000', date '2014-04-04'),
  ("val1b", 8S, 16, 19L, float(17.0), 25D, 26E2, timestamp '2014-05-04 01:01:00.000', date '2014-05-04'),
  ("val1a", 16S, 12, 21L, float(15.0), 20D, 20E2, timestamp '2014-06-04 01:02:00.001', date '2014-06-04'),
  ("val1a", 16S, 12, 10L, float(15.0), 20D, 20E2, timestamp '2014-07-04 01:01:00.000', date '2014-07-04'),
  ("val1c", 8S, 16, 19L, float(17.0), 25D, 26E2, timestamp '2014-05-04 01:02:00.001', date '2014-05-05'),
  ("val1d", null, 16, 22L, float(17.0), 25D, 26E2, timestamp '2014-06-04 01:01:00.000', null),
  ("val1d", null, 16, 19L, float(17.0), 25D, 26E2, timestamp '2014-07-04 01:02:00.001', null),
  ("val1e", 10S, null, 25L, float(17.0), 25D, 26E2, timestamp '2014-08-04 01:01:00.000', date '2014-08-04'),
  ("val1e", 10S, null, 19L, float(17.0), 25D, 26E2, timestamp '2014-09-04 01:02:00.001', date '2014-09-04'),
  ("val1d", 10S, null, 12L, float(17.0), 25D, 26E2, timestamp '2015-05-04 01:01:00.000', date '2015-05-04'),
  ("val1a", 6S, 8, 10L, float(15.0), 20D, 20E2, timestamp '2014-04-04 01:02:00.001', date '2014-04-04'),
  ("val1e", 10S, null, 19L, float(17.0), 25D, 26E2, timestamp '2014-05-04 01:01:00.000', date '2014-05-04')
  as t1(t1a, t1b, t1c, t1d, t1e, t1f, t1g, t1h, t1i)
-- !query schema
struct<>
-- !query output



-- !query
create temporary view t2 as select * from values
  ("val2a", 6S, 12, 14L, float(15), 20D, 20E2, timestamp '2014-04-04 01:01:00.000', date '2014-04-04'),
  ("val1b", 10S, 12, 19L, float(17), 25D, 26E2, timestamp '2014-05-04 01:01:00.000', date '2014-05-04'),
  ("val1b", 8S, 16, 119L, float(17), 25D, 26E2, timestamp '2015-05-04 01:01:00.000', date '2015-05-04'),
  ("val1c", 12S, 16, 219L, float(17), 25D, 26E2, timestamp '2016-05-04 01:01:00.000', date '2016-05-04'),
  ("val1b", null, 16, 319L, float(17), 25D, 26E2, timestamp '2017-05-04 01:01:00.000', null),
  ("val2e", 8S, null, 419L, float(17), 25D, 26E2, timestamp '2014-06-04 01:01:00.000', date '2014-06-04'),
  ("val1f", 19S, null, 519L, float(17), 25D, 26E2, timestamp '2014-05-04 01:01:00.000', date '2014-05-04'),
  ("val1b", 10S, 12, 19L, float(17), 25D, 26E2, timestamp '2014-06-04 01:01:00.000', date '2014-06-04'),
  ("val1b", 8S, 16, 19L, float(17), 25D, 26E2, timestamp '2014-07-04 01:01:00.000', date '2014-07-04'),
  ("val1c", 12S, 16, 19L, float(17), 25D, 26E2, timestamp '2014-08-04 01:01:00.000', date '2014-08-05'),
  ("val1e", 8S, null, 19L, float(17), 25D, 26E2, timestamp '2014-09-04 01:01:00.000', date '2014-09-04'),
  ("val1f", 19S, null, 19L, float(17), 25D, 26E2, timestamp '2014-10-04 01:01:00.000', date '2014-10-04'),
  ("val1b", null, 16, 19L, float(17), 25D, 26E2, timestamp '2014-05-04 01:01:00.000', null)
  as t2(t2a, t2b, t2c, t2d, t2e, t2f, t2g, t2h, t2i)
-- !query schema
struct<>
-- !query output



-- !query
create temporary view t3 as select * from values
  ("val3a", 6S, 12, 110L, float(15), 20D, 20E2, timestamp '2014-04-04 01:02:00.000', date '2014-04-04'),
  ("val3a", 6S, 12, 10L, float(15), 20D, 20E2, timestamp '2014-05-04 01:02:00.000', date '2014-05-04'),
  ("val1b", 10S, 12, 219L, float(17), 25D, 26E2, timestamp '2014-05-04 01:02:00.000', date '2014-05-04'),
  ("val1b", 10S, 12, 19L, float(17), 25D, 26E2, timestamp '2014-05-04 01:02:00.000', date '2014-05-04'),
  ("val1b", 8S, 16, 319L, float(17), 25D, 26E2, timestamp '2014-06-04 01:02:00.000', date '2014-06-04'),
  ("val1b", 8S, 16, 19L, float(17), 25D, 26E2, timestamp '2014-07-04 01:02:00.000', date '2014-07-04'),
  ("val3c", 17S, 16, 519L, float(17), 25D, 26E2, timestamp '2014-08-04 01:02:00.000', date '2014-08-04'),
  ("val3c", 17S, 16, 19L, float(17), 25D, 26E2, timestamp '2014-09-04 01:02:00.000', date '2014-09-05'),
  ("val1b", null, 16, 419L, float(17), 25D, 26E2, timestamp '2014-10-04 01:02:00.000', null),
  ("val1b", null, 16, 19L, float(17), 25D, 26E2, timestamp '2014-11-04 01:02:00.000', null),
  ("val3b", 8S, null, 719L, float(17), 25D, 26E2, timestamp '2014-05-04 01:02:00.000', date '2014-05-04'),
  ("val3b", 8S, null, 19L, float(17), 25D, 26E2, timestamp '2015-05-04 01:02:00.000', date '2015-05-04')
  as t3(t3a, t3b, t3c, t3d, t3e, t3f, t3g, t3h, t3i)
-- !query schema
struct<>
-- !query output



-- !query
SELECT t1a,
       Avg(t1b)
FROM   t1
WHERE  t1a NOT IN (SELECT t2a
                   FROM   t2)
GROUP  BY t1a
-- !query schema
struct<t1a:string,avg(t1b):double>
-- !query output
val1a	11.0
val1d	10.0


-- !query
SELECT t1a,
       Sum(DISTINCT( t1b ))
FROM   t1
WHERE  t1d NOT IN (SELECT t2d
                   FROM   t2
                   WHERE  t1h < t2h)
GROUP  BY t1a
-- !query schema
struct<t1a:string,sum(DISTINCT t1b):bigint>
-- !query output
val1a	22
val1d	10
val1e	10


-- !query
SELECT Count(*)
FROM   (SELECT *
        FROM   t2
        WHERE  t2a NOT IN (SELECT t3a
                           FROM   t3
                           WHERE  t3h != t2h)) t2
WHERE  t2b NOT IN (SELECT Min(t2b)
                   FROM   t2
                   WHERE  t2b = t2b
                   GROUP  BY t2c)
-- !query schema
struct<count(1):bigint>
-- !query output
4


-- !query
SELECT t1a,
       max(t1b)
FROM   t1
WHERE  t1c NOT IN (SELECT Max(t2b)
                   FROM   t2
                   WHERE  t1a = t2a
                   GROUP  BY t2a)
GROUP BY t1a
-- !query schema
struct<t1a:string,max(t1b):smallint>
-- !query output
val1a	16
val1b	8
val1c	8
val1d	10


-- !query
SELECT t1a,
       t1b
FROM   t1
WHERE  t1c IN (SELECT t2b
               FROM   t2
               WHERE  t2a NOT IN (SELECT Min(t3a)
                                  FROM   t3
                                  WHERE  t3a = t2a
                                  GROUP  BY t3b) order by t2a)
-- !query schema
struct<t1a:string,t1b:smallint>
-- !query output
val1a	16
val1a	16
val1a	6
val1a	6
