-- Automatically generated by SQLQueryTestSuite
-- !query
SELECT try_add(1, 1)
-- !query schema
struct<try_add(1, 1):int>
-- !query output
2


-- !query
SELECT try_add(2147483647, 1)
-- !query schema
struct<try_add(2147483647, 1):int>
-- !query output
NULL


-- !query
SELECT try_add(2147483647, decimal(1))
-- !query schema
struct<try_add(2147483647, 1):decimal(11,0)>
-- !query output
2147483648


-- !query
SELECT try_add(2147483647, "1")
-- !query schema
struct<try_add(2147483647, 1):double>
-- !query output
2.147483648E9


-- !query
SELECT try_add(-2147483648, -1)
-- !query schema
struct<try_add(-2147483648, -1):int>
-- !query output
NULL


-- !query
SELECT try_add(9223372036854775807L, 1)
-- !query schema
struct<try_add(9223372036854775807, 1):bigint>
-- !query output
NULL


-- !query
SELECT try_add(-9223372036854775808L, -1)
-- !query schema
struct<try_add(-9223372036854775808, -1):bigint>
-- !query output
NULL


-- !query
SELECT try_add(1, (2147483647 + 1))
-- !query schema
struct<try_add(1, (2147483647 + 1)):int>
-- !query output
-2147483647


-- !query
SELECT try_add(1L, (9223372036854775807L + 1L))
-- !query schema
struct<try_add(1, (9223372036854775807 + 1)):bigint>
-- !query output
-9223372036854775807


-- !query
SELECT try_add(1, 1.0 / 0.0)
-- !query schema
struct<try_add(1, (1.0 / 0.0)):decimal(9,6)>
-- !query output
NULL


-- !query
SELECT try_add(date'2021-01-01', 1)
-- !query schema
struct<try_add(DATE '2021-01-01', 1):date>
-- !query output
2021-01-02


-- !query
SELECT try_add(1, date'2021-01-01')
-- !query schema
struct<try_add(1, DATE '2021-01-01'):date>
-- !query output
2021-01-02


-- !query
SELECT try_add(date'2021-01-01', interval 2 year)
-- !query schema
struct<try_add(DATE '2021-01-01', INTERVAL '2' YEAR):date>
-- !query output
2023-01-01


-- !query
SELECT try_add(date'2021-01-01', interval 2 second)
-- !query schema
struct<try_add(DATE '2021-01-01', INTERVAL '02' SECOND):timestamp>
-- !query output
2021-01-01 00:00:02


-- !query
SELECT try_add(interval 2 year, date'2021-01-01')
-- !query schema
struct<try_add(INTERVAL '2' YEAR, DATE '2021-01-01'):date>
-- !query output
2023-01-01


-- !query
SELECT try_add(interval 2 second, date'2021-01-01')
-- !query schema
struct<try_add(INTERVAL '02' SECOND, DATE '2021-01-01'):timestamp>
-- !query output
2021-01-01 00:00:02


-- !query
SELECT try_add(timestamp_ltz'2021-01-01 00:00:00', interval 2 year)
-- !query schema
struct<try_add(TIMESTAMP '2021-01-01 00:00:00', INTERVAL '2' YEAR):timestamp>
-- !query output
2023-01-01 00:00:00


-- !query
SELECT try_add(timestamp_ntz'2021-01-01 00:00:00', interval 2 second)
-- !query schema
struct<try_add(TIMESTAMP_NTZ '2021-01-01 00:00:00', INTERVAL '02' SECOND):timestamp_ntz>
-- !query output
2021-01-01 00:00:02


-- !query
SELECT try_add(interval 2 year, timestamp_ltz'2021-01-01 00:00:00')
-- !query schema
struct<try_add(INTERVAL '2' YEAR, TIMESTAMP '2021-01-01 00:00:00'):timestamp>
-- !query output
2023-01-01 00:00:00


-- !query
SELECT try_add(interval 2 second, timestamp_ntz'2021-01-01 00:00:00')
-- !query schema
struct<try_add(INTERVAL '02' SECOND, TIMESTAMP_NTZ '2021-01-01 00:00:00'):timestamp_ntz>
-- !query output
2021-01-01 00:00:02


-- !query
SELECT try_add(interval 2 year, interval 2 year)
-- !query schema
struct<try_add(INTERVAL '2' YEAR, INTERVAL '2' YEAR):interval year>
-- !query output
4-0


-- !query
SELECT try_add(interval 2 second, interval 2 second)
-- !query schema
struct<try_add(INTERVAL '02' SECOND, INTERVAL '02' SECOND):interval second>
-- !query output
0 00:00:04.000000000


-- !query
SELECT try_add(interval 2 year, interval 2 second)
-- !query schema
struct<>
-- !query output
org.apache.spark.sql.catalyst.ExtendedAnalysisException
{
  "errorClass" : "DATATYPE_MISMATCH.UNEXPECTED_INPUT_TYPE",
  "sqlState" : "42K09",
  "messageParameters" : {
    "inputSql" : "\"INTERVAL '2' YEAR\"",
    "inputType" : "\"INTERVAL YEAR\"",
    "paramIndex" : "first",
    "requiredType" : "\"(TIMESTAMP OR TIMESTAMP WITHOUT TIME ZONE)\"",
    "sqlExpr" : "\"INTERVAL '2' YEAR + INTERVAL '02' SECOND\""
  },
  "queryContext" : [ {
    "objectType" : "",
    "objectName" : "",
    "startIndex" : 8,
    "stopIndex" : 50,
    "fragment" : "try_add(interval 2 year, interval 2 second)"
  } ]
}


-- !query
SELECT try_add(interval 2147483647 month, interval 2 month)
-- !query schema
struct<try_add(INTERVAL '2147483647' MONTH, INTERVAL '2' MONTH):interval month>
-- !query output
NULL


-- !query
SELECT try_add(interval 106751991 day, interval 3 day)
-- !query schema
struct<try_add(INTERVAL '106751991' DAY, INTERVAL '3' DAY):interval day>
-- !query output
NULL


-- !query
SELECT try_divide(1, 0.5)
-- !query schema
struct<try_divide(1, 0.5):decimal(8,6)>
-- !query output
2.000000


-- !query
SELECT try_divide(1, 0)
-- !query schema
struct<try_divide(1, 0):double>
-- !query output
NULL


-- !query
SELECT try_divide(0, 0)
-- !query schema
struct<try_divide(0, 0):double>
-- !query output
NULL


-- !query
SELECT try_divide(1, (2147483647 + 1))
-- !query schema
struct<try_divide(1, (2147483647 + 1)):double>
-- !query output
-4.6566128730773926E-10


-- !query
SELECT try_divide(1L, (9223372036854775807L + 1L))
-- !query schema
struct<try_divide(1, (9223372036854775807 + 1)):double>
-- !query output
-1.0842021724855044E-19


-- !query
SELECT try_divide(1, 1.0 / 0.0)
-- !query schema
struct<try_divide(1, (1.0 / 0.0)):decimal(16,9)>
-- !query output
NULL


-- !query
SELECT try_divide(1, decimal(0))
-- !query schema
struct<try_divide(1, 0):decimal(12,11)>
-- !query output
NULL


-- !query
SELECT try_divide(1, "0")
-- !query schema
struct<try_divide(1, 0):double>
-- !query output
NULL


-- !query
SELECT try_divide(interval 2 year, 2)
-- !query schema
struct<try_divide(INTERVAL '2' YEAR, 2):interval year to month>
-- !query output
1-0


-- !query
SELECT try_divide(interval 2 second, 2)
-- !query schema
struct<try_divide(INTERVAL '02' SECOND, 2):interval day to second>
-- !query output
0 00:00:01.000000000


-- !query
SELECT try_divide(interval 2 year, 0)
-- !query schema
struct<try_divide(INTERVAL '2' YEAR, 0):interval year to month>
-- !query output
NULL


-- !query
SELECT try_divide(interval 2 second, 0)
-- !query schema
struct<try_divide(INTERVAL '02' SECOND, 0):interval day to second>
-- !query output
NULL


-- !query
SELECT try_divide(interval 2147483647 month, 0.5)
-- !query schema
struct<try_divide(INTERVAL '2147483647' MONTH, 0.5):interval year to month>
-- !query output
NULL


-- !query
SELECT try_divide(interval 106751991 day, 0.5)
-- !query schema
struct<try_divide(INTERVAL '106751991' DAY, 0.5):interval day to second>
-- !query output
NULL


-- !query
SELECT try_subtract(1, 1)
-- !query schema
struct<try_subtract(1, 1):int>
-- !query output
0


-- !query
SELECT try_subtract(2147483647, -1)
-- !query schema
struct<try_subtract(2147483647, -1):int>
-- !query output
NULL


-- !query
SELECT try_subtract(2147483647, decimal(-1))
-- !query schema
struct<try_subtract(2147483647, -1):decimal(11,0)>
-- !query output
2147483648


-- !query
SELECT try_subtract(2147483647, "-1")
-- !query schema
struct<try_subtract(2147483647, -1):double>
-- !query output
2.147483648E9


-- !query
SELECT try_subtract(-2147483648, 1)
-- !query schema
struct<try_subtract(-2147483648, 1):int>
-- !query output
NULL


-- !query
SELECT try_subtract(9223372036854775807L, -1)
-- !query schema
struct<try_subtract(9223372036854775807, -1):bigint>
-- !query output
NULL


-- !query
SELECT try_subtract(-9223372036854775808L, 1)
-- !query schema
struct<try_subtract(-9223372036854775808, 1):bigint>
-- !query output
NULL


-- !query
SELECT try_subtract(1, (2147483647 + 1))
-- !query schema
struct<try_subtract(1, (2147483647 + 1)):int>
-- !query output
NULL


-- !query
SELECT try_subtract(1L, (9223372036854775807L + 1L))
-- !query schema
struct<try_subtract(1, (9223372036854775807 + 1)):bigint>
-- !query output
NULL


-- !query
SELECT try_subtract(1, 1.0 / 0.0)
-- !query schema
struct<try_subtract(1, (1.0 / 0.0)):decimal(9,6)>
-- !query output
NULL


-- !query
SELECT try_subtract(interval 2 year, interval 3 year)
-- !query schema
struct<try_subtract(INTERVAL '2' YEAR, INTERVAL '3' YEAR):interval year>
-- !query output
-1-0


-- !query
SELECT try_subtract(interval 3 second, interval 2 second)
-- !query schema
struct<try_subtract(INTERVAL '03' SECOND, INTERVAL '02' SECOND):interval second>
-- !query output
0 00:00:01.000000000


-- !query
SELECT try_subtract(interval 2147483647 month, interval -2 month)
-- !query schema
struct<try_subtract(INTERVAL '2147483647' MONTH, INTERVAL '-2' MONTH):interval month>
-- !query output
NULL


-- !query
SELECT try_subtract(interval 106751991 day, interval -3 day)
-- !query schema
struct<try_subtract(INTERVAL '106751991' DAY, INTERVAL '-3' DAY):interval day>
-- !query output
NULL


-- !query
SELECT try_multiply(2, 3)
-- !query schema
struct<try_multiply(2, 3):int>
-- !query output
6


-- !query
SELECT try_multiply(2147483647, -2)
-- !query schema
struct<try_multiply(2147483647, -2):int>
-- !query output
NULL


-- !query
SELECT try_multiply(2147483647, decimal(-2))
-- !query schema
struct<try_multiply(2147483647, -2):decimal(21,0)>
-- !query output
-4294967294


-- !query
SELECT try_multiply(2147483647, "-2")
-- !query schema
struct<try_multiply(2147483647, -2):double>
-- !query output
-4.294967294E9


-- !query
SELECT try_multiply(-2147483648, 2)
-- !query schema
struct<try_multiply(-2147483648, 2):int>
-- !query output
NULL


-- !query
SELECT try_multiply(9223372036854775807L, 2)
-- !query schema
struct<try_multiply(9223372036854775807, 2):bigint>
-- !query output
NULL


-- !query
SELECT try_multiply(-9223372036854775808L, -2)
-- !query schema
struct<try_multiply(-9223372036854775808, -2):bigint>
-- !query output
NULL


-- !query
SELECT try_multiply(1, (2147483647 + 1))
-- !query schema
struct<try_multiply(1, (2147483647 + 1)):int>
-- !query output
-2147483648


-- !query
SELECT try_multiply(1L, (9223372036854775807L + 1L))
-- !query schema
struct<try_multiply(1, (9223372036854775807 + 1)):bigint>
-- !query output
-9223372036854775808


-- !query
SELECT try_multiply(1, 1.0 / 0.0)
-- !query schema
struct<try_multiply(1, (1.0 / 0.0)):decimal(10,6)>
-- !query output
NULL


-- !query
SELECT try_multiply(interval 2 year, 2)
-- !query schema
struct<try_multiply(INTERVAL '2' YEAR, 2):interval year to month>
-- !query output
4-0


-- !query
SELECT try_multiply(interval 2 second, 2)
-- !query schema
struct<try_multiply(INTERVAL '02' SECOND, 2):interval day to second>
-- !query output
0 00:00:04.000000000


-- !query
SELECT try_multiply(interval 2 year, 0)
-- !query schema
struct<try_multiply(INTERVAL '2' YEAR, 0):interval year to month>
-- !query output
0-0


-- !query
SELECT try_multiply(interval 2 second, 0)
-- !query schema
struct<try_multiply(INTERVAL '02' SECOND, 0):interval day to second>
-- !query output
0 00:00:00.000000000


-- !query
SELECT try_multiply(interval 2147483647 month, 2)
-- !query schema
struct<try_multiply(INTERVAL '2147483647' MONTH, 2):interval year to month>
-- !query output
NULL


-- !query
SELECT try_multiply(interval 106751991 day, 2)
-- !query schema
struct<try_multiply(INTERVAL '106751991' DAY, 2):interval day to second>
-- !query output
NULL
