-- Automatically generated by SQLQueryTestSuite
-- !query
CREATE TEMPORARY VIEW t AS SELECT 1
-- !query schema
struct<>
-- !query output



-- !query
SELECT '1' + cast(1 as tinyint)                         FROM t
-- !query schema
struct<(1 + CAST(1 AS TINYINT)):double>
-- !query output
2.0


-- !query
SELECT '1' + cast(1 as smallint)                        FROM t
-- !query schema
struct<(1 + CAST(1 AS SMALLINT)):double>
-- !query output
2.0


-- !query
SELECT '1' + cast(1 as int)                             FROM t
-- !query schema
struct<(1 + CAST(1 AS INT)):double>
-- !query output
2.0


-- !query
SELECT '1' + cast(1 as bigint)                          FROM t
-- !query schema
struct<(1 + CAST(1 AS BIGINT)):double>
-- !query output
2.0


-- !query
SELECT '1' + cast(1 as float)                           FROM t
-- !query schema
struct<(1 + CAST(1 AS FLOAT)):double>
-- !query output
2.0


-- !query
SELECT '1' + cast(1 as double)                          FROM t
-- !query schema
struct<(1 + CAST(1 AS DOUBLE)):double>
-- !query output
2.0


-- !query
SELECT '1' + cast(1 as decimal(10, 0))                  FROM t
-- !query schema
struct<(1 + CAST(1 AS DECIMAL(10,0))):double>
-- !query output
2.0


-- !query
SELECT '1' + '1'                                        FROM t
-- !query schema
struct<(1 + 1):double>
-- !query output
2.0


-- !query
SELECT '1' + cast('1' as binary)                        FROM t
-- !query schema
struct<>
-- !query output
org.apache.spark.sql.catalyst.ExtendedAnalysisException
{
  "errorClass" : "DATATYPE_MISMATCH.BINARY_OP_DIFF_TYPES",
  "sqlState" : "42K09",
  "messageParameters" : {
    "left" : "\"DOUBLE\"",
    "right" : "\"BINARY\"",
    "sqlExpr" : "\"(1 + CAST(1 AS BINARY))\""
  },
  "queryContext" : [ {
    "objectType" : "",
    "objectName" : "",
    "startIndex" : 8,
    "stopIndex" : 32,
    "fragment" : "'1' + cast('1' as binary)"
  } ]
}


-- !query
SELECT '1' + cast(1 as boolean)                         FROM t
-- !query schema
struct<>
-- !query output
org.apache.spark.sql.catalyst.ExtendedAnalysisException
{
  "errorClass" : "DATATYPE_MISMATCH.BINARY_OP_DIFF_TYPES",
  "sqlState" : "42K09",
  "messageParameters" : {
    "left" : "\"DOUBLE\"",
    "right" : "\"BOOLEAN\"",
    "sqlExpr" : "\"(1 + CAST(1 AS BOOLEAN))\""
  },
  "queryContext" : [ {
    "objectType" : "",
    "objectName" : "",
    "startIndex" : 8,
    "stopIndex" : 31,
    "fragment" : "'1' + cast(1 as boolean)"
  } ]
}


-- !query
SELECT '1' + cast('2017-12-11 09:30:00.0' as timestamp) FROM t
-- !query schema
struct<>
-- !query output
org.apache.spark.sql.catalyst.ExtendedAnalysisException
{
  "errorClass" : "DATATYPE_MISMATCH.BINARY_OP_DIFF_TYPES",
  "sqlState" : "42K09",
  "messageParameters" : {
    "left" : "\"DOUBLE\"",
    "right" : "\"TIMESTAMP\"",
    "sqlExpr" : "\"(1 + CAST(2017-12-11 09:30:00.0 AS TIMESTAMP))\""
  },
  "queryContext" : [ {
    "objectType" : "",
    "objectName" : "",
    "startIndex" : 8,
    "stopIndex" : 55,
    "fragment" : "'1' + cast('2017-12-11 09:30:00.0' as timestamp)"
  } ]
}


-- !query
SELECT '1' + cast('2017-12-11 09:30:00' as date)        FROM t
-- !query schema
struct<>
-- !query output
org.apache.spark.sql.catalyst.ExtendedAnalysisException
{
  "errorClass" : "DATATYPE_MISMATCH.UNEXPECTED_INPUT_TYPE",
  "sqlState" : "42K09",
  "messageParameters" : {
    "inputSql" : "\"1\"",
    "inputType" : "\"DOUBLE\"",
    "paramIndex" : "second",
    "requiredType" : "(\"INT\" or \"SMALLINT\" or \"TINYINT\")",
    "sqlExpr" : "\"date_add(CAST(2017-12-11 09:30:00 AS DATE), 1)\""
  },
  "queryContext" : [ {
    "objectType" : "",
    "objectName" : "",
    "startIndex" : 8,
    "stopIndex" : 48,
    "fragment" : "'1' + cast('2017-12-11 09:30:00' as date)"
  } ]
}


-- !query
SELECT '1' - cast(1 as tinyint)                         FROM t
-- !query schema
struct<(1 - CAST(1 AS TINYINT)):double>
-- !query output
0.0


-- !query
SELECT '1' - cast(1 as smallint)                        FROM t
-- !query schema
struct<(1 - CAST(1 AS SMALLINT)):double>
-- !query output
0.0


-- !query
SELECT '1' - cast(1 as int)                             FROM t
-- !query schema
struct<(1 - CAST(1 AS INT)):double>
-- !query output
0.0


-- !query
SELECT '1' - cast(1 as bigint)                          FROM t
-- !query schema
struct<(1 - CAST(1 AS BIGINT)):double>
-- !query output
0.0


-- !query
SELECT '1' - cast(1 as float)                           FROM t
-- !query schema
struct<(1 - CAST(1 AS FLOAT)):double>
-- !query output
0.0


-- !query
SELECT '1' - cast(1 as double)                          FROM t
-- !query schema
struct<(1 - CAST(1 AS DOUBLE)):double>
-- !query output
0.0


-- !query
SELECT '1' - cast(1 as decimal(10, 0))                  FROM t
-- !query schema
struct<(1 - CAST(1 AS DECIMAL(10,0))):double>
-- !query output
0.0


-- !query
SELECT '1' - '1'                                        FROM t
-- !query schema
struct<(1 - 1):double>
-- !query output
0.0


-- !query
SELECT '1' - cast('1' as binary)                        FROM t
-- !query schema
struct<>
-- !query output
org.apache.spark.sql.catalyst.ExtendedAnalysisException
{
  "errorClass" : "DATATYPE_MISMATCH.BINARY_OP_DIFF_TYPES",
  "sqlState" : "42K09",
  "messageParameters" : {
    "left" : "\"DOUBLE\"",
    "right" : "\"BINARY\"",
    "sqlExpr" : "\"(1 - CAST(1 AS BINARY))\""
  },
  "queryContext" : [ {
    "objectType" : "",
    "objectName" : "",
    "startIndex" : 8,
    "stopIndex" : 32,
    "fragment" : "'1' - cast('1' as binary)"
  } ]
}


-- !query
SELECT '1' - cast(1 as boolean)                         FROM t
-- !query schema
struct<>
-- !query output
org.apache.spark.sql.catalyst.ExtendedAnalysisException
{
  "errorClass" : "DATATYPE_MISMATCH.BINARY_OP_DIFF_TYPES",
  "sqlState" : "42K09",
  "messageParameters" : {
    "left" : "\"DOUBLE\"",
    "right" : "\"BOOLEAN\"",
    "sqlExpr" : "\"(1 - CAST(1 AS BOOLEAN))\""
  },
  "queryContext" : [ {
    "objectType" : "",
    "objectName" : "",
    "startIndex" : 8,
    "stopIndex" : 31,
    "fragment" : "'1' - cast(1 as boolean)"
  } ]
}


-- !query
SELECT '1' - cast('2017-12-11 09:30:00.0' as timestamp) FROM t
-- !query schema
struct<>
-- !query output
org.apache.spark.sql.catalyst.ExtendedAnalysisException
{
  "errorClass" : "DATATYPE_MISMATCH.UNEXPECTED_INPUT_TYPE",
  "sqlState" : "42K09",
  "messageParameters" : {
    "inputSql" : "\"1\"",
    "inputType" : "\"STRING\"",
    "paramIndex" : "first",
    "requiredType" : "\"(TIMESTAMP OR TIMESTAMP WITHOUT TIME ZONE)\"",
    "sqlExpr" : "\"(1 - CAST(2017-12-11 09:30:00.0 AS TIMESTAMP))\""
  },
  "queryContext" : [ {
    "objectType" : "",
    "objectName" : "",
    "startIndex" : 8,
    "stopIndex" : 55,
    "fragment" : "'1' - cast('2017-12-11 09:30:00.0' as timestamp)"
  } ]
}


-- !query
SELECT '1' - cast('2017-12-11 09:30:00' as date)        FROM t
-- !query schema
struct<(1 - CAST(2017-12-11 09:30:00 AS DATE)):interval day>
-- !query output
NULL


-- !query
SELECT '1' * cast(1 as tinyint)                         FROM t
-- !query schema
struct<(1 * CAST(1 AS TINYINT)):double>
-- !query output
1.0


-- !query
SELECT '1' * cast(1 as smallint)                        FROM t
-- !query schema
struct<(1 * CAST(1 AS SMALLINT)):double>
-- !query output
1.0


-- !query
SELECT '1' * cast(1 as int)                             FROM t
-- !query schema
struct<(1 * CAST(1 AS INT)):double>
-- !query output
1.0


-- !query
SELECT '1' * cast(1 as bigint)                          FROM t
-- !query schema
struct<(1 * CAST(1 AS BIGINT)):double>
-- !query output
1.0


-- !query
SELECT '1' * cast(1 as float)                           FROM t
-- !query schema
struct<(1 * CAST(1 AS FLOAT)):double>
-- !query output
1.0


-- !query
SELECT '1' * cast(1 as double)                          FROM t
-- !query schema
struct<(1 * CAST(1 AS DOUBLE)):double>
-- !query output
1.0


-- !query
SELECT '1' * cast(1 as decimal(10, 0))                  FROM t
-- !query schema
struct<(1 * CAST(1 AS DECIMAL(10,0))):double>
-- !query output
1.0


-- !query
SELECT '1' * '1'                                        FROM t
-- !query schema
struct<(1 * 1):double>
-- !query output
1.0


-- !query
SELECT '1' * cast('1' as binary)                        FROM t
-- !query schema
struct<>
-- !query output
org.apache.spark.sql.catalyst.ExtendedAnalysisException
{
  "errorClass" : "DATATYPE_MISMATCH.BINARY_OP_DIFF_TYPES",
  "sqlState" : "42K09",
  "messageParameters" : {
    "left" : "\"DOUBLE\"",
    "right" : "\"BINARY\"",
    "sqlExpr" : "\"(1 * CAST(1 AS BINARY))\""
  },
  "queryContext" : [ {
    "objectType" : "",
    "objectName" : "",
    "startIndex" : 8,
    "stopIndex" : 32,
    "fragment" : "'1' * cast('1' as binary)"
  } ]
}


-- !query
SELECT '1' * cast(1 as boolean)                         FROM t
-- !query schema
struct<>
-- !query output
org.apache.spark.sql.catalyst.ExtendedAnalysisException
{
  "errorClass" : "DATATYPE_MISMATCH.BINARY_OP_DIFF_TYPES",
  "sqlState" : "42K09",
  "messageParameters" : {
    "left" : "\"DOUBLE\"",
    "right" : "\"BOOLEAN\"",
    "sqlExpr" : "\"(1 * CAST(1 AS BOOLEAN))\""
  },
  "queryContext" : [ {
    "objectType" : "",
    "objectName" : "",
    "startIndex" : 8,
    "stopIndex" : 31,
    "fragment" : "'1' * cast(1 as boolean)"
  } ]
}


-- !query
SELECT '1' * cast('2017-12-11 09:30:00.0' as timestamp) FROM t
-- !query schema
struct<>
-- !query output
org.apache.spark.sql.catalyst.ExtendedAnalysisException
{
  "errorClass" : "DATATYPE_MISMATCH.BINARY_OP_DIFF_TYPES",
  "sqlState" : "42K09",
  "messageParameters" : {
    "left" : "\"DOUBLE\"",
    "right" : "\"TIMESTAMP\"",
    "sqlExpr" : "\"(1 * CAST(2017-12-11 09:30:00.0 AS TIMESTAMP))\""
  },
  "queryContext" : [ {
    "objectType" : "",
    "objectName" : "",
    "startIndex" : 8,
    "stopIndex" : 55,
    "fragment" : "'1' * cast('2017-12-11 09:30:00.0' as timestamp)"
  } ]
}


-- !query
SELECT '1' * cast('2017-12-11 09:30:00' as date)        FROM t
-- !query schema
struct<>
-- !query output
org.apache.spark.sql.catalyst.ExtendedAnalysisException
{
  "errorClass" : "DATATYPE_MISMATCH.BINARY_OP_DIFF_TYPES",
  "sqlState" : "42K09",
  "messageParameters" : {
    "left" : "\"DOUBLE\"",
    "right" : "\"DATE\"",
    "sqlExpr" : "\"(1 * CAST(2017-12-11 09:30:00 AS DATE))\""
  },
  "queryContext" : [ {
    "objectType" : "",
    "objectName" : "",
    "startIndex" : 8,
    "stopIndex" : 48,
    "fragment" : "'1' * cast('2017-12-11 09:30:00' as date)"
  } ]
}


-- !query
SELECT '1' / cast(1 as tinyint)                         FROM t
-- !query schema
struct<(1 / CAST(1 AS TINYINT)):double>
-- !query output
1.0


-- !query
SELECT '1' / cast(1 as smallint)                        FROM t
-- !query schema
struct<(1 / CAST(1 AS SMALLINT)):double>
-- !query output
1.0


-- !query
SELECT '1' / cast(1 as int)                             FROM t
-- !query schema
struct<(1 / CAST(1 AS INT)):double>
-- !query output
1.0


-- !query
SELECT '1' / cast(1 as bigint)                          FROM t
-- !query schema
struct<(1 / CAST(1 AS BIGINT)):double>
-- !query output
1.0


-- !query
SELECT '1' / cast(1 as float)                           FROM t
-- !query schema
struct<(1 / CAST(1 AS FLOAT)):double>
-- !query output
1.0


-- !query
SELECT '1' / cast(1 as double)                          FROM t
-- !query schema
struct<(1 / CAST(1 AS DOUBLE)):double>
-- !query output
1.0


-- !query
SELECT '1' / cast(1 as decimal(10, 0))                  FROM t
-- !query schema
struct<(1 / CAST(1 AS DECIMAL(10,0))):double>
-- !query output
1.0


-- !query
SELECT '1' / '1'                                        FROM t
-- !query schema
struct<(1 / 1):double>
-- !query output
1.0


-- !query
SELECT '1' / cast('1' as binary)                        FROM t
-- !query schema
struct<>
-- !query output
org.apache.spark.sql.catalyst.ExtendedAnalysisException
{
  "errorClass" : "DATATYPE_MISMATCH.BINARY_OP_DIFF_TYPES",
  "sqlState" : "42K09",
  "messageParameters" : {
    "left" : "\"DOUBLE\"",
    "right" : "\"BINARY\"",
    "sqlExpr" : "\"(1 / CAST(1 AS BINARY))\""
  },
  "queryContext" : [ {
    "objectType" : "",
    "objectName" : "",
    "startIndex" : 8,
    "stopIndex" : 32,
    "fragment" : "'1' / cast('1' as binary)"
  } ]
}


-- !query
SELECT '1' / cast(1 as boolean)                         FROM t
-- !query schema
struct<>
-- !query output
org.apache.spark.sql.catalyst.ExtendedAnalysisException
{
  "errorClass" : "DATATYPE_MISMATCH.BINARY_OP_DIFF_TYPES",
  "sqlState" : "42K09",
  "messageParameters" : {
    "left" : "\"DOUBLE\"",
    "right" : "\"BOOLEAN\"",
    "sqlExpr" : "\"(1 / CAST(1 AS BOOLEAN))\""
  },
  "queryContext" : [ {
    "objectType" : "",
    "objectName" : "",
    "startIndex" : 8,
    "stopIndex" : 31,
    "fragment" : "'1' / cast(1 as boolean)"
  } ]
}


-- !query
SELECT '1' / cast('2017-12-11 09:30:00.0' as timestamp) FROM t
-- !query schema
struct<>
-- !query output
org.apache.spark.sql.catalyst.ExtendedAnalysisException
{
  "errorClass" : "DATATYPE_MISMATCH.BINARY_OP_DIFF_TYPES",
  "sqlState" : "42K09",
  "messageParameters" : {
    "left" : "\"DOUBLE\"",
    "right" : "\"TIMESTAMP\"",
    "sqlExpr" : "\"(1 / CAST(2017-12-11 09:30:00.0 AS TIMESTAMP))\""
  },
  "queryContext" : [ {
    "objectType" : "",
    "objectName" : "",
    "startIndex" : 8,
    "stopIndex" : 55,
    "fragment" : "'1' / cast('2017-12-11 09:30:00.0' as timestamp)"
  } ]
}


-- !query
SELECT '1' / cast('2017-12-11 09:30:00' as date)        FROM t
-- !query schema
struct<>
-- !query output
org.apache.spark.sql.catalyst.ExtendedAnalysisException
{
  "errorClass" : "DATATYPE_MISMATCH.BINARY_OP_DIFF_TYPES",
  "sqlState" : "42K09",
  "messageParameters" : {
    "left" : "\"DOUBLE\"",
    "right" : "\"DATE\"",
    "sqlExpr" : "\"(1 / CAST(2017-12-11 09:30:00 AS DATE))\""
  },
  "queryContext" : [ {
    "objectType" : "",
    "objectName" : "",
    "startIndex" : 8,
    "stopIndex" : 48,
    "fragment" : "'1' / cast('2017-12-11 09:30:00' as date)"
  } ]
}


-- !query
SELECT '1' % cast(1 as tinyint)                         FROM t
-- !query schema
struct<(1 % CAST(1 AS TINYINT)):double>
-- !query output
0.0


-- !query
SELECT '1' % cast(1 as smallint)                        FROM t
-- !query schema
struct<(1 % CAST(1 AS SMALLINT)):double>
-- !query output
0.0


-- !query
SELECT '1' % cast(1 as int)                             FROM t
-- !query schema
struct<(1 % CAST(1 AS INT)):double>
-- !query output
0.0


-- !query
SELECT '1' % cast(1 as bigint)                          FROM t
-- !query schema
struct<(1 % CAST(1 AS BIGINT)):double>
-- !query output
0.0


-- !query
SELECT '1' % cast(1 as float)                           FROM t
-- !query schema
struct<(1 % CAST(1 AS FLOAT)):double>
-- !query output
0.0


-- !query
SELECT '1' % cast(1 as double)                          FROM t
-- !query schema
struct<(1 % CAST(1 AS DOUBLE)):double>
-- !query output
0.0


-- !query
SELECT '1' % cast(1 as decimal(10, 0))                  FROM t
-- !query schema
struct<(1 % CAST(1 AS DECIMAL(10,0))):double>
-- !query output
0.0


-- !query
SELECT '1' % '1'                                        FROM t
-- !query schema
struct<(1 % 1):double>
-- !query output
0.0


-- !query
SELECT '1' % cast('1' as binary)                        FROM t
-- !query schema
struct<>
-- !query output
org.apache.spark.sql.catalyst.ExtendedAnalysisException
{
  "errorClass" : "DATATYPE_MISMATCH.BINARY_OP_DIFF_TYPES",
  "sqlState" : "42K09",
  "messageParameters" : {
    "left" : "\"DOUBLE\"",
    "right" : "\"BINARY\"",
    "sqlExpr" : "\"(1 % CAST(1 AS BINARY))\""
  },
  "queryContext" : [ {
    "objectType" : "",
    "objectName" : "",
    "startIndex" : 8,
    "stopIndex" : 32,
    "fragment" : "'1' % cast('1' as binary)"
  } ]
}


-- !query
SELECT '1' % cast(1 as boolean)                         FROM t
-- !query schema
struct<>
-- !query output
org.apache.spark.sql.catalyst.ExtendedAnalysisException
{
  "errorClass" : "DATATYPE_MISMATCH.BINARY_OP_DIFF_TYPES",
  "sqlState" : "42K09",
  "messageParameters" : {
    "left" : "\"DOUBLE\"",
    "right" : "\"BOOLEAN\"",
    "sqlExpr" : "\"(1 % CAST(1 AS BOOLEAN))\""
  },
  "queryContext" : [ {
    "objectType" : "",
    "objectName" : "",
    "startIndex" : 8,
    "stopIndex" : 31,
    "fragment" : "'1' % cast(1 as boolean)"
  } ]
}


-- !query
SELECT '1' % cast('2017-12-11 09:30:00.0' as timestamp) FROM t
-- !query schema
struct<>
-- !query output
org.apache.spark.sql.catalyst.ExtendedAnalysisException
{
  "errorClass" : "DATATYPE_MISMATCH.BINARY_OP_DIFF_TYPES",
  "sqlState" : "42K09",
  "messageParameters" : {
    "left" : "\"DOUBLE\"",
    "right" : "\"TIMESTAMP\"",
    "sqlExpr" : "\"(1 % CAST(2017-12-11 09:30:00.0 AS TIMESTAMP))\""
  },
  "queryContext" : [ {
    "objectType" : "",
    "objectName" : "",
    "startIndex" : 8,
    "stopIndex" : 55,
    "fragment" : "'1' % cast('2017-12-11 09:30:00.0' as timestamp)"
  } ]
}


-- !query
SELECT '1' % cast('2017-12-11 09:30:00' as date)        FROM t
-- !query schema
struct<>
-- !query output
org.apache.spark.sql.catalyst.ExtendedAnalysisException
{
  "errorClass" : "DATATYPE_MISMATCH.BINARY_OP_DIFF_TYPES",
  "sqlState" : "42K09",
  "messageParameters" : {
    "left" : "\"DOUBLE\"",
    "right" : "\"DATE\"",
    "sqlExpr" : "\"(1 % CAST(2017-12-11 09:30:00 AS DATE))\""
  },
  "queryContext" : [ {
    "objectType" : "",
    "objectName" : "",
    "startIndex" : 8,
    "stopIndex" : 48,
    "fragment" : "'1' % cast('2017-12-11 09:30:00' as date)"
  } ]
}


-- !query
SELECT pmod('1', cast(1 as tinyint))                         FROM t
-- !query schema
struct<pmod(1, CAST(1 AS TINYINT)):double>
-- !query output
0.0


-- !query
SELECT pmod('1', cast(1 as smallint))                        FROM t
-- !query schema
struct<pmod(1, CAST(1 AS SMALLINT)):double>
-- !query output
0.0


-- !query
SELECT pmod('1', cast(1 as int))                             FROM t
-- !query schema
struct<pmod(1, CAST(1 AS INT)):double>
-- !query output
0.0


-- !query
SELECT pmod('1', cast(1 as bigint))                          FROM t
-- !query schema
struct<pmod(1, CAST(1 AS BIGINT)):double>
-- !query output
0.0


-- !query
SELECT pmod('1', cast(1 as float))                           FROM t
-- !query schema
struct<pmod(1, CAST(1 AS FLOAT)):double>
-- !query output
0.0


-- !query
SELECT pmod('1', cast(1 as double))                          FROM t
-- !query schema
struct<pmod(1, CAST(1 AS DOUBLE)):double>
-- !query output
0.0


-- !query
SELECT pmod('1', cast(1 as decimal(10, 0)))                  FROM t
-- !query schema
struct<pmod(1, CAST(1 AS DECIMAL(10,0))):double>
-- !query output
0.0


-- !query
SELECT pmod('1', '1')                                        FROM t
-- !query schema
struct<pmod(1, 1):double>
-- !query output
0.0


-- !query
SELECT pmod('1', cast('1' as binary))                        FROM t
-- !query schema
struct<>
-- !query output
org.apache.spark.sql.catalyst.ExtendedAnalysisException
{
  "errorClass" : "DATATYPE_MISMATCH.BINARY_OP_DIFF_TYPES",
  "sqlState" : "42K09",
  "messageParameters" : {
    "left" : "\"DOUBLE\"",
    "right" : "\"BINARY\"",
    "sqlExpr" : "\"pmod(1, CAST(1 AS BINARY))\""
  },
  "queryContext" : [ {
    "objectType" : "",
    "objectName" : "",
    "startIndex" : 8,
    "stopIndex" : 37,
    "fragment" : "pmod('1', cast('1' as binary))"
  } ]
}


-- !query
SELECT pmod('1', cast(1 as boolean))                         FROM t
-- !query schema
struct<>
-- !query output
org.apache.spark.sql.catalyst.ExtendedAnalysisException
{
  "errorClass" : "DATATYPE_MISMATCH.BINARY_OP_DIFF_TYPES",
  "sqlState" : "42K09",
  "messageParameters" : {
    "left" : "\"DOUBLE\"",
    "right" : "\"BOOLEAN\"",
    "sqlExpr" : "\"pmod(1, CAST(1 AS BOOLEAN))\""
  },
  "queryContext" : [ {
    "objectType" : "",
    "objectName" : "",
    "startIndex" : 8,
    "stopIndex" : 36,
    "fragment" : "pmod('1', cast(1 as boolean))"
  } ]
}


-- !query
SELECT pmod('1', cast('2017-12-11 09:30:00.0' as timestamp)) FROM t
-- !query schema
struct<>
-- !query output
org.apache.spark.sql.catalyst.ExtendedAnalysisException
{
  "errorClass" : "DATATYPE_MISMATCH.BINARY_OP_DIFF_TYPES",
  "sqlState" : "42K09",
  "messageParameters" : {
    "left" : "\"DOUBLE\"",
    "right" : "\"TIMESTAMP\"",
    "sqlExpr" : "\"pmod(1, CAST(2017-12-11 09:30:00.0 AS TIMESTAMP))\""
  },
  "queryContext" : [ {
    "objectType" : "",
    "objectName" : "",
    "startIndex" : 8,
    "stopIndex" : 60,
    "fragment" : "pmod('1', cast('2017-12-11 09:30:00.0' as timestamp))"
  } ]
}


-- !query
SELECT pmod('1', cast('2017-12-11 09:30:00' as date))        FROM t
-- !query schema
struct<>
-- !query output
org.apache.spark.sql.catalyst.ExtendedAnalysisException
{
  "errorClass" : "DATATYPE_MISMATCH.BINARY_OP_DIFF_TYPES",
  "sqlState" : "42K09",
  "messageParameters" : {
    "left" : "\"DOUBLE\"",
    "right" : "\"DATE\"",
    "sqlExpr" : "\"pmod(1, CAST(2017-12-11 09:30:00 AS DATE))\""
  },
  "queryContext" : [ {
    "objectType" : "",
    "objectName" : "",
    "startIndex" : 8,
    "stopIndex" : 53,
    "fragment" : "pmod('1', cast('2017-12-11 09:30:00' as date))"
  } ]
}


-- !query
SELECT cast(1 as tinyint)                         + '1' FROM t
-- !query schema
struct<(CAST(1 AS TINYINT) + 1):double>
-- !query output
2.0


-- !query
SELECT cast(1 as smallint)                        + '1' FROM t
-- !query schema
struct<(CAST(1 AS SMALLINT) + 1):double>
-- !query output
2.0


-- !query
SELECT cast(1 as int)                             + '1' FROM t
-- !query schema
struct<(CAST(1 AS INT) + 1):double>
-- !query output
2.0


-- !query
SELECT cast(1 as bigint)                          + '1' FROM t
-- !query schema
struct<(CAST(1 AS BIGINT) + 1):double>
-- !query output
2.0


-- !query
SELECT cast(1 as float)                           + '1' FROM t
-- !query schema
struct<(CAST(1 AS FLOAT) + 1):double>
-- !query output
2.0


-- !query
SELECT cast(1 as double)                          + '1' FROM t
-- !query schema
struct<(CAST(1 AS DOUBLE) + 1):double>
-- !query output
2.0


-- !query
SELECT cast(1 as decimal(10, 0))                  + '1' FROM t
-- !query schema
struct<(CAST(1 AS DECIMAL(10,0)) + 1):double>
-- !query output
2.0


-- !query
SELECT cast('1' as binary)                        + '1' FROM t
-- !query schema
struct<>
-- !query output
org.apache.spark.sql.catalyst.ExtendedAnalysisException
{
  "errorClass" : "DATATYPE_MISMATCH.BINARY_OP_DIFF_TYPES",
  "sqlState" : "42K09",
  "messageParameters" : {
    "left" : "\"BINARY\"",
    "right" : "\"DOUBLE\"",
    "sqlExpr" : "\"(CAST(1 AS BINARY) + 1)\""
  },
  "queryContext" : [ {
    "objectType" : "",
    "objectName" : "",
    "startIndex" : 8,
    "stopIndex" : 55,
    "fragment" : "cast('1' as binary)                        + '1'"
  } ]
}


-- !query
SELECT cast(1 as boolean)                         + '1' FROM t
-- !query schema
struct<>
-- !query output
org.apache.spark.sql.catalyst.ExtendedAnalysisException
{
  "errorClass" : "DATATYPE_MISMATCH.BINARY_OP_DIFF_TYPES",
  "sqlState" : "42K09",
  "messageParameters" : {
    "left" : "\"BOOLEAN\"",
    "right" : "\"DOUBLE\"",
    "sqlExpr" : "\"(CAST(1 AS BOOLEAN) + 1)\""
  },
  "queryContext" : [ {
    "objectType" : "",
    "objectName" : "",
    "startIndex" : 8,
    "stopIndex" : 55,
    "fragment" : "cast(1 as boolean)                         + '1'"
  } ]
}


-- !query
SELECT cast('2017-12-11 09:30:00.0' as timestamp) + '1' FROM t
-- !query schema
struct<>
-- !query output
org.apache.spark.sql.catalyst.ExtendedAnalysisException
{
  "errorClass" : "DATATYPE_MISMATCH.BINARY_OP_DIFF_TYPES",
  "sqlState" : "42K09",
  "messageParameters" : {
    "left" : "\"TIMESTAMP\"",
    "right" : "\"DOUBLE\"",
    "sqlExpr" : "\"(CAST(2017-12-11 09:30:00.0 AS TIMESTAMP) + 1)\""
  },
  "queryContext" : [ {
    "objectType" : "",
    "objectName" : "",
    "startIndex" : 8,
    "stopIndex" : 55,
    "fragment" : "cast('2017-12-11 09:30:00.0' as timestamp) + '1'"
  } ]
}


-- !query
SELECT cast('2017-12-11 09:30:00' as date)        + '1' FROM t
-- !query schema
struct<>
-- !query output
org.apache.spark.sql.catalyst.ExtendedAnalysisException
{
  "errorClass" : "DATATYPE_MISMATCH.UNEXPECTED_INPUT_TYPE",
  "sqlState" : "42K09",
  "messageParameters" : {
    "inputSql" : "\"1\"",
    "inputType" : "\"DOUBLE\"",
    "paramIndex" : "second",
    "requiredType" : "(\"INT\" or \"SMALLINT\" or \"TINYINT\")",
    "sqlExpr" : "\"date_add(CAST(2017-12-11 09:30:00 AS DATE), 1)\""
  },
  "queryContext" : [ {
    "objectType" : "",
    "objectName" : "",
    "startIndex" : 8,
    "stopIndex" : 55,
    "fragment" : "cast('2017-12-11 09:30:00' as date)        + '1'"
  } ]
}


-- !query
SELECT cast(1 as tinyint)                         - '1' FROM t
-- !query schema
struct<(CAST(1 AS TINYINT) - 1):double>
-- !query output
0.0


-- !query
SELECT cast(1 as smallint)                        - '1' FROM t
-- !query schema
struct<(CAST(1 AS SMALLINT) - 1):double>
-- !query output
0.0


-- !query
SELECT cast(1 as int)                             - '1' FROM t
-- !query schema
struct<(CAST(1 AS INT) - 1):double>
-- !query output
0.0


-- !query
SELECT cast(1 as bigint)                          - '1' FROM t
-- !query schema
struct<(CAST(1 AS BIGINT) - 1):double>
-- !query output
0.0


-- !query
SELECT cast(1 as float)                           - '1' FROM t
-- !query schema
struct<(CAST(1 AS FLOAT) - 1):double>
-- !query output
0.0


-- !query
SELECT cast(1 as double)                          - '1' FROM t
-- !query schema
struct<(CAST(1 AS DOUBLE) - 1):double>
-- !query output
0.0


-- !query
SELECT cast(1 as decimal(10, 0))                  - '1' FROM t
-- !query schema
struct<(CAST(1 AS DECIMAL(10,0)) - 1):double>
-- !query output
0.0


-- !query
SELECT cast('1' as binary)                        - '1' FROM t
-- !query schema
struct<>
-- !query output
org.apache.spark.sql.catalyst.ExtendedAnalysisException
{
  "errorClass" : "DATATYPE_MISMATCH.BINARY_OP_DIFF_TYPES",
  "sqlState" : "42K09",
  "messageParameters" : {
    "left" : "\"BINARY\"",
    "right" : "\"DOUBLE\"",
    "sqlExpr" : "\"(CAST(1 AS BINARY) - 1)\""
  },
  "queryContext" : [ {
    "objectType" : "",
    "objectName" : "",
    "startIndex" : 8,
    "stopIndex" : 55,
    "fragment" : "cast('1' as binary)                        - '1'"
  } ]
}


-- !query
SELECT cast(1 as boolean)                         - '1' FROM t
-- !query schema
struct<>
-- !query output
org.apache.spark.sql.catalyst.ExtendedAnalysisException
{
  "errorClass" : "DATATYPE_MISMATCH.BINARY_OP_DIFF_TYPES",
  "sqlState" : "42K09",
  "messageParameters" : {
    "left" : "\"BOOLEAN\"",
    "right" : "\"DOUBLE\"",
    "sqlExpr" : "\"(CAST(1 AS BOOLEAN) - 1)\""
  },
  "queryContext" : [ {
    "objectType" : "",
    "objectName" : "",
    "startIndex" : 8,
    "stopIndex" : 55,
    "fragment" : "cast(1 as boolean)                         - '1'"
  } ]
}


-- !query
SELECT cast('2017-12-11 09:30:00.0' as timestamp) - '1' FROM t
-- !query schema
struct<>
-- !query output
org.apache.spark.sql.catalyst.ExtendedAnalysisException
{
  "errorClass" : "DATATYPE_MISMATCH.UNEXPECTED_INPUT_TYPE",
  "sqlState" : "42K09",
  "messageParameters" : {
    "inputSql" : "\"1\"",
    "inputType" : "\"STRING\"",
    "paramIndex" : "second",
    "requiredType" : "\"(TIMESTAMP OR TIMESTAMP WITHOUT TIME ZONE)\"",
    "sqlExpr" : "\"(CAST(2017-12-11 09:30:00.0 AS TIMESTAMP) - 1)\""
  },
  "queryContext" : [ {
    "objectType" : "",
    "objectName" : "",
    "startIndex" : 8,
    "stopIndex" : 55,
    "fragment" : "cast('2017-12-11 09:30:00.0' as timestamp) - '1'"
  } ]
}


-- !query
SELECT cast('2017-12-11 09:30:00' as date)        - '1' FROM t
-- !query schema
struct<>
-- !query output
org.apache.spark.sql.catalyst.ExtendedAnalysisException
{
  "errorClass" : "DATATYPE_MISMATCH.UNEXPECTED_INPUT_TYPE",
  "sqlState" : "42K09",
  "messageParameters" : {
    "inputSql" : "\"1\"",
    "inputType" : "\"DOUBLE\"",
    "paramIndex" : "second",
    "requiredType" : "(\"INT\" or \"SMALLINT\" or \"TINYINT\")",
    "sqlExpr" : "\"date_sub(CAST(2017-12-11 09:30:00 AS DATE), 1)\""
  },
  "queryContext" : [ {
    "objectType" : "",
    "objectName" : "",
    "startIndex" : 8,
    "stopIndex" : 55,
    "fragment" : "cast('2017-12-11 09:30:00' as date)        - '1'"
  } ]
}


-- !query
SELECT cast(1 as tinyint)                         * '1' FROM t
-- !query schema
struct<(CAST(1 AS TINYINT) * 1):double>
-- !query output
1.0


-- !query
SELECT cast(1 as smallint)                        * '1' FROM t
-- !query schema
struct<(CAST(1 AS SMALLINT) * 1):double>
-- !query output
1.0


-- !query
SELECT cast(1 as int)                             * '1' FROM t
-- !query schema
struct<(CAST(1 AS INT) * 1):double>
-- !query output
1.0


-- !query
SELECT cast(1 as bigint)                          * '1' FROM t
-- !query schema
struct<(CAST(1 AS BIGINT) * 1):double>
-- !query output
1.0


-- !query
SELECT cast(1 as float)                           * '1' FROM t
-- !query schema
struct<(CAST(1 AS FLOAT) * 1):double>
-- !query output
1.0


-- !query
SELECT cast(1 as double)                          * '1' FROM t
-- !query schema
struct<(CAST(1 AS DOUBLE) * 1):double>
-- !query output
1.0


-- !query
SELECT cast(1 as decimal(10, 0))                  * '1' FROM t
-- !query schema
struct<(CAST(1 AS DECIMAL(10,0)) * 1):double>
-- !query output
1.0


-- !query
SELECT cast('1' as binary)                        * '1' FROM t
-- !query schema
struct<>
-- !query output
org.apache.spark.sql.catalyst.ExtendedAnalysisException
{
  "errorClass" : "DATATYPE_MISMATCH.BINARY_OP_DIFF_TYPES",
  "sqlState" : "42K09",
  "messageParameters" : {
    "left" : "\"BINARY\"",
    "right" : "\"DOUBLE\"",
    "sqlExpr" : "\"(CAST(1 AS BINARY) * 1)\""
  },
  "queryContext" : [ {
    "objectType" : "",
    "objectName" : "",
    "startIndex" : 8,
    "stopIndex" : 55,
    "fragment" : "cast('1' as binary)                        * '1'"
  } ]
}


-- !query
SELECT cast(1 as boolean)                         * '1' FROM t
-- !query schema
struct<>
-- !query output
org.apache.spark.sql.catalyst.ExtendedAnalysisException
{
  "errorClass" : "DATATYPE_MISMATCH.BINARY_OP_DIFF_TYPES",
  "sqlState" : "42K09",
  "messageParameters" : {
    "left" : "\"BOOLEAN\"",
    "right" : "\"DOUBLE\"",
    "sqlExpr" : "\"(CAST(1 AS BOOLEAN) * 1)\""
  },
  "queryContext" : [ {
    "objectType" : "",
    "objectName" : "",
    "startIndex" : 8,
    "stopIndex" : 55,
    "fragment" : "cast(1 as boolean)                         * '1'"
  } ]
}


-- !query
SELECT cast('2017-12-11 09:30:00.0' as timestamp) * '1' FROM t
-- !query schema
struct<>
-- !query output
org.apache.spark.sql.catalyst.ExtendedAnalysisException
{
  "errorClass" : "DATATYPE_MISMATCH.BINARY_OP_DIFF_TYPES",
  "sqlState" : "42K09",
  "messageParameters" : {
    "left" : "\"TIMESTAMP\"",
    "right" : "\"DOUBLE\"",
    "sqlExpr" : "\"(CAST(2017-12-11 09:30:00.0 AS TIMESTAMP) * 1)\""
  },
  "queryContext" : [ {
    "objectType" : "",
    "objectName" : "",
    "startIndex" : 8,
    "stopIndex" : 55,
    "fragment" : "cast('2017-12-11 09:30:00.0' as timestamp) * '1'"
  } ]
}


-- !query
SELECT cast('2017-12-11 09:30:00' as date)        * '1' FROM t
-- !query schema
struct<>
-- !query output
org.apache.spark.sql.catalyst.ExtendedAnalysisException
{
  "errorClass" : "DATATYPE_MISMATCH.BINARY_OP_DIFF_TYPES",
  "sqlState" : "42K09",
  "messageParameters" : {
    "left" : "\"DATE\"",
    "right" : "\"DOUBLE\"",
    "sqlExpr" : "\"(CAST(2017-12-11 09:30:00 AS DATE) * 1)\""
  },
  "queryContext" : [ {
    "objectType" : "",
    "objectName" : "",
    "startIndex" : 8,
    "stopIndex" : 55,
    "fragment" : "cast('2017-12-11 09:30:00' as date)        * '1'"
  } ]
}


-- !query
SELECT cast(1 as tinyint)                         / '1' FROM t
-- !query schema
struct<(CAST(1 AS TINYINT) / 1):double>
-- !query output
1.0


-- !query
SELECT cast(1 as smallint)                        / '1' FROM t
-- !query schema
struct<(CAST(1 AS SMALLINT) / 1):double>
-- !query output
1.0


-- !query
SELECT cast(1 as int)                             / '1' FROM t
-- !query schema
struct<(CAST(1 AS INT) / 1):double>
-- !query output
1.0


-- !query
SELECT cast(1 as bigint)                          / '1' FROM t
-- !query schema
struct<(CAST(1 AS BIGINT) / 1):double>
-- !query output
1.0


-- !query
SELECT cast(1 as float)                           / '1' FROM t
-- !query schema
struct<(CAST(1 AS FLOAT) / 1):double>
-- !query output
1.0


-- !query
SELECT cast(1 as double)                          / '1' FROM t
-- !query schema
struct<(CAST(1 AS DOUBLE) / 1):double>
-- !query output
1.0


-- !query
SELECT cast(1 as decimal(10, 0))                  / '1' FROM t
-- !query schema
struct<(CAST(1 AS DECIMAL(10,0)) / 1):double>
-- !query output
1.0


-- !query
SELECT cast('1' as binary)                        / '1' FROM t
-- !query schema
struct<>
-- !query output
org.apache.spark.sql.catalyst.ExtendedAnalysisException
{
  "errorClass" : "DATATYPE_MISMATCH.BINARY_OP_DIFF_TYPES",
  "sqlState" : "42K09",
  "messageParameters" : {
    "left" : "\"BINARY\"",
    "right" : "\"DOUBLE\"",
    "sqlExpr" : "\"(CAST(1 AS BINARY) / 1)\""
  },
  "queryContext" : [ {
    "objectType" : "",
    "objectName" : "",
    "startIndex" : 8,
    "stopIndex" : 55,
    "fragment" : "cast('1' as binary)                        / '1'"
  } ]
}


-- !query
SELECT cast(1 as boolean)                         / '1' FROM t
-- !query schema
struct<>
-- !query output
org.apache.spark.sql.catalyst.ExtendedAnalysisException
{
  "errorClass" : "DATATYPE_MISMATCH.BINARY_OP_DIFF_TYPES",
  "sqlState" : "42K09",
  "messageParameters" : {
    "left" : "\"BOOLEAN\"",
    "right" : "\"DOUBLE\"",
    "sqlExpr" : "\"(CAST(1 AS BOOLEAN) / 1)\""
  },
  "queryContext" : [ {
    "objectType" : "",
    "objectName" : "",
    "startIndex" : 8,
    "stopIndex" : 55,
    "fragment" : "cast(1 as boolean)                         / '1'"
  } ]
}


-- !query
SELECT cast('2017-12-11 09:30:00.0' as timestamp) / '1' FROM t
-- !query schema
struct<>
-- !query output
org.apache.spark.sql.catalyst.ExtendedAnalysisException
{
  "errorClass" : "DATATYPE_MISMATCH.BINARY_OP_DIFF_TYPES",
  "sqlState" : "42K09",
  "messageParameters" : {
    "left" : "\"TIMESTAMP\"",
    "right" : "\"DOUBLE\"",
    "sqlExpr" : "\"(CAST(2017-12-11 09:30:00.0 AS TIMESTAMP) / 1)\""
  },
  "queryContext" : [ {
    "objectType" : "",
    "objectName" : "",
    "startIndex" : 8,
    "stopIndex" : 55,
    "fragment" : "cast('2017-12-11 09:30:00.0' as timestamp) / '1'"
  } ]
}


-- !query
SELECT cast('2017-12-11 09:30:00' as date)        / '1' FROM t
-- !query schema
struct<>
-- !query output
org.apache.spark.sql.catalyst.ExtendedAnalysisException
{
  "errorClass" : "DATATYPE_MISMATCH.BINARY_OP_DIFF_TYPES",
  "sqlState" : "42K09",
  "messageParameters" : {
    "left" : "\"DATE\"",
    "right" : "\"DOUBLE\"",
    "sqlExpr" : "\"(CAST(2017-12-11 09:30:00 AS DATE) / 1)\""
  },
  "queryContext" : [ {
    "objectType" : "",
    "objectName" : "",
    "startIndex" : 8,
    "stopIndex" : 55,
    "fragment" : "cast('2017-12-11 09:30:00' as date)        / '1'"
  } ]
}


-- !query
SELECT cast(1 as tinyint)                         % '1' FROM t
-- !query schema
struct<(CAST(1 AS TINYINT) % 1):double>
-- !query output
0.0


-- !query
SELECT cast(1 as smallint)                        % '1' FROM t
-- !query schema
struct<(CAST(1 AS SMALLINT) % 1):double>
-- !query output
0.0


-- !query
SELECT cast(1 as int)                             % '1' FROM t
-- !query schema
struct<(CAST(1 AS INT) % 1):double>
-- !query output
0.0


-- !query
SELECT cast(1 as bigint)                          % '1' FROM t
-- !query schema
struct<(CAST(1 AS BIGINT) % 1):double>
-- !query output
0.0


-- !query
SELECT cast(1 as float)                           % '1' FROM t
-- !query schema
struct<(CAST(1 AS FLOAT) % 1):double>
-- !query output
0.0


-- !query
SELECT cast(1 as double)                          % '1' FROM t
-- !query schema
struct<(CAST(1 AS DOUBLE) % 1):double>
-- !query output
0.0


-- !query
SELECT cast(1 as decimal(10, 0))                  % '1' FROM t
-- !query schema
struct<(CAST(1 AS DECIMAL(10,0)) % 1):double>
-- !query output
0.0


-- !query
SELECT cast('1' as binary)                        % '1' FROM t
-- !query schema
struct<>
-- !query output
org.apache.spark.sql.catalyst.ExtendedAnalysisException
{
  "errorClass" : "DATATYPE_MISMATCH.BINARY_OP_DIFF_TYPES",
  "sqlState" : "42K09",
  "messageParameters" : {
    "left" : "\"BINARY\"",
    "right" : "\"DOUBLE\"",
    "sqlExpr" : "\"(CAST(1 AS BINARY) % 1)\""
  },
  "queryContext" : [ {
    "objectType" : "",
    "objectName" : "",
    "startIndex" : 8,
    "stopIndex" : 55,
    "fragment" : "cast('1' as binary)                        % '1'"
  } ]
}


-- !query
SELECT cast(1 as boolean)                         % '1' FROM t
-- !query schema
struct<>
-- !query output
org.apache.spark.sql.catalyst.ExtendedAnalysisException
{
  "errorClass" : "DATATYPE_MISMATCH.BINARY_OP_DIFF_TYPES",
  "sqlState" : "42K09",
  "messageParameters" : {
    "left" : "\"BOOLEAN\"",
    "right" : "\"DOUBLE\"",
    "sqlExpr" : "\"(CAST(1 AS BOOLEAN) % 1)\""
  },
  "queryContext" : [ {
    "objectType" : "",
    "objectName" : "",
    "startIndex" : 8,
    "stopIndex" : 55,
    "fragment" : "cast(1 as boolean)                         % '1'"
  } ]
}


-- !query
SELECT cast('2017-12-11 09:30:00.0' as timestamp) % '1' FROM t
-- !query schema
struct<>
-- !query output
org.apache.spark.sql.catalyst.ExtendedAnalysisException
{
  "errorClass" : "DATATYPE_MISMATCH.BINARY_OP_DIFF_TYPES",
  "sqlState" : "42K09",
  "messageParameters" : {
    "left" : "\"TIMESTAMP\"",
    "right" : "\"DOUBLE\"",
    "sqlExpr" : "\"(CAST(2017-12-11 09:30:00.0 AS TIMESTAMP) % 1)\""
  },
  "queryContext" : [ {
    "objectType" : "",
    "objectName" : "",
    "startIndex" : 8,
    "stopIndex" : 55,
    "fragment" : "cast('2017-12-11 09:30:00.0' as timestamp) % '1'"
  } ]
}


-- !query
SELECT cast('2017-12-11 09:30:00' as date)        % '1' FROM t
-- !query schema
struct<>
-- !query output
org.apache.spark.sql.catalyst.ExtendedAnalysisException
{
  "errorClass" : "DATATYPE_MISMATCH.BINARY_OP_DIFF_TYPES",
  "sqlState" : "42K09",
  "messageParameters" : {
    "left" : "\"DATE\"",
    "right" : "\"DOUBLE\"",
    "sqlExpr" : "\"(CAST(2017-12-11 09:30:00 AS DATE) % 1)\""
  },
  "queryContext" : [ {
    "objectType" : "",
    "objectName" : "",
    "startIndex" : 8,
    "stopIndex" : 55,
    "fragment" : "cast('2017-12-11 09:30:00' as date)        % '1'"
  } ]
}


-- !query
SELECT pmod(cast(1 as tinyint), '1')                         FROM t
-- !query schema
struct<pmod(CAST(1 AS TINYINT), 1):double>
-- !query output
0.0


-- !query
SELECT pmod(cast(1 as smallint), '1')                        FROM t
-- !query schema
struct<pmod(CAST(1 AS SMALLINT), 1):double>
-- !query output
0.0


-- !query
SELECT pmod(cast(1 as int), '1')                             FROM t
-- !query schema
struct<pmod(CAST(1 AS INT), 1):double>
-- !query output
0.0


-- !query
SELECT pmod(cast(1 as bigint), '1')                          FROM t
-- !query schema
struct<pmod(CAST(1 AS BIGINT), 1):double>
-- !query output
0.0


-- !query
SELECT pmod(cast(1 as float), '1')                           FROM t
-- !query schema
struct<pmod(CAST(1 AS FLOAT), 1):double>
-- !query output
0.0


-- !query
SELECT pmod(cast(1 as double), '1')                          FROM t
-- !query schema
struct<pmod(CAST(1 AS DOUBLE), 1):double>
-- !query output
0.0


-- !query
SELECT pmod(cast(1 as decimal(10, 0)), '1')                  FROM t
-- !query schema
struct<pmod(CAST(1 AS DECIMAL(10,0)), 1):double>
-- !query output
0.0


-- !query
SELECT pmod(cast('1' as binary), '1')                        FROM t
-- !query schema
struct<>
-- !query output
org.apache.spark.sql.catalyst.ExtendedAnalysisException
{
  "errorClass" : "DATATYPE_MISMATCH.BINARY_OP_DIFF_TYPES",
  "sqlState" : "42K09",
  "messageParameters" : {
    "left" : "\"BINARY\"",
    "right" : "\"DOUBLE\"",
    "sqlExpr" : "\"pmod(CAST(1 AS BINARY), 1)\""
  },
  "queryContext" : [ {
    "objectType" : "",
    "objectName" : "",
    "startIndex" : 8,
    "stopIndex" : 37,
    "fragment" : "pmod(cast('1' as binary), '1')"
  } ]
}


-- !query
SELECT pmod(cast(1 as boolean), '1')                         FROM t
-- !query schema
struct<>
-- !query output
org.apache.spark.sql.catalyst.ExtendedAnalysisException
{
  "errorClass" : "DATATYPE_MISMATCH.BINARY_OP_DIFF_TYPES",
  "sqlState" : "42K09",
  "messageParameters" : {
    "left" : "\"BOOLEAN\"",
    "right" : "\"DOUBLE\"",
    "sqlExpr" : "\"pmod(CAST(1 AS BOOLEAN), 1)\""
  },
  "queryContext" : [ {
    "objectType" : "",
    "objectName" : "",
    "startIndex" : 8,
    "stopIndex" : 36,
    "fragment" : "pmod(cast(1 as boolean), '1')"
  } ]
}


-- !query
SELECT pmod(cast('2017-12-11 09:30:00.0' as timestamp), '1') FROM t
-- !query schema
struct<>
-- !query output
org.apache.spark.sql.catalyst.ExtendedAnalysisException
{
  "errorClass" : "DATATYPE_MISMATCH.BINARY_OP_DIFF_TYPES",
  "sqlState" : "42K09",
  "messageParameters" : {
    "left" : "\"TIMESTAMP\"",
    "right" : "\"DOUBLE\"",
    "sqlExpr" : "\"pmod(CAST(2017-12-11 09:30:00.0 AS TIMESTAMP), 1)\""
  },
  "queryContext" : [ {
    "objectType" : "",
    "objectName" : "",
    "startIndex" : 8,
    "stopIndex" : 60,
    "fragment" : "pmod(cast('2017-12-11 09:30:00.0' as timestamp), '1')"
  } ]
}


-- !query
SELECT pmod(cast('2017-12-11 09:30:00' as date), '1')        FROM t
-- !query schema
struct<>
-- !query output
org.apache.spark.sql.catalyst.ExtendedAnalysisException
{
  "errorClass" : "DATATYPE_MISMATCH.BINARY_OP_DIFF_TYPES",
  "sqlState" : "42K09",
  "messageParameters" : {
    "left" : "\"DATE\"",
    "right" : "\"DOUBLE\"",
    "sqlExpr" : "\"pmod(CAST(2017-12-11 09:30:00 AS DATE), 1)\""
  },
  "queryContext" : [ {
    "objectType" : "",
    "objectName" : "",
    "startIndex" : 8,
    "stopIndex" : 53,
    "fragment" : "pmod(cast('2017-12-11 09:30:00' as date), '1')"
  } ]
}


-- !query
SELECT '1' = cast(1 as tinyint)                         FROM t
-- !query schema
struct<(1 = CAST(1 AS TINYINT)):boolean>
-- !query output
true


-- !query
SELECT '1' = cast(1 as smallint)                        FROM t
-- !query schema
struct<(1 = CAST(1 AS SMALLINT)):boolean>
-- !query output
true


-- !query
SELECT '1' = cast(1 as int)                             FROM t
-- !query schema
struct<(1 = CAST(1 AS INT)):boolean>
-- !query output
true


-- !query
SELECT '1' = cast(1 as bigint)                          FROM t
-- !query schema
struct<(1 = CAST(1 AS BIGINT)):boolean>
-- !query output
true


-- !query
SELECT '1' = cast(1 as float)                           FROM t
-- !query schema
struct<(1 = CAST(1 AS FLOAT)):boolean>
-- !query output
true


-- !query
SELECT '1' = cast(1 as double)                          FROM t
-- !query schema
struct<(1 = CAST(1 AS DOUBLE)):boolean>
-- !query output
true


-- !query
SELECT '1' = cast(1 as decimal(10, 0))                  FROM t
-- !query schema
struct<(1 = CAST(1 AS DECIMAL(10,0))):boolean>
-- !query output
true


-- !query
SELECT '1' = '1'                                        FROM t
-- !query schema
struct<(1 = 1):boolean>
-- !query output
true


-- !query
SELECT '1' = cast('1' as binary)                        FROM t
-- !query schema
struct<(1 = CAST(1 AS BINARY)):boolean>
-- !query output
true


-- !query
SELECT '1' = cast(1 as boolean)                         FROM t
-- !query schema
struct<(1 = CAST(1 AS BOOLEAN)):boolean>
-- !query output
true


-- !query
SELECT '1' = cast('2017-12-11 09:30:00.0' as timestamp) FROM t
-- !query schema
struct<(1 = CAST(2017-12-11 09:30:00.0 AS TIMESTAMP)):boolean>
-- !query output
NULL


-- !query
SELECT '1' = cast('2017-12-11 09:30:00' as date)        FROM t
-- !query schema
struct<(1 = CAST(2017-12-11 09:30:00 AS DATE)):boolean>
-- !query output
NULL


-- !query
SELECT cast(1 as tinyint)                         = '1' FROM t
-- !query schema
struct<(CAST(1 AS TINYINT) = 1):boolean>
-- !query output
true


-- !query
SELECT cast(1 as smallint)                        = '1' FROM t
-- !query schema
struct<(CAST(1 AS SMALLINT) = 1):boolean>
-- !query output
true


-- !query
SELECT cast(1 as int)                             = '1' FROM t
-- !query schema
struct<(CAST(1 AS INT) = 1):boolean>
-- !query output
true


-- !query
SELECT cast(1 as bigint)                          = '1' FROM t
-- !query schema
struct<(CAST(1 AS BIGINT) = 1):boolean>
-- !query output
true


-- !query
SELECT cast(1 as float)                           = '1' FROM t
-- !query schema
struct<(CAST(1 AS FLOAT) = 1):boolean>
-- !query output
true


-- !query
SELECT cast(1 as double)                          = '1' FROM t
-- !query schema
struct<(CAST(1 AS DOUBLE) = 1):boolean>
-- !query output
true


-- !query
SELECT cast(1 as decimal(10, 0))                  = '1' FROM t
-- !query schema
struct<(CAST(1 AS DECIMAL(10,0)) = 1):boolean>
-- !query output
true


-- !query
SELECT cast('1' as binary)                        = '1' FROM t
-- !query schema
struct<(CAST(1 AS BINARY) = 1):boolean>
-- !query output
true


-- !query
SELECT cast(1 as boolean)                         = '1' FROM t
-- !query schema
struct<(CAST(1 AS BOOLEAN) = 1):boolean>
-- !query output
true


-- !query
SELECT cast('2017-12-11 09:30:00.0' as timestamp) = '1' FROM t
-- !query schema
struct<(CAST(2017-12-11 09:30:00.0 AS TIMESTAMP) = 1):boolean>
-- !query output
NULL


-- !query
SELECT cast('2017-12-11 09:30:00' as date)        = '1' FROM t
-- !query schema
struct<(CAST(2017-12-11 09:30:00 AS DATE) = 1):boolean>
-- !query output
NULL


-- !query
SELECT '1' <=> cast(1 as tinyint)                         FROM t
-- !query schema
struct<(1 <=> CAST(1 AS TINYINT)):boolean>
-- !query output
true


-- !query
SELECT '1' <=> cast(1 as smallint)                        FROM t
-- !query schema
struct<(1 <=> CAST(1 AS SMALLINT)):boolean>
-- !query output
true


-- !query
SELECT '1' <=> cast(1 as int)                             FROM t
-- !query schema
struct<(1 <=> CAST(1 AS INT)):boolean>
-- !query output
true


-- !query
SELECT '1' <=> cast(1 as bigint)                          FROM t
-- !query schema
struct<(1 <=> CAST(1 AS BIGINT)):boolean>
-- !query output
true


-- !query
SELECT '1' <=> cast(1 as float)                           FROM t
-- !query schema
struct<(1 <=> CAST(1 AS FLOAT)):boolean>
-- !query output
true


-- !query
SELECT '1' <=> cast(1 as double)                          FROM t
-- !query schema
struct<(1 <=> CAST(1 AS DOUBLE)):boolean>
-- !query output
true


-- !query
SELECT '1' <=> cast(1 as decimal(10, 0))                  FROM t
-- !query schema
struct<(1 <=> CAST(1 AS DECIMAL(10,0))):boolean>
-- !query output
true


-- !query
SELECT '1' <=> '1'                                        FROM t
-- !query schema
struct<(1 <=> 1):boolean>
-- !query output
true


-- !query
SELECT '1' <=> cast('1' as binary)                        FROM t
-- !query schema
struct<(1 <=> CAST(1 AS BINARY)):boolean>
-- !query output
true


-- !query
SELECT '1' <=> cast(1 as boolean)                         FROM t
-- !query schema
struct<(1 <=> CAST(1 AS BOOLEAN)):boolean>
-- !query output
true


-- !query
SELECT '1' <=> cast('2017-12-11 09:30:00.0' as timestamp) FROM t
-- !query schema
struct<(1 <=> CAST(2017-12-11 09:30:00.0 AS TIMESTAMP)):boolean>
-- !query output
false


-- !query
SELECT '1' <=> cast('2017-12-11 09:30:00' as date)        FROM t
-- !query schema
struct<(1 <=> CAST(2017-12-11 09:30:00 AS DATE)):boolean>
-- !query output
false


-- !query
SELECT cast(1 as tinyint)                         <=> '1' FROM t
-- !query schema
struct<(CAST(1 AS TINYINT) <=> 1):boolean>
-- !query output
true


-- !query
SELECT cast(1 as smallint)                        <=> '1' FROM t
-- !query schema
struct<(CAST(1 AS SMALLINT) <=> 1):boolean>
-- !query output
true


-- !query
SELECT cast(1 as int)                             <=> '1' FROM t
-- !query schema
struct<(CAST(1 AS INT) <=> 1):boolean>
-- !query output
true


-- !query
SELECT cast(1 as bigint)                          <=> '1' FROM t
-- !query schema
struct<(CAST(1 AS BIGINT) <=> 1):boolean>
-- !query output
true


-- !query
SELECT cast(1 as float)                           <=> '1' FROM t
-- !query schema
struct<(CAST(1 AS FLOAT) <=> 1):boolean>
-- !query output
true


-- !query
SELECT cast(1 as double)                          <=> '1' FROM t
-- !query schema
struct<(CAST(1 AS DOUBLE) <=> 1):boolean>
-- !query output
true


-- !query
SELECT cast(1 as decimal(10, 0))                  <=> '1' FROM t
-- !query schema
struct<(CAST(1 AS DECIMAL(10,0)) <=> 1):boolean>
-- !query output
true


-- !query
SELECT cast('1' as binary)                        <=> '1' FROM t
-- !query schema
struct<(CAST(1 AS BINARY) <=> 1):boolean>
-- !query output
true


-- !query
SELECT cast(1 as boolean)                         <=> '1' FROM t
-- !query schema
struct<(CAST(1 AS BOOLEAN) <=> 1):boolean>
-- !query output
true


-- !query
SELECT cast('2017-12-11 09:30:00.0' as timestamp) <=> '1' FROM t
-- !query schema
struct<(CAST(2017-12-11 09:30:00.0 AS TIMESTAMP) <=> 1):boolean>
-- !query output
false


-- !query
SELECT cast('2017-12-11 09:30:00' as date)        <=> '1' FROM t
-- !query schema
struct<(CAST(2017-12-11 09:30:00 AS DATE) <=> 1):boolean>
-- !query output
false


-- !query
SELECT '1' < cast(1 as tinyint)                         FROM t
-- !query schema
struct<(1 < CAST(1 AS TINYINT)):boolean>
-- !query output
false


-- !query
SELECT '1' < cast(1 as smallint)                        FROM t
-- !query schema
struct<(1 < CAST(1 AS SMALLINT)):boolean>
-- !query output
false


-- !query
SELECT '1' < cast(1 as int)                             FROM t
-- !query schema
struct<(1 < CAST(1 AS INT)):boolean>
-- !query output
false


-- !query
SELECT '1' < cast(1 as bigint)                          FROM t
-- !query schema
struct<(1 < CAST(1 AS BIGINT)):boolean>
-- !query output
false


-- !query
SELECT '1' < cast(1 as float)                           FROM t
-- !query schema
struct<(1 < CAST(1 AS FLOAT)):boolean>
-- !query output
false


-- !query
SELECT '1' < cast(1 as double)                          FROM t
-- !query schema
struct<(1 < CAST(1 AS DOUBLE)):boolean>
-- !query output
false


-- !query
SELECT '1' < cast(1 as decimal(10, 0))                  FROM t
-- !query schema
struct<(1 < CAST(1 AS DECIMAL(10,0))):boolean>
-- !query output
false


-- !query
SELECT '1' < '1'                                        FROM t
-- !query schema
struct<(1 < 1):boolean>
-- !query output
false


-- !query
SELECT '1' < cast('1' as binary)                        FROM t
-- !query schema
struct<(1 < CAST(1 AS BINARY)):boolean>
-- !query output
false


-- !query
SELECT '1' < cast(1 as boolean)                         FROM t
-- !query schema
struct<(1 < CAST(1 AS BOOLEAN)):boolean>
-- !query output
false


-- !query
SELECT '1' < cast('2017-12-11 09:30:00.0' as timestamp) FROM t
-- !query schema
struct<(1 < CAST(2017-12-11 09:30:00.0 AS TIMESTAMP)):boolean>
-- !query output
NULL


-- !query
SELECT '1' < cast('2017-12-11 09:30:00' as date)        FROM t
-- !query schema
struct<(1 < CAST(2017-12-11 09:30:00 AS DATE)):boolean>
-- !query output
NULL


-- !query
SELECT '1' <= cast(1 as tinyint)                         FROM t
-- !query schema
struct<(1 <= CAST(1 AS TINYINT)):boolean>
-- !query output
true


-- !query
SELECT '1' <= cast(1 as smallint)                        FROM t
-- !query schema
struct<(1 <= CAST(1 AS SMALLINT)):boolean>
-- !query output
true


-- !query
SELECT '1' <= cast(1 as int)                             FROM t
-- !query schema
struct<(1 <= CAST(1 AS INT)):boolean>
-- !query output
true


-- !query
SELECT '1' <= cast(1 as bigint)                          FROM t
-- !query schema
struct<(1 <= CAST(1 AS BIGINT)):boolean>
-- !query output
true


-- !query
SELECT '1' <= cast(1 as float)                           FROM t
-- !query schema
struct<(1 <= CAST(1 AS FLOAT)):boolean>
-- !query output
true


-- !query
SELECT '1' <= cast(1 as double)                          FROM t
-- !query schema
struct<(1 <= CAST(1 AS DOUBLE)):boolean>
-- !query output
true


-- !query
SELECT '1' <= cast(1 as decimal(10, 0))                  FROM t
-- !query schema
struct<(1 <= CAST(1 AS DECIMAL(10,0))):boolean>
-- !query output
true


-- !query
SELECT '1' <= '1'                                        FROM t
-- !query schema
struct<(1 <= 1):boolean>
-- !query output
true


-- !query
SELECT '1' <= cast('1' as binary)                        FROM t
-- !query schema
struct<(1 <= CAST(1 AS BINARY)):boolean>
-- !query output
true


-- !query
SELECT '1' <= cast(1 as boolean)                         FROM t
-- !query schema
struct<(1 <= CAST(1 AS BOOLEAN)):boolean>
-- !query output
true


-- !query
SELECT '1' <= cast('2017-12-11 09:30:00.0' as timestamp) FROM t
-- !query schema
struct<(1 <= CAST(2017-12-11 09:30:00.0 AS TIMESTAMP)):boolean>
-- !query output
NULL


-- !query
SELECT '1' <= cast('2017-12-11 09:30:00' as date)        FROM t
-- !query schema
struct<(1 <= CAST(2017-12-11 09:30:00 AS DATE)):boolean>
-- !query output
NULL


-- !query
SELECT '1' > cast(1 as tinyint)                         FROM t
-- !query schema
struct<(1 > CAST(1 AS TINYINT)):boolean>
-- !query output
false


-- !query
SELECT '1' > cast(1 as smallint)                        FROM t
-- !query schema
struct<(1 > CAST(1 AS SMALLINT)):boolean>
-- !query output
false


-- !query
SELECT '1' > cast(1 as int)                             FROM t
-- !query schema
struct<(1 > CAST(1 AS INT)):boolean>
-- !query output
false


-- !query
SELECT '1' > cast(1 as bigint)                          FROM t
-- !query schema
struct<(1 > CAST(1 AS BIGINT)):boolean>
-- !query output
false


-- !query
SELECT '1' > cast(1 as float)                           FROM t
-- !query schema
struct<(1 > CAST(1 AS FLOAT)):boolean>
-- !query output
false


-- !query
SELECT '1' > cast(1 as double)                          FROM t
-- !query schema
struct<(1 > CAST(1 AS DOUBLE)):boolean>
-- !query output
false


-- !query
SELECT '1' > cast(1 as decimal(10, 0))                  FROM t
-- !query schema
struct<(1 > CAST(1 AS DECIMAL(10,0))):boolean>
-- !query output
false


-- !query
SELECT '1' > '1'                                        FROM t
-- !query schema
struct<(1 > 1):boolean>
-- !query output
false


-- !query
SELECT '1' > cast('1' as binary)                        FROM t
-- !query schema
struct<(1 > CAST(1 AS BINARY)):boolean>
-- !query output
false


-- !query
SELECT '1' > cast(1 as boolean)                         FROM t
-- !query schema
struct<(1 > CAST(1 AS BOOLEAN)):boolean>
-- !query output
false


-- !query
SELECT '1' > cast('2017-12-11 09:30:00.0' as timestamp) FROM t
-- !query schema
struct<(1 > CAST(2017-12-11 09:30:00.0 AS TIMESTAMP)):boolean>
-- !query output
NULL


-- !query
SELECT '1' > cast('2017-12-11 09:30:00' as date)        FROM t
-- !query schema
struct<(1 > CAST(2017-12-11 09:30:00 AS DATE)):boolean>
-- !query output
NULL


-- !query
SELECT '1' >= cast(1 as tinyint)                         FROM t
-- !query schema
struct<(1 >= CAST(1 AS TINYINT)):boolean>
-- !query output
true


-- !query
SELECT '1' >= cast(1 as smallint)                        FROM t
-- !query schema
struct<(1 >= CAST(1 AS SMALLINT)):boolean>
-- !query output
true


-- !query
SELECT '1' >= cast(1 as int)                             FROM t
-- !query schema
struct<(1 >= CAST(1 AS INT)):boolean>
-- !query output
true


-- !query
SELECT '1' >= cast(1 as bigint)                          FROM t
-- !query schema
struct<(1 >= CAST(1 AS BIGINT)):boolean>
-- !query output
true


-- !query
SELECT '1' >= cast(1 as float)                           FROM t
-- !query schema
struct<(1 >= CAST(1 AS FLOAT)):boolean>
-- !query output
true


-- !query
SELECT '1' >= cast(1 as double)                          FROM t
-- !query schema
struct<(1 >= CAST(1 AS DOUBLE)):boolean>
-- !query output
true


-- !query
SELECT '1' >= cast(1 as decimal(10, 0))                  FROM t
-- !query schema
struct<(1 >= CAST(1 AS DECIMAL(10,0))):boolean>
-- !query output
true


-- !query
SELECT '1' >= '1'                                        FROM t
-- !query schema
struct<(1 >= 1):boolean>
-- !query output
true


-- !query
SELECT '1' >= cast('1' as binary)                        FROM t
-- !query schema
struct<(1 >= CAST(1 AS BINARY)):boolean>
-- !query output
true


-- !query
SELECT '1' >= cast(1 as boolean)                         FROM t
-- !query schema
struct<(1 >= CAST(1 AS BOOLEAN)):boolean>
-- !query output
true


-- !query
SELECT '1' >= cast('2017-12-11 09:30:00.0' as timestamp) FROM t
-- !query schema
struct<(1 >= CAST(2017-12-11 09:30:00.0 AS TIMESTAMP)):boolean>
-- !query output
NULL


-- !query
SELECT '1' >= cast('2017-12-11 09:30:00' as date)        FROM t
-- !query schema
struct<(1 >= CAST(2017-12-11 09:30:00 AS DATE)):boolean>
-- !query output
NULL


-- !query
SELECT '1' <> cast(1 as tinyint)                         FROM t
-- !query schema
struct<(NOT (1 = CAST(1 AS TINYINT))):boolean>
-- !query output
false


-- !query
SELECT '1' <> cast(1 as smallint)                        FROM t
-- !query schema
struct<(NOT (1 = CAST(1 AS SMALLINT))):boolean>
-- !query output
false


-- !query
SELECT '1' <> cast(1 as int)                             FROM t
-- !query schema
struct<(NOT (1 = CAST(1 AS INT))):boolean>
-- !query output
false


-- !query
SELECT '1' <> cast(1 as bigint)                          FROM t
-- !query schema
struct<(NOT (1 = CAST(1 AS BIGINT))):boolean>
-- !query output
false


-- !query
SELECT '1' <> cast(1 as float)                           FROM t
-- !query schema
struct<(NOT (1 = CAST(1 AS FLOAT))):boolean>
-- !query output
false


-- !query
SELECT '1' <> cast(1 as double)                          FROM t
-- !query schema
struct<(NOT (1 = CAST(1 AS DOUBLE))):boolean>
-- !query output
false


-- !query
SELECT '1' <> cast(1 as decimal(10, 0))                  FROM t
-- !query schema
struct<(NOT (1 = CAST(1 AS DECIMAL(10,0)))):boolean>
-- !query output
false


-- !query
SELECT '1' <> '1'                                        FROM t
-- !query schema
struct<(NOT (1 = 1)):boolean>
-- !query output
false


-- !query
SELECT '1' <> cast('1' as binary)                        FROM t
-- !query schema
struct<(NOT (1 = CAST(1 AS BINARY))):boolean>
-- !query output
false


-- !query
SELECT '1' <> cast(1 as boolean)                         FROM t
-- !query schema
struct<(NOT (1 = CAST(1 AS BOOLEAN))):boolean>
-- !query output
false


-- !query
SELECT '1' <> cast('2017-12-11 09:30:00.0' as timestamp) FROM t
-- !query schema
struct<(NOT (1 = CAST(2017-12-11 09:30:00.0 AS TIMESTAMP))):boolean>
-- !query output
NULL


-- !query
SELECT '1' <> cast('2017-12-11 09:30:00' as date)        FROM t
-- !query schema
struct<(NOT (1 = CAST(2017-12-11 09:30:00 AS DATE))):boolean>
-- !query output
NULL


-- !query
SELECT cast(1 as tinyint)                         < '1' FROM t
-- !query schema
struct<(CAST(1 AS TINYINT) < 1):boolean>
-- !query output
false


-- !query
SELECT cast(1 as smallint)                        < '1' FROM t
-- !query schema
struct<(CAST(1 AS SMALLINT) < 1):boolean>
-- !query output
false


-- !query
SELECT cast(1 as int)                             < '1' FROM t
-- !query schema
struct<(CAST(1 AS INT) < 1):boolean>
-- !query output
false


-- !query
SELECT cast(1 as bigint)                          < '1' FROM t
-- !query schema
struct<(CAST(1 AS BIGINT) < 1):boolean>
-- !query output
false


-- !query
SELECT cast(1 as float)                           < '1' FROM t
-- !query schema
struct<(CAST(1 AS FLOAT) < 1):boolean>
-- !query output
false


-- !query
SELECT cast(1 as double)                          < '1' FROM t
-- !query schema
struct<(CAST(1 AS DOUBLE) < 1):boolean>
-- !query output
false


-- !query
SELECT cast(1 as decimal(10, 0))                  < '1' FROM t
-- !query schema
struct<(CAST(1 AS DECIMAL(10,0)) < 1):boolean>
-- !query output
false


-- !query
SELECT '1'                                        < '1' FROM t
-- !query schema
struct<(1 < 1):boolean>
-- !query output
false


-- !query
SELECT cast('1' as binary)                        < '1' FROM t
-- !query schema
struct<(CAST(1 AS BINARY) < 1):boolean>
-- !query output
false


-- !query
SELECT cast(1 as boolean)                         < '1' FROM t
-- !query schema
struct<(CAST(1 AS BOOLEAN) < 1):boolean>
-- !query output
false


-- !query
SELECT cast('2017-12-11 09:30:00.0' as timestamp) < '1' FROM t
-- !query schema
struct<(CAST(2017-12-11 09:30:00.0 AS TIMESTAMP) < 1):boolean>
-- !query output
NULL


-- !query
SELECT cast('2017-12-11 09:30:00' as date)        < '1' FROM t
-- !query schema
struct<(CAST(2017-12-11 09:30:00 AS DATE) < 1):boolean>
-- !query output
NULL


-- !query
SELECT cast(1 as tinyint)                         <= '1' FROM t
-- !query schema
struct<(CAST(1 AS TINYINT) <= 1):boolean>
-- !query output
true


-- !query
SELECT cast(1 as smallint)                        <= '1' FROM t
-- !query schema
struct<(CAST(1 AS SMALLINT) <= 1):boolean>
-- !query output
true


-- !query
SELECT cast(1 as int)                             <= '1' FROM t
-- !query schema
struct<(CAST(1 AS INT) <= 1):boolean>
-- !query output
true


-- !query
SELECT cast(1 as bigint)                          <= '1' FROM t
-- !query schema
struct<(CAST(1 AS BIGINT) <= 1):boolean>
-- !query output
true


-- !query
SELECT cast(1 as float)                           <= '1' FROM t
-- !query schema
struct<(CAST(1 AS FLOAT) <= 1):boolean>
-- !query output
true


-- !query
SELECT cast(1 as double)                          <= '1' FROM t
-- !query schema
struct<(CAST(1 AS DOUBLE) <= 1):boolean>
-- !query output
true


-- !query
SELECT cast(1 as decimal(10, 0))                  <= '1' FROM t
-- !query schema
struct<(CAST(1 AS DECIMAL(10,0)) <= 1):boolean>
-- !query output
true


-- !query
SELECT '1'                                        <= '1' FROM t
-- !query schema
struct<(1 <= 1):boolean>
-- !query output
true


-- !query
SELECT cast('1' as binary)                        <= '1' FROM t
-- !query schema
struct<(CAST(1 AS BINARY) <= 1):boolean>
-- !query output
true


-- !query
SELECT cast(1 as boolean)                         <= '1' FROM t
-- !query schema
struct<(CAST(1 AS BOOLEAN) <= 1):boolean>
-- !query output
true


-- !query
SELECT cast('2017-12-11 09:30:00.0' as timestamp) <= '1' FROM t
-- !query schema
struct<(CAST(2017-12-11 09:30:00.0 AS TIMESTAMP) <= 1):boolean>
-- !query output
NULL


-- !query
SELECT cast('2017-12-11 09:30:00' as date)        <= '1' FROM t
-- !query schema
struct<(CAST(2017-12-11 09:30:00 AS DATE) <= 1):boolean>
-- !query output
NULL


-- !query
SELECT cast(1 as tinyint)                         > '1' FROM t
-- !query schema
struct<(CAST(1 AS TINYINT) > 1):boolean>
-- !query output
false


-- !query
SELECT cast(1 as smallint)                        > '1' FROM t
-- !query schema
struct<(CAST(1 AS SMALLINT) > 1):boolean>
-- !query output
false


-- !query
SELECT cast(1 as int)                             > '1' FROM t
-- !query schema
struct<(CAST(1 AS INT) > 1):boolean>
-- !query output
false


-- !query
SELECT cast(1 as bigint)                          > '1' FROM t
-- !query schema
struct<(CAST(1 AS BIGINT) > 1):boolean>
-- !query output
false


-- !query
SELECT cast(1 as float)                           > '1' FROM t
-- !query schema
struct<(CAST(1 AS FLOAT) > 1):boolean>
-- !query output
false


-- !query
SELECT cast(1 as double)                          > '1' FROM t
-- !query schema
struct<(CAST(1 AS DOUBLE) > 1):boolean>
-- !query output
false


-- !query
SELECT cast(1 as decimal(10, 0))                  > '1' FROM t
-- !query schema
struct<(CAST(1 AS DECIMAL(10,0)) > 1):boolean>
-- !query output
false


-- !query
SELECT '1'                                        > '1' FROM t
-- !query schema
struct<(1 > 1):boolean>
-- !query output
false


-- !query
SELECT cast('1' as binary)                        > '1' FROM t
-- !query schema
struct<(CAST(1 AS BINARY) > 1):boolean>
-- !query output
false


-- !query
SELECT cast(1 as boolean)                         > '1' FROM t
-- !query schema
struct<(CAST(1 AS BOOLEAN) > 1):boolean>
-- !query output
false


-- !query
SELECT cast('2017-12-11 09:30:00.0' as timestamp) > '1' FROM t
-- !query schema
struct<(CAST(2017-12-11 09:30:00.0 AS TIMESTAMP) > 1):boolean>
-- !query output
NULL


-- !query
SELECT cast('2017-12-11 09:30:00' as date)        > '1' FROM t
-- !query schema
struct<(CAST(2017-12-11 09:30:00 AS DATE) > 1):boolean>
-- !query output
NULL


-- !query
SELECT cast(1 as tinyint)                         >= '1' FROM t
-- !query schema
struct<(CAST(1 AS TINYINT) >= 1):boolean>
-- !query output
true


-- !query
SELECT cast(1 as smallint)                        >= '1' FROM t
-- !query schema
struct<(CAST(1 AS SMALLINT) >= 1):boolean>
-- !query output
true


-- !query
SELECT cast(1 as int)                             >= '1' FROM t
-- !query schema
struct<(CAST(1 AS INT) >= 1):boolean>
-- !query output
true


-- !query
SELECT cast(1 as bigint)                          >= '1' FROM t
-- !query schema
struct<(CAST(1 AS BIGINT) >= 1):boolean>
-- !query output
true


-- !query
SELECT cast(1 as float)                           >= '1' FROM t
-- !query schema
struct<(CAST(1 AS FLOAT) >= 1):boolean>
-- !query output
true


-- !query
SELECT cast(1 as double)                          >= '1' FROM t
-- !query schema
struct<(CAST(1 AS DOUBLE) >= 1):boolean>
-- !query output
true


-- !query
SELECT cast(1 as decimal(10, 0))                  >= '1' FROM t
-- !query schema
struct<(CAST(1 AS DECIMAL(10,0)) >= 1):boolean>
-- !query output
true


-- !query
SELECT '1'                                        >= '1' FROM t
-- !query schema
struct<(1 >= 1):boolean>
-- !query output
true


-- !query
SELECT cast('1' as binary)                        >= '1' FROM t
-- !query schema
struct<(CAST(1 AS BINARY) >= 1):boolean>
-- !query output
true


-- !query
SELECT cast(1 as boolean)                         >= '1' FROM t
-- !query schema
struct<(CAST(1 AS BOOLEAN) >= 1):boolean>
-- !query output
true


-- !query
SELECT cast('2017-12-11 09:30:00.0' as timestamp) >= '1' FROM t
-- !query schema
struct<(CAST(2017-12-11 09:30:00.0 AS TIMESTAMP) >= 1):boolean>
-- !query output
NULL


-- !query
SELECT cast('2017-12-11 09:30:00' as date)        >= '1' FROM t
-- !query schema
struct<(CAST(2017-12-11 09:30:00 AS DATE) >= 1):boolean>
-- !query output
NULL


-- !query
SELECT cast(1 as tinyint)                         <> '1' FROM t
-- !query schema
struct<(NOT (CAST(1 AS TINYINT) = 1)):boolean>
-- !query output
false


-- !query
SELECT cast(1 as smallint)                        <> '1' FROM t
-- !query schema
struct<(NOT (CAST(1 AS SMALLINT) = 1)):boolean>
-- !query output
false


-- !query
SELECT cast(1 as int)                             <> '1' FROM t
-- !query schema
struct<(NOT (CAST(1 AS INT) = 1)):boolean>
-- !query output
false


-- !query
SELECT cast(1 as bigint)                          <> '1' FROM t
-- !query schema
struct<(NOT (CAST(1 AS BIGINT) = 1)):boolean>
-- !query output
false


-- !query
SELECT cast(1 as float)                           <> '1' FROM t
-- !query schema
struct<(NOT (CAST(1 AS FLOAT) = 1)):boolean>
-- !query output
false


-- !query
SELECT cast(1 as double)                          <> '1' FROM t
-- !query schema
struct<(NOT (CAST(1 AS DOUBLE) = 1)):boolean>
-- !query output
false


-- !query
SELECT cast(1 as decimal(10, 0))                  <> '1' FROM t
-- !query schema
struct<(NOT (CAST(1 AS DECIMAL(10,0)) = 1)):boolean>
-- !query output
false


-- !query
SELECT '1'                                        <> '1' FROM t
-- !query schema
struct<(NOT (1 = 1)):boolean>
-- !query output
false


-- !query
SELECT cast('1' as binary)                        <> '1' FROM t
-- !query schema
struct<(NOT (CAST(1 AS BINARY) = 1)):boolean>
-- !query output
false


-- !query
SELECT cast(1 as boolean)                         <> '1' FROM t
-- !query schema
struct<(NOT (CAST(1 AS BOOLEAN) = 1)):boolean>
-- !query output
false


-- !query
SELECT cast('2017-12-11 09:30:00.0' as timestamp) <> '1' FROM t
-- !query schema
struct<(NOT (CAST(2017-12-11 09:30:00.0 AS TIMESTAMP) = 1)):boolean>
-- !query output
NULL


-- !query
SELECT cast('2017-12-11 09:30:00' as date)        <> '1' FROM t
-- !query schema
struct<(NOT (CAST(2017-12-11 09:30:00 AS DATE) = 1)):boolean>
-- !query output
NULL


-- !query
SELECT abs('1') FROM t
-- !query schema
struct<abs(1):double>
-- !query output
1.0


-- !query
SELECT sum('1') FROM t
-- !query schema
struct<sum(1):double>
-- !query output
1.0


-- !query
SELECT avg('1') FROM t
-- !query schema
struct<avg(1):double>
-- !query output
1.0


-- !query
SELECT stddev_pop('1') FROM t
-- !query schema
struct<stddev_pop(1):double>
-- !query output
0.0


-- !query
SELECT stddev_samp('1') FROM t
-- !query schema
struct<stddev_samp(1):double>
-- !query output
NULL


-- !query
SELECT - '1' FROM t
-- !query schema
struct<(- 1):double>
-- !query output
-1.0


-- !query
SELECT + '1' FROM t
-- !query schema
struct<(+ 1):double>
-- !query output
1.0


-- !query
SELECT var_pop('1') FROM t
-- !query schema
struct<var_pop(1):double>
-- !query output
0.0


-- !query
SELECT var_samp('1') FROM t
-- !query schema
struct<var_samp(1):double>
-- !query output
NULL


-- !query
SELECT skewness('1') FROM t
-- !query schema
struct<skewness(1):double>
-- !query output
NULL


-- !query
SELECT kurtosis('1') FROM t
-- !query schema
struct<kurtosis(1):double>
-- !query output
NULL
