-- Automatically generated by SQLQueryTestSuite
-- !query
CREATE TEMPORARY VIEW t AS SELECT 1
-- !query schema
struct<>
-- !query output



-- !query
SELECT cast(1 as tinyint) FROM t UNION SELECT cast(2 as tinyint) FROM t
-- !query schema
struct<CAST(1 AS TINYINT):tinyint>
-- !query output
1
2


-- !query
SELECT cast(1 as tinyint) FROM t UNION SELECT cast(2 as smallint) FROM t
-- !query schema
struct<CAST(1 AS TINYINT):smallint>
-- !query output
1
2


-- !query
SELECT cast(1 as tinyint) FROM t UNION SELECT cast(2 as int) FROM t
-- !query schema
struct<CAST(1 AS TINYINT):int>
-- !query output
1
2


-- !query
SELECT cast(1 as tinyint) FROM t UNION SELECT cast(2 as bigint) FROM t
-- !query schema
struct<CAST(1 AS TINYINT):bigint>
-- !query output
1
2


-- !query
SELECT cast(1 as tinyint) FROM t UNION SELECT cast(2 as float) FROM t
-- !query schema
struct<CAST(1 AS TINYINT):double>
-- !query output
1.0
2.0


-- !query
SELECT cast(1 as tinyint) FROM t UNION SELECT cast(2 as double) FROM t
-- !query schema
struct<CAST(1 AS TINYINT):double>
-- !query output
1.0
2.0


-- !query
SELECT cast(1 as tinyint) FROM t UNION SELECT cast(2 as decimal(10, 0)) FROM t
-- !query schema
struct<CAST(1 AS TINYINT):decimal(10,0)>
-- !query output
1
2


-- !query
SELECT cast(1 as tinyint) FROM t UNION SELECT cast(2 as string) FROM t
-- !query schema
struct<CAST(1 AS TINYINT):bigint>
-- !query output
1
2


-- !query
SELECT cast(1 as tinyint) FROM t UNION SELECT cast('2' as binary) FROM t
-- !query schema
struct<>
-- !query output
org.apache.spark.sql.catalyst.ExtendedAnalysisException
{
  "errorClass" : "INCOMPATIBLE_COLUMN_TYPE",
  "sqlState" : "42825",
  "messageParameters" : {
    "columnOrdinalNumber" : "first",
    "dataType1" : "\"BINARY\"",
    "dataType2" : "\"TINYINT\"",
    "hint" : "",
    "operator" : "UNION",
    "tableOrdinalNumber" : "second"
  },
  "queryContext" : [ {
    "objectType" : "",
    "objectName" : "",
    "startIndex" : 1,
    "stopIndex" : 72,
    "fragment" : "SELECT cast(1 as tinyint) FROM t UNION SELECT cast('2' as binary) FROM t"
  } ]
}


-- !query
SELECT cast(1 as tinyint) FROM t UNION SELECT cast(2 as boolean) FROM t
-- !query schema
struct<>
-- !query output
org.apache.spark.sql.catalyst.ExtendedAnalysisException
{
  "errorClass" : "INCOMPATIBLE_COLUMN_TYPE",
  "sqlState" : "42825",
  "messageParameters" : {
    "columnOrdinalNumber" : "first",
    "dataType1" : "\"BOOLEAN\"",
    "dataType2" : "\"TINYINT\"",
    "hint" : "",
    "operator" : "UNION",
    "tableOrdinalNumber" : "second"
  },
  "queryContext" : [ {
    "objectType" : "",
    "objectName" : "",
    "startIndex" : 1,
    "stopIndex" : 71,
    "fragment" : "SELECT cast(1 as tinyint) FROM t UNION SELECT cast(2 as boolean) FROM t"
  } ]
}


-- !query
SELECT cast(1 as tinyint) FROM t UNION SELECT cast('2017-12-11 09:30:00.0' as timestamp) FROM t
-- !query schema
struct<>
-- !query output
org.apache.spark.sql.catalyst.ExtendedAnalysisException
{
  "errorClass" : "INCOMPATIBLE_COLUMN_TYPE",
  "sqlState" : "42825",
  "messageParameters" : {
    "columnOrdinalNumber" : "first",
    "dataType1" : "\"TIMESTAMP\"",
    "dataType2" : "\"TINYINT\"",
    "hint" : "",
    "operator" : "UNION",
    "tableOrdinalNumber" : "second"
  },
  "queryContext" : [ {
    "objectType" : "",
    "objectName" : "",
    "startIndex" : 1,
    "stopIndex" : 95,
    "fragment" : "SELECT cast(1 as tinyint) FROM t UNION SELECT cast('2017-12-11 09:30:00.0' as timestamp) FROM t"
  } ]
}


-- !query
SELECT cast(1 as tinyint) FROM t UNION SELECT cast('2017-12-11 09:30:00' as date) FROM t
-- !query schema
struct<>
-- !query output
org.apache.spark.sql.catalyst.ExtendedAnalysisException
{
  "errorClass" : "INCOMPATIBLE_COLUMN_TYPE",
  "sqlState" : "42825",
  "messageParameters" : {
    "columnOrdinalNumber" : "first",
    "dataType1" : "\"DATE\"",
    "dataType2" : "\"TINYINT\"",
    "hint" : "",
    "operator" : "UNION",
    "tableOrdinalNumber" : "second"
  },
  "queryContext" : [ {
    "objectType" : "",
    "objectName" : "",
    "startIndex" : 1,
    "stopIndex" : 88,
    "fragment" : "SELECT cast(1 as tinyint) FROM t UNION SELECT cast('2017-12-11 09:30:00' as date) FROM t"
  } ]
}


-- !query
SELECT cast(1 as smallint) FROM t UNION SELECT cast(2 as tinyint) FROM t
-- !query schema
struct<CAST(1 AS SMALLINT):smallint>
-- !query output
1
2


-- !query
SELECT cast(1 as smallint) FROM t UNION SELECT cast(2 as smallint) FROM t
-- !query schema
struct<CAST(1 AS SMALLINT):smallint>
-- !query output
1
2


-- !query
SELECT cast(1 as smallint) FROM t UNION SELECT cast(2 as int) FROM t
-- !query schema
struct<CAST(1 AS SMALLINT):int>
-- !query output
1
2


-- !query
SELECT cast(1 as smallint) FROM t UNION SELECT cast(2 as bigint) FROM t
-- !query schema
struct<CAST(1 AS SMALLINT):bigint>
-- !query output
1
2


-- !query
SELECT cast(1 as smallint) FROM t UNION SELECT cast(2 as float) FROM t
-- !query schema
struct<CAST(1 AS SMALLINT):double>
-- !query output
1.0
2.0


-- !query
SELECT cast(1 as smallint) FROM t UNION SELECT cast(2 as double) FROM t
-- !query schema
struct<CAST(1 AS SMALLINT):double>
-- !query output
1.0
2.0


-- !query
SELECT cast(1 as smallint) FROM t UNION SELECT cast(2 as decimal(10, 0)) FROM t
-- !query schema
struct<CAST(1 AS SMALLINT):decimal(10,0)>
-- !query output
1
2


-- !query
SELECT cast(1 as smallint) FROM t UNION SELECT cast(2 as string) FROM t
-- !query schema
struct<CAST(1 AS SMALLINT):bigint>
-- !query output
1
2


-- !query
SELECT cast(1 as smallint) FROM t UNION SELECT cast('2' as binary) FROM t
-- !query schema
struct<>
-- !query output
org.apache.spark.sql.catalyst.ExtendedAnalysisException
{
  "errorClass" : "INCOMPATIBLE_COLUMN_TYPE",
  "sqlState" : "42825",
  "messageParameters" : {
    "columnOrdinalNumber" : "first",
    "dataType1" : "\"BINARY\"",
    "dataType2" : "\"SMALLINT\"",
    "hint" : "",
    "operator" : "UNION",
    "tableOrdinalNumber" : "second"
  },
  "queryContext" : [ {
    "objectType" : "",
    "objectName" : "",
    "startIndex" : 1,
    "stopIndex" : 73,
    "fragment" : "SELECT cast(1 as smallint) FROM t UNION SELECT cast('2' as binary) FROM t"
  } ]
}


-- !query
SELECT cast(1 as smallint) FROM t UNION SELECT cast(2 as boolean) FROM t
-- !query schema
struct<>
-- !query output
org.apache.spark.sql.catalyst.ExtendedAnalysisException
{
  "errorClass" : "INCOMPATIBLE_COLUMN_TYPE",
  "sqlState" : "42825",
  "messageParameters" : {
    "columnOrdinalNumber" : "first",
    "dataType1" : "\"BOOLEAN\"",
    "dataType2" : "\"SMALLINT\"",
    "hint" : "",
    "operator" : "UNION",
    "tableOrdinalNumber" : "second"
  },
  "queryContext" : [ {
    "objectType" : "",
    "objectName" : "",
    "startIndex" : 1,
    "stopIndex" : 72,
    "fragment" : "SELECT cast(1 as smallint) FROM t UNION SELECT cast(2 as boolean) FROM t"
  } ]
}


-- !query
SELECT cast(1 as smallint) FROM t UNION SELECT cast('2017-12-11 09:30:00.0' as timestamp) FROM t
-- !query schema
struct<>
-- !query output
org.apache.spark.sql.catalyst.ExtendedAnalysisException
{
  "errorClass" : "INCOMPATIBLE_COLUMN_TYPE",
  "sqlState" : "42825",
  "messageParameters" : {
    "columnOrdinalNumber" : "first",
    "dataType1" : "\"TIMESTAMP\"",
    "dataType2" : "\"SMALLINT\"",
    "hint" : "",
    "operator" : "UNION",
    "tableOrdinalNumber" : "second"
  },
  "queryContext" : [ {
    "objectType" : "",
    "objectName" : "",
    "startIndex" : 1,
    "stopIndex" : 96,
    "fragment" : "SELECT cast(1 as smallint) FROM t UNION SELECT cast('2017-12-11 09:30:00.0' as timestamp) FROM t"
  } ]
}


-- !query
SELECT cast(1 as smallint) FROM t UNION SELECT cast('2017-12-11 09:30:00' as date) FROM t
-- !query schema
struct<>
-- !query output
org.apache.spark.sql.catalyst.ExtendedAnalysisException
{
  "errorClass" : "INCOMPATIBLE_COLUMN_TYPE",
  "sqlState" : "42825",
  "messageParameters" : {
    "columnOrdinalNumber" : "first",
    "dataType1" : "\"DATE\"",
    "dataType2" : "\"SMALLINT\"",
    "hint" : "",
    "operator" : "UNION",
    "tableOrdinalNumber" : "second"
  },
  "queryContext" : [ {
    "objectType" : "",
    "objectName" : "",
    "startIndex" : 1,
    "stopIndex" : 89,
    "fragment" : "SELECT cast(1 as smallint) FROM t UNION SELECT cast('2017-12-11 09:30:00' as date) FROM t"
  } ]
}


-- !query
SELECT cast(1 as int) FROM t UNION SELECT cast(2 as tinyint) FROM t
-- !query schema
struct<CAST(1 AS INT):int>
-- !query output
1
2


-- !query
SELECT cast(1 as int) FROM t UNION SELECT cast(2 as smallint) FROM t
-- !query schema
struct<CAST(1 AS INT):int>
-- !query output
1
2


-- !query
SELECT cast(1 as int) FROM t UNION SELECT cast(2 as int) FROM t
-- !query schema
struct<CAST(1 AS INT):int>
-- !query output
1
2


-- !query
SELECT cast(1 as int) FROM t UNION SELECT cast(2 as bigint) FROM t
-- !query schema
struct<CAST(1 AS INT):bigint>
-- !query output
1
2


-- !query
SELECT cast(1 as int) FROM t UNION SELECT cast(2 as float) FROM t
-- !query schema
struct<CAST(1 AS INT):double>
-- !query output
1.0
2.0


-- !query
SELECT cast(1 as int) FROM t UNION SELECT cast(2 as double) FROM t
-- !query schema
struct<CAST(1 AS INT):double>
-- !query output
1.0
2.0


-- !query
SELECT cast(1 as int) FROM t UNION SELECT cast(2 as decimal(10, 0)) FROM t
-- !query schema
struct<CAST(1 AS INT):decimal(10,0)>
-- !query output
1
2


-- !query
SELECT cast(1 as int) FROM t UNION SELECT cast(2 as string) FROM t
-- !query schema
struct<CAST(1 AS INT):bigint>
-- !query output
1
2


-- !query
SELECT cast(1 as int) FROM t UNION SELECT cast('2' as binary) FROM t
-- !query schema
struct<>
-- !query output
org.apache.spark.sql.catalyst.ExtendedAnalysisException
{
  "errorClass" : "INCOMPATIBLE_COLUMN_TYPE",
  "sqlState" : "42825",
  "messageParameters" : {
    "columnOrdinalNumber" : "first",
    "dataType1" : "\"BINARY\"",
    "dataType2" : "\"INT\"",
    "hint" : "",
    "operator" : "UNION",
    "tableOrdinalNumber" : "second"
  },
  "queryContext" : [ {
    "objectType" : "",
    "objectName" : "",
    "startIndex" : 1,
    "stopIndex" : 68,
    "fragment" : "SELECT cast(1 as int) FROM t UNION SELECT cast('2' as binary) FROM t"
  } ]
}


-- !query
SELECT cast(1 as int) FROM t UNION SELECT cast(2 as boolean) FROM t
-- !query schema
struct<>
-- !query output
org.apache.spark.sql.catalyst.ExtendedAnalysisException
{
  "errorClass" : "INCOMPATIBLE_COLUMN_TYPE",
  "sqlState" : "42825",
  "messageParameters" : {
    "columnOrdinalNumber" : "first",
    "dataType1" : "\"BOOLEAN\"",
    "dataType2" : "\"INT\"",
    "hint" : "",
    "operator" : "UNION",
    "tableOrdinalNumber" : "second"
  },
  "queryContext" : [ {
    "objectType" : "",
    "objectName" : "",
    "startIndex" : 1,
    "stopIndex" : 67,
    "fragment" : "SELECT cast(1 as int) FROM t UNION SELECT cast(2 as boolean) FROM t"
  } ]
}


-- !query
SELECT cast(1 as int) FROM t UNION SELECT cast('2017-12-11 09:30:00.0' as timestamp) FROM t
-- !query schema
struct<>
-- !query output
org.apache.spark.sql.catalyst.ExtendedAnalysisException
{
  "errorClass" : "INCOMPATIBLE_COLUMN_TYPE",
  "sqlState" : "42825",
  "messageParameters" : {
    "columnOrdinalNumber" : "first",
    "dataType1" : "\"TIMESTAMP\"",
    "dataType2" : "\"INT\"",
    "hint" : "",
    "operator" : "UNION",
    "tableOrdinalNumber" : "second"
  },
  "queryContext" : [ {
    "objectType" : "",
    "objectName" : "",
    "startIndex" : 1,
    "stopIndex" : 91,
    "fragment" : "SELECT cast(1 as int) FROM t UNION SELECT cast('2017-12-11 09:30:00.0' as timestamp) FROM t"
  } ]
}


-- !query
SELECT cast(1 as int) FROM t UNION SELECT cast('2017-12-11 09:30:00' as date) FROM t
-- !query schema
struct<>
-- !query output
org.apache.spark.sql.catalyst.ExtendedAnalysisException
{
  "errorClass" : "INCOMPATIBLE_COLUMN_TYPE",
  "sqlState" : "42825",
  "messageParameters" : {
    "columnOrdinalNumber" : "first",
    "dataType1" : "\"DATE\"",
    "dataType2" : "\"INT\"",
    "hint" : "",
    "operator" : "UNION",
    "tableOrdinalNumber" : "second"
  },
  "queryContext" : [ {
    "objectType" : "",
    "objectName" : "",
    "startIndex" : 1,
    "stopIndex" : 84,
    "fragment" : "SELECT cast(1 as int) FROM t UNION SELECT cast('2017-12-11 09:30:00' as date) FROM t"
  } ]
}


-- !query
SELECT cast(1 as bigint) FROM t UNION SELECT cast(2 as tinyint) FROM t
-- !query schema
struct<CAST(1 AS BIGINT):bigint>
-- !query output
1
2


-- !query
SELECT cast(1 as bigint) FROM t UNION SELECT cast(2 as smallint) FROM t
-- !query schema
struct<CAST(1 AS BIGINT):bigint>
-- !query output
1
2


-- !query
SELECT cast(1 as bigint) FROM t UNION SELECT cast(2 as int) FROM t
-- !query schema
struct<CAST(1 AS BIGINT):bigint>
-- !query output
1
2


-- !query
SELECT cast(1 as bigint) FROM t UNION SELECT cast(2 as bigint) FROM t
-- !query schema
struct<CAST(1 AS BIGINT):bigint>
-- !query output
1
2


-- !query
SELECT cast(1 as bigint) FROM t UNION SELECT cast(2 as float) FROM t
-- !query schema
struct<CAST(1 AS BIGINT):double>
-- !query output
1.0
2.0


-- !query
SELECT cast(1 as bigint) FROM t UNION SELECT cast(2 as double) FROM t
-- !query schema
struct<CAST(1 AS BIGINT):double>
-- !query output
1.0
2.0


-- !query
SELECT cast(1 as bigint) FROM t UNION SELECT cast(2 as decimal(10, 0)) FROM t
-- !query schema
struct<CAST(1 AS BIGINT):decimal(20,0)>
-- !query output
1
2


-- !query
SELECT cast(1 as bigint) FROM t UNION SELECT cast(2 as string) FROM t
-- !query schema
struct<CAST(1 AS BIGINT):bigint>
-- !query output
1
2


-- !query
SELECT cast(1 as bigint) FROM t UNION SELECT cast('2' as binary) FROM t
-- !query schema
struct<>
-- !query output
org.apache.spark.sql.catalyst.ExtendedAnalysisException
{
  "errorClass" : "INCOMPATIBLE_COLUMN_TYPE",
  "sqlState" : "42825",
  "messageParameters" : {
    "columnOrdinalNumber" : "first",
    "dataType1" : "\"BINARY\"",
    "dataType2" : "\"BIGINT\"",
    "hint" : "",
    "operator" : "UNION",
    "tableOrdinalNumber" : "second"
  },
  "queryContext" : [ {
    "objectType" : "",
    "objectName" : "",
    "startIndex" : 1,
    "stopIndex" : 71,
    "fragment" : "SELECT cast(1 as bigint) FROM t UNION SELECT cast('2' as binary) FROM t"
  } ]
}


-- !query
SELECT cast(1 as bigint) FROM t UNION SELECT cast(2 as boolean) FROM t
-- !query schema
struct<>
-- !query output
org.apache.spark.sql.catalyst.ExtendedAnalysisException
{
  "errorClass" : "INCOMPATIBLE_COLUMN_TYPE",
  "sqlState" : "42825",
  "messageParameters" : {
    "columnOrdinalNumber" : "first",
    "dataType1" : "\"BOOLEAN\"",
    "dataType2" : "\"BIGINT\"",
    "hint" : "",
    "operator" : "UNION",
    "tableOrdinalNumber" : "second"
  },
  "queryContext" : [ {
    "objectType" : "",
    "objectName" : "",
    "startIndex" : 1,
    "stopIndex" : 70,
    "fragment" : "SELECT cast(1 as bigint) FROM t UNION SELECT cast(2 as boolean) FROM t"
  } ]
}


-- !query
SELECT cast(1 as bigint) FROM t UNION SELECT cast('2017-12-11 09:30:00.0' as timestamp) FROM t
-- !query schema
struct<>
-- !query output
org.apache.spark.sql.catalyst.ExtendedAnalysisException
{
  "errorClass" : "INCOMPATIBLE_COLUMN_TYPE",
  "sqlState" : "42825",
  "messageParameters" : {
    "columnOrdinalNumber" : "first",
    "dataType1" : "\"TIMESTAMP\"",
    "dataType2" : "\"BIGINT\"",
    "hint" : "",
    "operator" : "UNION",
    "tableOrdinalNumber" : "second"
  },
  "queryContext" : [ {
    "objectType" : "",
    "objectName" : "",
    "startIndex" : 1,
    "stopIndex" : 94,
    "fragment" : "SELECT cast(1 as bigint) FROM t UNION SELECT cast('2017-12-11 09:30:00.0' as timestamp) FROM t"
  } ]
}


-- !query
SELECT cast(1 as bigint) FROM t UNION SELECT cast('2017-12-11 09:30:00' as date) FROM t
-- !query schema
struct<>
-- !query output
org.apache.spark.sql.catalyst.ExtendedAnalysisException
{
  "errorClass" : "INCOMPATIBLE_COLUMN_TYPE",
  "sqlState" : "42825",
  "messageParameters" : {
    "columnOrdinalNumber" : "first",
    "dataType1" : "\"DATE\"",
    "dataType2" : "\"BIGINT\"",
    "hint" : "",
    "operator" : "UNION",
    "tableOrdinalNumber" : "second"
  },
  "queryContext" : [ {
    "objectType" : "",
    "objectName" : "",
    "startIndex" : 1,
    "stopIndex" : 87,
    "fragment" : "SELECT cast(1 as bigint) FROM t UNION SELECT cast('2017-12-11 09:30:00' as date) FROM t"
  } ]
}


-- !query
SELECT cast(1 as float) FROM t UNION SELECT cast(2 as tinyint) FROM t
-- !query schema
struct<CAST(1 AS FLOAT):double>
-- !query output
1.0
2.0


-- !query
SELECT cast(1 as float) FROM t UNION SELECT cast(2 as smallint) FROM t
-- !query schema
struct<CAST(1 AS FLOAT):double>
-- !query output
1.0
2.0


-- !query
SELECT cast(1 as float) FROM t UNION SELECT cast(2 as int) FROM t
-- !query schema
struct<CAST(1 AS FLOAT):double>
-- !query output
1.0
2.0


-- !query
SELECT cast(1 as float) FROM t UNION SELECT cast(2 as bigint) FROM t
-- !query schema
struct<CAST(1 AS FLOAT):double>
-- !query output
1.0
2.0


-- !query
SELECT cast(1 as float) FROM t UNION SELECT cast(2 as float) FROM t
-- !query schema
struct<CAST(1 AS FLOAT):float>
-- !query output
1.0
2.0


-- !query
SELECT cast(1 as float) FROM t UNION SELECT cast(2 as double) FROM t
-- !query schema
struct<CAST(1 AS FLOAT):double>
-- !query output
1.0
2.0


-- !query
SELECT cast(1 as float) FROM t UNION SELECT cast(2 as decimal(10, 0)) FROM t
-- !query schema
struct<CAST(1 AS FLOAT):double>
-- !query output
1.0
2.0


-- !query
SELECT cast(1 as float) FROM t UNION SELECT cast(2 as string) FROM t
-- !query schema
struct<CAST(1 AS FLOAT):double>
-- !query output
1.0
2.0


-- !query
SELECT cast(1 as float) FROM t UNION SELECT cast('2' as binary) FROM t
-- !query schema
struct<>
-- !query output
org.apache.spark.sql.catalyst.ExtendedAnalysisException
{
  "errorClass" : "INCOMPATIBLE_COLUMN_TYPE",
  "sqlState" : "42825",
  "messageParameters" : {
    "columnOrdinalNumber" : "first",
    "dataType1" : "\"BINARY\"",
    "dataType2" : "\"FLOAT\"",
    "hint" : "",
    "operator" : "UNION",
    "tableOrdinalNumber" : "second"
  },
  "queryContext" : [ {
    "objectType" : "",
    "objectName" : "",
    "startIndex" : 1,
    "stopIndex" : 70,
    "fragment" : "SELECT cast(1 as float) FROM t UNION SELECT cast('2' as binary) FROM t"
  } ]
}


-- !query
SELECT cast(1 as float) FROM t UNION SELECT cast(2 as boolean) FROM t
-- !query schema
struct<>
-- !query output
org.apache.spark.sql.catalyst.ExtendedAnalysisException
{
  "errorClass" : "INCOMPATIBLE_COLUMN_TYPE",
  "sqlState" : "42825",
  "messageParameters" : {
    "columnOrdinalNumber" : "first",
    "dataType1" : "\"BOOLEAN\"",
    "dataType2" : "\"FLOAT\"",
    "hint" : "",
    "operator" : "UNION",
    "tableOrdinalNumber" : "second"
  },
  "queryContext" : [ {
    "objectType" : "",
    "objectName" : "",
    "startIndex" : 1,
    "stopIndex" : 69,
    "fragment" : "SELECT cast(1 as float) FROM t UNION SELECT cast(2 as boolean) FROM t"
  } ]
}


-- !query
SELECT cast(1 as float) FROM t UNION SELECT cast('2017-12-11 09:30:00.0' as timestamp) FROM t
-- !query schema
struct<>
-- !query output
org.apache.spark.sql.catalyst.ExtendedAnalysisException
{
  "errorClass" : "INCOMPATIBLE_COLUMN_TYPE",
  "sqlState" : "42825",
  "messageParameters" : {
    "columnOrdinalNumber" : "first",
    "dataType1" : "\"TIMESTAMP\"",
    "dataType2" : "\"FLOAT\"",
    "hint" : "",
    "operator" : "UNION",
    "tableOrdinalNumber" : "second"
  },
  "queryContext" : [ {
    "objectType" : "",
    "objectName" : "",
    "startIndex" : 1,
    "stopIndex" : 93,
    "fragment" : "SELECT cast(1 as float) FROM t UNION SELECT cast('2017-12-11 09:30:00.0' as timestamp) FROM t"
  } ]
}


-- !query
SELECT cast(1 as float) FROM t UNION SELECT cast('2017-12-11 09:30:00' as date) FROM t
-- !query schema
struct<>
-- !query output
org.apache.spark.sql.catalyst.ExtendedAnalysisException
{
  "errorClass" : "INCOMPATIBLE_COLUMN_TYPE",
  "sqlState" : "42825",
  "messageParameters" : {
    "columnOrdinalNumber" : "first",
    "dataType1" : "\"DATE\"",
    "dataType2" : "\"FLOAT\"",
    "hint" : "",
    "operator" : "UNION",
    "tableOrdinalNumber" : "second"
  },
  "queryContext" : [ {
    "objectType" : "",
    "objectName" : "",
    "startIndex" : 1,
    "stopIndex" : 86,
    "fragment" : "SELECT cast(1 as float) FROM t UNION SELECT cast('2017-12-11 09:30:00' as date) FROM t"
  } ]
}


-- !query
SELECT cast(1 as double) FROM t UNION SELECT cast(2 as tinyint) FROM t
-- !query schema
struct<CAST(1 AS DOUBLE):double>
-- !query output
1.0
2.0


-- !query
SELECT cast(1 as double) FROM t UNION SELECT cast(2 as smallint) FROM t
-- !query schema
struct<CAST(1 AS DOUBLE):double>
-- !query output
1.0
2.0


-- !query
SELECT cast(1 as double) FROM t UNION SELECT cast(2 as int) FROM t
-- !query schema
struct<CAST(1 AS DOUBLE):double>
-- !query output
1.0
2.0


-- !query
SELECT cast(1 as double) FROM t UNION SELECT cast(2 as bigint) FROM t
-- !query schema
struct<CAST(1 AS DOUBLE):double>
-- !query output
1.0
2.0


-- !query
SELECT cast(1 as double) FROM t UNION SELECT cast(2 as float) FROM t
-- !query schema
struct<CAST(1 AS DOUBLE):double>
-- !query output
1.0
2.0


-- !query
SELECT cast(1 as double) FROM t UNION SELECT cast(2 as double) FROM t
-- !query schema
struct<CAST(1 AS DOUBLE):double>
-- !query output
1.0
2.0


-- !query
SELECT cast(1 as double) FROM t UNION SELECT cast(2 as decimal(10, 0)) FROM t
-- !query schema
struct<CAST(1 AS DOUBLE):double>
-- !query output
1.0
2.0


-- !query
SELECT cast(1 as double) FROM t UNION SELECT cast(2 as string) FROM t
-- !query schema
struct<CAST(1 AS DOUBLE):double>
-- !query output
1.0
2.0


-- !query
SELECT cast(1 as double) FROM t UNION SELECT cast('2' as binary) FROM t
-- !query schema
struct<>
-- !query output
org.apache.spark.sql.catalyst.ExtendedAnalysisException
{
  "errorClass" : "INCOMPATIBLE_COLUMN_TYPE",
  "sqlState" : "42825",
  "messageParameters" : {
    "columnOrdinalNumber" : "first",
    "dataType1" : "\"BINARY\"",
    "dataType2" : "\"DOUBLE\"",
    "hint" : "",
    "operator" : "UNION",
    "tableOrdinalNumber" : "second"
  },
  "queryContext" : [ {
    "objectType" : "",
    "objectName" : "",
    "startIndex" : 1,
    "stopIndex" : 71,
    "fragment" : "SELECT cast(1 as double) FROM t UNION SELECT cast('2' as binary) FROM t"
  } ]
}


-- !query
SELECT cast(1 as double) FROM t UNION SELECT cast(2 as boolean) FROM t
-- !query schema
struct<>
-- !query output
org.apache.spark.sql.catalyst.ExtendedAnalysisException
{
  "errorClass" : "INCOMPATIBLE_COLUMN_TYPE",
  "sqlState" : "42825",
  "messageParameters" : {
    "columnOrdinalNumber" : "first",
    "dataType1" : "\"BOOLEAN\"",
    "dataType2" : "\"DOUBLE\"",
    "hint" : "",
    "operator" : "UNION",
    "tableOrdinalNumber" : "second"
  },
  "queryContext" : [ {
    "objectType" : "",
    "objectName" : "",
    "startIndex" : 1,
    "stopIndex" : 70,
    "fragment" : "SELECT cast(1 as double) FROM t UNION SELECT cast(2 as boolean) FROM t"
  } ]
}


-- !query
SELECT cast(1 as double) FROM t UNION SELECT cast('2017-12-11 09:30:00.0' as timestamp) FROM t
-- !query schema
struct<>
-- !query output
org.apache.spark.sql.catalyst.ExtendedAnalysisException
{
  "errorClass" : "INCOMPATIBLE_COLUMN_TYPE",
  "sqlState" : "42825",
  "messageParameters" : {
    "columnOrdinalNumber" : "first",
    "dataType1" : "\"TIMESTAMP\"",
    "dataType2" : "\"DOUBLE\"",
    "hint" : "",
    "operator" : "UNION",
    "tableOrdinalNumber" : "second"
  },
  "queryContext" : [ {
    "objectType" : "",
    "objectName" : "",
    "startIndex" : 1,
    "stopIndex" : 94,
    "fragment" : "SELECT cast(1 as double) FROM t UNION SELECT cast('2017-12-11 09:30:00.0' as timestamp) FROM t"
  } ]
}


-- !query
SELECT cast(1 as double) FROM t UNION SELECT cast('2017-12-11 09:30:00' as date) FROM t
-- !query schema
struct<>
-- !query output
org.apache.spark.sql.catalyst.ExtendedAnalysisException
{
  "errorClass" : "INCOMPATIBLE_COLUMN_TYPE",
  "sqlState" : "42825",
  "messageParameters" : {
    "columnOrdinalNumber" : "first",
    "dataType1" : "\"DATE\"",
    "dataType2" : "\"DOUBLE\"",
    "hint" : "",
    "operator" : "UNION",
    "tableOrdinalNumber" : "second"
  },
  "queryContext" : [ {
    "objectType" : "",
    "objectName" : "",
    "startIndex" : 1,
    "stopIndex" : 87,
    "fragment" : "SELECT cast(1 as double) FROM t UNION SELECT cast('2017-12-11 09:30:00' as date) FROM t"
  } ]
}


-- !query
SELECT cast(1 as decimal(10, 0)) FROM t UNION SELECT cast(2 as tinyint) FROM t
-- !query schema
struct<CAST(1 AS DECIMAL(10,0)):decimal(10,0)>
-- !query output
1
2


-- !query
SELECT cast(1 as decimal(10, 0)) FROM t UNION SELECT cast(2 as smallint) FROM t
-- !query schema
struct<CAST(1 AS DECIMAL(10,0)):decimal(10,0)>
-- !query output
1
2


-- !query
SELECT cast(1 as decimal(10, 0)) FROM t UNION SELECT cast(2 as int) FROM t
-- !query schema
struct<CAST(1 AS DECIMAL(10,0)):decimal(10,0)>
-- !query output
1
2


-- !query
SELECT cast(1 as decimal(10, 0)) FROM t UNION SELECT cast(2 as bigint) FROM t
-- !query schema
struct<CAST(1 AS DECIMAL(10,0)):decimal(20,0)>
-- !query output
1
2


-- !query
SELECT cast(1 as decimal(10, 0)) FROM t UNION SELECT cast(2 as float) FROM t
-- !query schema
struct<CAST(1 AS DECIMAL(10,0)):double>
-- !query output
1.0
2.0


-- !query
SELECT cast(1 as decimal(10, 0)) FROM t UNION SELECT cast(2 as double) FROM t
-- !query schema
struct<CAST(1 AS DECIMAL(10,0)):double>
-- !query output
1.0
2.0


-- !query
SELECT cast(1 as decimal(10, 0)) FROM t UNION SELECT cast(2 as decimal(10, 0)) FROM t
-- !query schema
struct<CAST(1 AS DECIMAL(10,0)):decimal(10,0)>
-- !query output
1
2


-- !query
SELECT cast(1 as decimal(10, 0)) FROM t UNION SELECT cast(2 as string) FROM t
-- !query schema
struct<CAST(1 AS DECIMAL(10,0)):double>
-- !query output
1.0
2.0


-- !query
SELECT cast(1 as decimal(10, 0)) FROM t UNION SELECT cast('2' as binary) FROM t
-- !query schema
struct<>
-- !query output
org.apache.spark.sql.catalyst.ExtendedAnalysisException
{
  "errorClass" : "INCOMPATIBLE_COLUMN_TYPE",
  "sqlState" : "42825",
  "messageParameters" : {
    "columnOrdinalNumber" : "first",
    "dataType1" : "\"BINARY\"",
    "dataType2" : "\"DECIMAL(10,0)\"",
    "hint" : "",
    "operator" : "UNION",
    "tableOrdinalNumber" : "second"
  },
  "queryContext" : [ {
    "objectType" : "",
    "objectName" : "",
    "startIndex" : 1,
    "stopIndex" : 79,
    "fragment" : "SELECT cast(1 as decimal(10, 0)) FROM t UNION SELECT cast('2' as binary) FROM t"
  } ]
}


-- !query
SELECT cast(1 as decimal(10, 0)) FROM t UNION SELECT cast(2 as boolean) FROM t
-- !query schema
struct<>
-- !query output
org.apache.spark.sql.catalyst.ExtendedAnalysisException
{
  "errorClass" : "INCOMPATIBLE_COLUMN_TYPE",
  "sqlState" : "42825",
  "messageParameters" : {
    "columnOrdinalNumber" : "first",
    "dataType1" : "\"BOOLEAN\"",
    "dataType2" : "\"DECIMAL(10,0)\"",
    "hint" : "",
    "operator" : "UNION",
    "tableOrdinalNumber" : "second"
  },
  "queryContext" : [ {
    "objectType" : "",
    "objectName" : "",
    "startIndex" : 1,
    "stopIndex" : 78,
    "fragment" : "SELECT cast(1 as decimal(10, 0)) FROM t UNION SELECT cast(2 as boolean) FROM t"
  } ]
}


-- !query
SELECT cast(1 as decimal(10, 0)) FROM t UNION SELECT cast('2017-12-11 09:30:00.0' as timestamp) FROM t
-- !query schema
struct<>
-- !query output
org.apache.spark.sql.catalyst.ExtendedAnalysisException
{
  "errorClass" : "INCOMPATIBLE_COLUMN_TYPE",
  "sqlState" : "42825",
  "messageParameters" : {
    "columnOrdinalNumber" : "first",
    "dataType1" : "\"TIMESTAMP\"",
    "dataType2" : "\"DECIMAL(10,0)\"",
    "hint" : "",
    "operator" : "UNION",
    "tableOrdinalNumber" : "second"
  },
  "queryContext" : [ {
    "objectType" : "",
    "objectName" : "",
    "startIndex" : 1,
    "stopIndex" : 102,
    "fragment" : "SELECT cast(1 as decimal(10, 0)) FROM t UNION SELECT cast('2017-12-11 09:30:00.0' as timestamp) FROM t"
  } ]
}


-- !query
SELECT cast(1 as decimal(10, 0)) FROM t UNION SELECT cast('2017-12-11 09:30:00' as date) FROM t
-- !query schema
struct<>
-- !query output
org.apache.spark.sql.catalyst.ExtendedAnalysisException
{
  "errorClass" : "INCOMPATIBLE_COLUMN_TYPE",
  "sqlState" : "42825",
  "messageParameters" : {
    "columnOrdinalNumber" : "first",
    "dataType1" : "\"DATE\"",
    "dataType2" : "\"DECIMAL(10,0)\"",
    "hint" : "",
    "operator" : "UNION",
    "tableOrdinalNumber" : "second"
  },
  "queryContext" : [ {
    "objectType" : "",
    "objectName" : "",
    "startIndex" : 1,
    "stopIndex" : 95,
    "fragment" : "SELECT cast(1 as decimal(10, 0)) FROM t UNION SELECT cast('2017-12-11 09:30:00' as date) FROM t"
  } ]
}


-- !query
SELECT cast(1 as string) FROM t UNION SELECT cast(2 as tinyint) FROM t
-- !query schema
struct<CAST(1 AS STRING):bigint>
-- !query output
1
2


-- !query
SELECT cast(1 as string) FROM t UNION SELECT cast(2 as smallint) FROM t
-- !query schema
struct<CAST(1 AS STRING):bigint>
-- !query output
1
2


-- !query
SELECT cast(1 as string) FROM t UNION SELECT cast(2 as int) FROM t
-- !query schema
struct<CAST(1 AS STRING):bigint>
-- !query output
1
2


-- !query
SELECT cast(1 as string) FROM t UNION SELECT cast(2 as bigint) FROM t
-- !query schema
struct<CAST(1 AS STRING):bigint>
-- !query output
1
2


-- !query
SELECT cast(1 as string) FROM t UNION SELECT cast(2 as float) FROM t
-- !query schema
struct<CAST(1 AS STRING):double>
-- !query output
1.0
2.0


-- !query
SELECT cast(1 as string) FROM t UNION SELECT cast(2 as double) FROM t
-- !query schema
struct<CAST(1 AS STRING):double>
-- !query output
1.0
2.0


-- !query
SELECT cast(1 as string) FROM t UNION SELECT cast(2 as decimal(10, 0)) FROM t
-- !query schema
struct<CAST(1 AS STRING):double>
-- !query output
1.0
2.0


-- !query
SELECT cast(1 as string) FROM t UNION SELECT cast(2 as string) FROM t
-- !query schema
struct<CAST(1 AS STRING):string>
-- !query output
1
2


-- !query
SELECT cast(1 as string) FROM t UNION SELECT cast('2' as binary) FROM t
-- !query schema
struct<CAST(1 AS STRING):binary>
-- !query output
1
2


-- !query
SELECT cast(1 as string) FROM t UNION SELECT cast(2 as boolean) FROM t
-- !query schema
struct<CAST(1 AS STRING):boolean>
-- !query output
true


-- !query
SELECT cast(1 as string) FROM t UNION SELECT cast('2017-12-11 09:30:00.0' as timestamp) FROM t
-- !query schema
struct<>
-- !query output
org.apache.spark.SparkDateTimeException
{
  "errorClass" : "CAST_INVALID_INPUT",
  "sqlState" : "22018",
  "messageParameters" : {
    "expression" : "'1'",
    "sourceType" : "\"STRING\"",
    "targetType" : "\"TIMESTAMP\""
  },
  "queryContext" : [ {
    "objectType" : "",
    "objectName" : "",
    "startIndex" : 1,
    "stopIndex" : 94,
    "fragment" : "SELECT cast(1 as string) FROM t UNION SELECT cast('2017-12-11 09:30:00.0' as timestamp) FROM t"
  } ]
}


-- !query
SELECT cast(1 as string) FROM t UNION SELECT cast('2017-12-11 09:30:00' as date) FROM t
-- !query schema
struct<>
-- !query output
org.apache.spark.SparkDateTimeException
{
  "errorClass" : "CAST_INVALID_INPUT",
  "sqlState" : "22018",
  "messageParameters" : {
    "expression" : "'1'",
    "sourceType" : "\"STRING\"",
    "targetType" : "\"DATE\""
  },
  "queryContext" : [ {
    "objectType" : "",
    "objectName" : "",
    "startIndex" : 1,
    "stopIndex" : 87,
    "fragment" : "SELECT cast(1 as string) FROM t UNION SELECT cast('2017-12-11 09:30:00' as date) FROM t"
  } ]
}


-- !query
SELECT cast('1' as binary) FROM t UNION SELECT cast(2 as tinyint) FROM t
-- !query schema
struct<>
-- !query output
org.apache.spark.sql.catalyst.ExtendedAnalysisException
{
  "errorClass" : "INCOMPATIBLE_COLUMN_TYPE",
  "sqlState" : "42825",
  "messageParameters" : {
    "columnOrdinalNumber" : "first",
    "dataType1" : "\"TINYINT\"",
    "dataType2" : "\"BINARY\"",
    "hint" : "",
    "operator" : "UNION",
    "tableOrdinalNumber" : "second"
  },
  "queryContext" : [ {
    "objectType" : "",
    "objectName" : "",
    "startIndex" : 1,
    "stopIndex" : 72,
    "fragment" : "SELECT cast('1' as binary) FROM t UNION SELECT cast(2 as tinyint) FROM t"
  } ]
}


-- !query
SELECT cast('1' as binary) FROM t UNION SELECT cast(2 as smallint) FROM t
-- !query schema
struct<>
-- !query output
org.apache.spark.sql.catalyst.ExtendedAnalysisException
{
  "errorClass" : "INCOMPATIBLE_COLUMN_TYPE",
  "sqlState" : "42825",
  "messageParameters" : {
    "columnOrdinalNumber" : "first",
    "dataType1" : "\"SMALLINT\"",
    "dataType2" : "\"BINARY\"",
    "hint" : "",
    "operator" : "UNION",
    "tableOrdinalNumber" : "second"
  },
  "queryContext" : [ {
    "objectType" : "",
    "objectName" : "",
    "startIndex" : 1,
    "stopIndex" : 73,
    "fragment" : "SELECT cast('1' as binary) FROM t UNION SELECT cast(2 as smallint) FROM t"
  } ]
}


-- !query
SELECT cast('1' as binary) FROM t UNION SELECT cast(2 as int) FROM t
-- !query schema
struct<>
-- !query output
org.apache.spark.sql.catalyst.ExtendedAnalysisException
{
  "errorClass" : "INCOMPATIBLE_COLUMN_TYPE",
  "sqlState" : "42825",
  "messageParameters" : {
    "columnOrdinalNumber" : "first",
    "dataType1" : "\"INT\"",
    "dataType2" : "\"BINARY\"",
    "hint" : "",
    "operator" : "UNION",
    "tableOrdinalNumber" : "second"
  },
  "queryContext" : [ {
    "objectType" : "",
    "objectName" : "",
    "startIndex" : 1,
    "stopIndex" : 68,
    "fragment" : "SELECT cast('1' as binary) FROM t UNION SELECT cast(2 as int) FROM t"
  } ]
}


-- !query
SELECT cast('1' as binary) FROM t UNION SELECT cast(2 as bigint) FROM t
-- !query schema
struct<>
-- !query output
org.apache.spark.sql.catalyst.ExtendedAnalysisException
{
  "errorClass" : "INCOMPATIBLE_COLUMN_TYPE",
  "sqlState" : "42825",
  "messageParameters" : {
    "columnOrdinalNumber" : "first",
    "dataType1" : "\"BIGINT\"",
    "dataType2" : "\"BINARY\"",
    "hint" : "",
    "operator" : "UNION",
    "tableOrdinalNumber" : "second"
  },
  "queryContext" : [ {
    "objectType" : "",
    "objectName" : "",
    "startIndex" : 1,
    "stopIndex" : 71,
    "fragment" : "SELECT cast('1' as binary) FROM t UNION SELECT cast(2 as bigint) FROM t"
  } ]
}


-- !query
SELECT cast('1' as binary) FROM t UNION SELECT cast(2 as float) FROM t
-- !query schema
struct<>
-- !query output
org.apache.spark.sql.catalyst.ExtendedAnalysisException
{
  "errorClass" : "INCOMPATIBLE_COLUMN_TYPE",
  "sqlState" : "42825",
  "messageParameters" : {
    "columnOrdinalNumber" : "first",
    "dataType1" : "\"FLOAT\"",
    "dataType2" : "\"BINARY\"",
    "hint" : "",
    "operator" : "UNION",
    "tableOrdinalNumber" : "second"
  },
  "queryContext" : [ {
    "objectType" : "",
    "objectName" : "",
    "startIndex" : 1,
    "stopIndex" : 70,
    "fragment" : "SELECT cast('1' as binary) FROM t UNION SELECT cast(2 as float) FROM t"
  } ]
}


-- !query
SELECT cast('1' as binary) FROM t UNION SELECT cast(2 as double) FROM t
-- !query schema
struct<>
-- !query output
org.apache.spark.sql.catalyst.ExtendedAnalysisException
{
  "errorClass" : "INCOMPATIBLE_COLUMN_TYPE",
  "sqlState" : "42825",
  "messageParameters" : {
    "columnOrdinalNumber" : "first",
    "dataType1" : "\"DOUBLE\"",
    "dataType2" : "\"BINARY\"",
    "hint" : "",
    "operator" : "UNION",
    "tableOrdinalNumber" : "second"
  },
  "queryContext" : [ {
    "objectType" : "",
    "objectName" : "",
    "startIndex" : 1,
    "stopIndex" : 71,
    "fragment" : "SELECT cast('1' as binary) FROM t UNION SELECT cast(2 as double) FROM t"
  } ]
}


-- !query
SELECT cast('1' as binary) FROM t UNION SELECT cast(2 as decimal(10, 0)) FROM t
-- !query schema
struct<>
-- !query output
org.apache.spark.sql.catalyst.ExtendedAnalysisException
{
  "errorClass" : "INCOMPATIBLE_COLUMN_TYPE",
  "sqlState" : "42825",
  "messageParameters" : {
    "columnOrdinalNumber" : "first",
    "dataType1" : "\"DECIMAL(10,0)\"",
    "dataType2" : "\"BINARY\"",
    "hint" : "",
    "operator" : "UNION",
    "tableOrdinalNumber" : "second"
  },
  "queryContext" : [ {
    "objectType" : "",
    "objectName" : "",
    "startIndex" : 1,
    "stopIndex" : 79,
    "fragment" : "SELECT cast('1' as binary) FROM t UNION SELECT cast(2 as decimal(10, 0)) FROM t"
  } ]
}


-- !query
SELECT cast('1' as binary) FROM t UNION SELECT cast(2 as string) FROM t
-- !query schema
struct<CAST(1 AS BINARY):binary>
-- !query output
1
2


-- !query
SELECT cast('1' as binary) FROM t UNION SELECT cast('2' as binary) FROM t
-- !query schema
struct<CAST(1 AS BINARY):binary>
-- !query output
1
2


-- !query
SELECT cast('1' as binary) FROM t UNION SELECT cast(2 as boolean) FROM t
-- !query schema
struct<>
-- !query output
org.apache.spark.sql.catalyst.ExtendedAnalysisException
{
  "errorClass" : "INCOMPATIBLE_COLUMN_TYPE",
  "sqlState" : "42825",
  "messageParameters" : {
    "columnOrdinalNumber" : "first",
    "dataType1" : "\"BOOLEAN\"",
    "dataType2" : "\"BINARY\"",
    "hint" : "",
    "operator" : "UNION",
    "tableOrdinalNumber" : "second"
  },
  "queryContext" : [ {
    "objectType" : "",
    "objectName" : "",
    "startIndex" : 1,
    "stopIndex" : 72,
    "fragment" : "SELECT cast('1' as binary) FROM t UNION SELECT cast(2 as boolean) FROM t"
  } ]
}


-- !query
SELECT cast('1' as binary) FROM t UNION SELECT cast('2017-12-11 09:30:00.0' as timestamp) FROM t
-- !query schema
struct<>
-- !query output
org.apache.spark.sql.catalyst.ExtendedAnalysisException
{
  "errorClass" : "INCOMPATIBLE_COLUMN_TYPE",
  "sqlState" : "42825",
  "messageParameters" : {
    "columnOrdinalNumber" : "first",
    "dataType1" : "\"TIMESTAMP\"",
    "dataType2" : "\"BINARY\"",
    "hint" : "",
    "operator" : "UNION",
    "tableOrdinalNumber" : "second"
  },
  "queryContext" : [ {
    "objectType" : "",
    "objectName" : "",
    "startIndex" : 1,
    "stopIndex" : 96,
    "fragment" : "SELECT cast('1' as binary) FROM t UNION SELECT cast('2017-12-11 09:30:00.0' as timestamp) FROM t"
  } ]
}


-- !query
SELECT cast('1' as binary) FROM t UNION SELECT cast('2017-12-11 09:30:00' as date) FROM t
-- !query schema
struct<>
-- !query output
org.apache.spark.sql.catalyst.ExtendedAnalysisException
{
  "errorClass" : "INCOMPATIBLE_COLUMN_TYPE",
  "sqlState" : "42825",
  "messageParameters" : {
    "columnOrdinalNumber" : "first",
    "dataType1" : "\"DATE\"",
    "dataType2" : "\"BINARY\"",
    "hint" : "",
    "operator" : "UNION",
    "tableOrdinalNumber" : "second"
  },
  "queryContext" : [ {
    "objectType" : "",
    "objectName" : "",
    "startIndex" : 1,
    "stopIndex" : 89,
    "fragment" : "SELECT cast('1' as binary) FROM t UNION SELECT cast('2017-12-11 09:30:00' as date) FROM t"
  } ]
}


-- !query
SELECT cast(1 as boolean) FROM t UNION SELECT cast(2 as tinyint) FROM t
-- !query schema
struct<>
-- !query output
org.apache.spark.sql.catalyst.ExtendedAnalysisException
{
  "errorClass" : "INCOMPATIBLE_COLUMN_TYPE",
  "sqlState" : "42825",
  "messageParameters" : {
    "columnOrdinalNumber" : "first",
    "dataType1" : "\"TINYINT\"",
    "dataType2" : "\"BOOLEAN\"",
    "hint" : "",
    "operator" : "UNION",
    "tableOrdinalNumber" : "second"
  },
  "queryContext" : [ {
    "objectType" : "",
    "objectName" : "",
    "startIndex" : 1,
    "stopIndex" : 71,
    "fragment" : "SELECT cast(1 as boolean) FROM t UNION SELECT cast(2 as tinyint) FROM t"
  } ]
}


-- !query
SELECT cast(1 as boolean) FROM t UNION SELECT cast(2 as smallint) FROM t
-- !query schema
struct<>
-- !query output
org.apache.spark.sql.catalyst.ExtendedAnalysisException
{
  "errorClass" : "INCOMPATIBLE_COLUMN_TYPE",
  "sqlState" : "42825",
  "messageParameters" : {
    "columnOrdinalNumber" : "first",
    "dataType1" : "\"SMALLINT\"",
    "dataType2" : "\"BOOLEAN\"",
    "hint" : "",
    "operator" : "UNION",
    "tableOrdinalNumber" : "second"
  },
  "queryContext" : [ {
    "objectType" : "",
    "objectName" : "",
    "startIndex" : 1,
    "stopIndex" : 72,
    "fragment" : "SELECT cast(1 as boolean) FROM t UNION SELECT cast(2 as smallint) FROM t"
  } ]
}


-- !query
SELECT cast(1 as boolean) FROM t UNION SELECT cast(2 as int) FROM t
-- !query schema
struct<>
-- !query output
org.apache.spark.sql.catalyst.ExtendedAnalysisException
{
  "errorClass" : "INCOMPATIBLE_COLUMN_TYPE",
  "sqlState" : "42825",
  "messageParameters" : {
    "columnOrdinalNumber" : "first",
    "dataType1" : "\"INT\"",
    "dataType2" : "\"BOOLEAN\"",
    "hint" : "",
    "operator" : "UNION",
    "tableOrdinalNumber" : "second"
  },
  "queryContext" : [ {
    "objectType" : "",
    "objectName" : "",
    "startIndex" : 1,
    "stopIndex" : 67,
    "fragment" : "SELECT cast(1 as boolean) FROM t UNION SELECT cast(2 as int) FROM t"
  } ]
}


-- !query
SELECT cast(1 as boolean) FROM t UNION SELECT cast(2 as bigint) FROM t
-- !query schema
struct<>
-- !query output
org.apache.spark.sql.catalyst.ExtendedAnalysisException
{
  "errorClass" : "INCOMPATIBLE_COLUMN_TYPE",
  "sqlState" : "42825",
  "messageParameters" : {
    "columnOrdinalNumber" : "first",
    "dataType1" : "\"BIGINT\"",
    "dataType2" : "\"BOOLEAN\"",
    "hint" : "",
    "operator" : "UNION",
    "tableOrdinalNumber" : "second"
  },
  "queryContext" : [ {
    "objectType" : "",
    "objectName" : "",
    "startIndex" : 1,
    "stopIndex" : 70,
    "fragment" : "SELECT cast(1 as boolean) FROM t UNION SELECT cast(2 as bigint) FROM t"
  } ]
}


-- !query
SELECT cast(1 as boolean) FROM t UNION SELECT cast(2 as float) FROM t
-- !query schema
struct<>
-- !query output
org.apache.spark.sql.catalyst.ExtendedAnalysisException
{
  "errorClass" : "INCOMPATIBLE_COLUMN_TYPE",
  "sqlState" : "42825",
  "messageParameters" : {
    "columnOrdinalNumber" : "first",
    "dataType1" : "\"FLOAT\"",
    "dataType2" : "\"BOOLEAN\"",
    "hint" : "",
    "operator" : "UNION",
    "tableOrdinalNumber" : "second"
  },
  "queryContext" : [ {
    "objectType" : "",
    "objectName" : "",
    "startIndex" : 1,
    "stopIndex" : 69,
    "fragment" : "SELECT cast(1 as boolean) FROM t UNION SELECT cast(2 as float) FROM t"
  } ]
}


-- !query
SELECT cast(1 as boolean) FROM t UNION SELECT cast(2 as double) FROM t
-- !query schema
struct<>
-- !query output
org.apache.spark.sql.catalyst.ExtendedAnalysisException
{
  "errorClass" : "INCOMPATIBLE_COLUMN_TYPE",
  "sqlState" : "42825",
  "messageParameters" : {
    "columnOrdinalNumber" : "first",
    "dataType1" : "\"DOUBLE\"",
    "dataType2" : "\"BOOLEAN\"",
    "hint" : "",
    "operator" : "UNION",
    "tableOrdinalNumber" : "second"
  },
  "queryContext" : [ {
    "objectType" : "",
    "objectName" : "",
    "startIndex" : 1,
    "stopIndex" : 70,
    "fragment" : "SELECT cast(1 as boolean) FROM t UNION SELECT cast(2 as double) FROM t"
  } ]
}


-- !query
SELECT cast(1 as boolean) FROM t UNION SELECT cast(2 as decimal(10, 0)) FROM t
-- !query schema
struct<>
-- !query output
org.apache.spark.sql.catalyst.ExtendedAnalysisException
{
  "errorClass" : "INCOMPATIBLE_COLUMN_TYPE",
  "sqlState" : "42825",
  "messageParameters" : {
    "columnOrdinalNumber" : "first",
    "dataType1" : "\"DECIMAL(10,0)\"",
    "dataType2" : "\"BOOLEAN\"",
    "hint" : "",
    "operator" : "UNION",
    "tableOrdinalNumber" : "second"
  },
  "queryContext" : [ {
    "objectType" : "",
    "objectName" : "",
    "startIndex" : 1,
    "stopIndex" : 78,
    "fragment" : "SELECT cast(1 as boolean) FROM t UNION SELECT cast(2 as decimal(10, 0)) FROM t"
  } ]
}


-- !query
SELECT cast(1 as boolean) FROM t UNION SELECT cast(2 as string) FROM t
-- !query schema
struct<>
-- !query output
org.apache.spark.SparkRuntimeException
{
  "errorClass" : "CAST_INVALID_INPUT",
  "sqlState" : "22018",
  "messageParameters" : {
    "expression" : "'2'",
    "sourceType" : "\"STRING\"",
    "targetType" : "\"BOOLEAN\""
  },
  "queryContext" : [ {
    "objectType" : "",
    "objectName" : "",
    "startIndex" : 1,
    "stopIndex" : 70,
    "fragment" : "SELECT cast(1 as boolean) FROM t UNION SELECT cast(2 as string) FROM t"
  } ]
}


-- !query
SELECT cast(1 as boolean) FROM t UNION SELECT cast('2' as binary) FROM t
-- !query schema
struct<>
-- !query output
org.apache.spark.sql.catalyst.ExtendedAnalysisException
{
  "errorClass" : "INCOMPATIBLE_COLUMN_TYPE",
  "sqlState" : "42825",
  "messageParameters" : {
    "columnOrdinalNumber" : "first",
    "dataType1" : "\"BINARY\"",
    "dataType2" : "\"BOOLEAN\"",
    "hint" : "",
    "operator" : "UNION",
    "tableOrdinalNumber" : "second"
  },
  "queryContext" : [ {
    "objectType" : "",
    "objectName" : "",
    "startIndex" : 1,
    "stopIndex" : 72,
    "fragment" : "SELECT cast(1 as boolean) FROM t UNION SELECT cast('2' as binary) FROM t"
  } ]
}


-- !query
SELECT cast(1 as boolean) FROM t UNION SELECT cast(2 as boolean) FROM t
-- !query schema
struct<CAST(1 AS BOOLEAN):boolean>
-- !query output
true


-- !query
SELECT cast(1 as boolean) FROM t UNION SELECT cast('2017-12-11 09:30:00.0' as timestamp) FROM t
-- !query schema
struct<>
-- !query output
org.apache.spark.sql.catalyst.ExtendedAnalysisException
{
  "errorClass" : "INCOMPATIBLE_COLUMN_TYPE",
  "sqlState" : "42825",
  "messageParameters" : {
    "columnOrdinalNumber" : "first",
    "dataType1" : "\"TIMESTAMP\"",
    "dataType2" : "\"BOOLEAN\"",
    "hint" : "",
    "operator" : "UNION",
    "tableOrdinalNumber" : "second"
  },
  "queryContext" : [ {
    "objectType" : "",
    "objectName" : "",
    "startIndex" : 1,
    "stopIndex" : 95,
    "fragment" : "SELECT cast(1 as boolean) FROM t UNION SELECT cast('2017-12-11 09:30:00.0' as timestamp) FROM t"
  } ]
}


-- !query
SELECT cast(1 as boolean) FROM t UNION SELECT cast('2017-12-11 09:30:00' as date) FROM t
-- !query schema
struct<>
-- !query output
org.apache.spark.sql.catalyst.ExtendedAnalysisException
{
  "errorClass" : "INCOMPATIBLE_COLUMN_TYPE",
  "sqlState" : "42825",
  "messageParameters" : {
    "columnOrdinalNumber" : "first",
    "dataType1" : "\"DATE\"",
    "dataType2" : "\"BOOLEAN\"",
    "hint" : "",
    "operator" : "UNION",
    "tableOrdinalNumber" : "second"
  },
  "queryContext" : [ {
    "objectType" : "",
    "objectName" : "",
    "startIndex" : 1,
    "stopIndex" : 88,
    "fragment" : "SELECT cast(1 as boolean) FROM t UNION SELECT cast('2017-12-11 09:30:00' as date) FROM t"
  } ]
}


-- !query
SELECT cast('2017-12-12 09:30:00.0' as timestamp) FROM t UNION SELECT cast(2 as tinyint) FROM t
-- !query schema
struct<>
-- !query output
org.apache.spark.sql.catalyst.ExtendedAnalysisException
{
  "errorClass" : "INCOMPATIBLE_COLUMN_TYPE",
  "sqlState" : "42825",
  "messageParameters" : {
    "columnOrdinalNumber" : "first",
    "dataType1" : "\"TINYINT\"",
    "dataType2" : "\"TIMESTAMP\"",
    "hint" : "",
    "operator" : "UNION",
    "tableOrdinalNumber" : "second"
  },
  "queryContext" : [ {
    "objectType" : "",
    "objectName" : "",
    "startIndex" : 1,
    "stopIndex" : 95,
    "fragment" : "SELECT cast('2017-12-12 09:30:00.0' as timestamp) FROM t UNION SELECT cast(2 as tinyint) FROM t"
  } ]
}


-- !query
SELECT cast('2017-12-12 09:30:00.0' as timestamp) FROM t UNION SELECT cast(2 as smallint) FROM t
-- !query schema
struct<>
-- !query output
org.apache.spark.sql.catalyst.ExtendedAnalysisException
{
  "errorClass" : "INCOMPATIBLE_COLUMN_TYPE",
  "sqlState" : "42825",
  "messageParameters" : {
    "columnOrdinalNumber" : "first",
    "dataType1" : "\"SMALLINT\"",
    "dataType2" : "\"TIMESTAMP\"",
    "hint" : "",
    "operator" : "UNION",
    "tableOrdinalNumber" : "second"
  },
  "queryContext" : [ {
    "objectType" : "",
    "objectName" : "",
    "startIndex" : 1,
    "stopIndex" : 96,
    "fragment" : "SELECT cast('2017-12-12 09:30:00.0' as timestamp) FROM t UNION SELECT cast(2 as smallint) FROM t"
  } ]
}


-- !query
SELECT cast('2017-12-12 09:30:00.0' as timestamp) FROM t UNION SELECT cast(2 as int) FROM t
-- !query schema
struct<>
-- !query output
org.apache.spark.sql.catalyst.ExtendedAnalysisException
{
  "errorClass" : "INCOMPATIBLE_COLUMN_TYPE",
  "sqlState" : "42825",
  "messageParameters" : {
    "columnOrdinalNumber" : "first",
    "dataType1" : "\"INT\"",
    "dataType2" : "\"TIMESTAMP\"",
    "hint" : "",
    "operator" : "UNION",
    "tableOrdinalNumber" : "second"
  },
  "queryContext" : [ {
    "objectType" : "",
    "objectName" : "",
    "startIndex" : 1,
    "stopIndex" : 91,
    "fragment" : "SELECT cast('2017-12-12 09:30:00.0' as timestamp) FROM t UNION SELECT cast(2 as int) FROM t"
  } ]
}


-- !query
SELECT cast('2017-12-12 09:30:00.0' as timestamp) FROM t UNION SELECT cast(2 as bigint) FROM t
-- !query schema
struct<>
-- !query output
org.apache.spark.sql.catalyst.ExtendedAnalysisException
{
  "errorClass" : "INCOMPATIBLE_COLUMN_TYPE",
  "sqlState" : "42825",
  "messageParameters" : {
    "columnOrdinalNumber" : "first",
    "dataType1" : "\"BIGINT\"",
    "dataType2" : "\"TIMESTAMP\"",
    "hint" : "",
    "operator" : "UNION",
    "tableOrdinalNumber" : "second"
  },
  "queryContext" : [ {
    "objectType" : "",
    "objectName" : "",
    "startIndex" : 1,
    "stopIndex" : 94,
    "fragment" : "SELECT cast('2017-12-12 09:30:00.0' as timestamp) FROM t UNION SELECT cast(2 as bigint) FROM t"
  } ]
}


-- !query
SELECT cast('2017-12-12 09:30:00.0' as timestamp) FROM t UNION SELECT cast(2 as float) FROM t
-- !query schema
struct<>
-- !query output
org.apache.spark.sql.catalyst.ExtendedAnalysisException
{
  "errorClass" : "INCOMPATIBLE_COLUMN_TYPE",
  "sqlState" : "42825",
  "messageParameters" : {
    "columnOrdinalNumber" : "first",
    "dataType1" : "\"FLOAT\"",
    "dataType2" : "\"TIMESTAMP\"",
    "hint" : "",
    "operator" : "UNION",
    "tableOrdinalNumber" : "second"
  },
  "queryContext" : [ {
    "objectType" : "",
    "objectName" : "",
    "startIndex" : 1,
    "stopIndex" : 93,
    "fragment" : "SELECT cast('2017-12-12 09:30:00.0' as timestamp) FROM t UNION SELECT cast(2 as float) FROM t"
  } ]
}


-- !query
SELECT cast('2017-12-12 09:30:00.0' as timestamp) FROM t UNION SELECT cast(2 as double) FROM t
-- !query schema
struct<>
-- !query output
org.apache.spark.sql.catalyst.ExtendedAnalysisException
{
  "errorClass" : "INCOMPATIBLE_COLUMN_TYPE",
  "sqlState" : "42825",
  "messageParameters" : {
    "columnOrdinalNumber" : "first",
    "dataType1" : "\"DOUBLE\"",
    "dataType2" : "\"TIMESTAMP\"",
    "hint" : "",
    "operator" : "UNION",
    "tableOrdinalNumber" : "second"
  },
  "queryContext" : [ {
    "objectType" : "",
    "objectName" : "",
    "startIndex" : 1,
    "stopIndex" : 94,
    "fragment" : "SELECT cast('2017-12-12 09:30:00.0' as timestamp) FROM t UNION SELECT cast(2 as double) FROM t"
  } ]
}


-- !query
SELECT cast('2017-12-12 09:30:00.0' as timestamp) FROM t UNION SELECT cast(2 as decimal(10, 0)) FROM t
-- !query schema
struct<>
-- !query output
org.apache.spark.sql.catalyst.ExtendedAnalysisException
{
  "errorClass" : "INCOMPATIBLE_COLUMN_TYPE",
  "sqlState" : "42825",
  "messageParameters" : {
    "columnOrdinalNumber" : "first",
    "dataType1" : "\"DECIMAL(10,0)\"",
    "dataType2" : "\"TIMESTAMP\"",
    "hint" : "",
    "operator" : "UNION",
    "tableOrdinalNumber" : "second"
  },
  "queryContext" : [ {
    "objectType" : "",
    "objectName" : "",
    "startIndex" : 1,
    "stopIndex" : 102,
    "fragment" : "SELECT cast('2017-12-12 09:30:00.0' as timestamp) FROM t UNION SELECT cast(2 as decimal(10, 0)) FROM t"
  } ]
}


-- !query
SELECT cast('2017-12-12 09:30:00.0' as timestamp) FROM t UNION SELECT cast(2 as string) FROM t
-- !query schema
struct<>
-- !query output
org.apache.spark.SparkDateTimeException
{
  "errorClass" : "CAST_INVALID_INPUT",
  "sqlState" : "22018",
  "messageParameters" : {
    "expression" : "'2'",
    "sourceType" : "\"STRING\"",
    "targetType" : "\"TIMESTAMP\""
  },
  "queryContext" : [ {
    "objectType" : "",
    "objectName" : "",
    "startIndex" : 1,
    "stopIndex" : 94,
    "fragment" : "SELECT cast('2017-12-12 09:30:00.0' as timestamp) FROM t UNION SELECT cast(2 as string) FROM t"
  } ]
}


-- !query
SELECT cast('2017-12-12 09:30:00.0' as timestamp) FROM t UNION SELECT cast('2' as binary) FROM t
-- !query schema
struct<>
-- !query output
org.apache.spark.sql.catalyst.ExtendedAnalysisException
{
  "errorClass" : "INCOMPATIBLE_COLUMN_TYPE",
  "sqlState" : "42825",
  "messageParameters" : {
    "columnOrdinalNumber" : "first",
    "dataType1" : "\"BINARY\"",
    "dataType2" : "\"TIMESTAMP\"",
    "hint" : "",
    "operator" : "UNION",
    "tableOrdinalNumber" : "second"
  },
  "queryContext" : [ {
    "objectType" : "",
    "objectName" : "",
    "startIndex" : 1,
    "stopIndex" : 96,
    "fragment" : "SELECT cast('2017-12-12 09:30:00.0' as timestamp) FROM t UNION SELECT cast('2' as binary) FROM t"
  } ]
}


-- !query
SELECT cast('2017-12-12 09:30:00.0' as timestamp) FROM t UNION SELECT cast(2 as boolean) FROM t
-- !query schema
struct<>
-- !query output
org.apache.spark.sql.catalyst.ExtendedAnalysisException
{
  "errorClass" : "INCOMPATIBLE_COLUMN_TYPE",
  "sqlState" : "42825",
  "messageParameters" : {
    "columnOrdinalNumber" : "first",
    "dataType1" : "\"BOOLEAN\"",
    "dataType2" : "\"TIMESTAMP\"",
    "hint" : "",
    "operator" : "UNION",
    "tableOrdinalNumber" : "second"
  },
  "queryContext" : [ {
    "objectType" : "",
    "objectName" : "",
    "startIndex" : 1,
    "stopIndex" : 95,
    "fragment" : "SELECT cast('2017-12-12 09:30:00.0' as timestamp) FROM t UNION SELECT cast(2 as boolean) FROM t"
  } ]
}


-- !query
SELECT cast('2017-12-12 09:30:00.0' as timestamp) FROM t UNION SELECT cast('2017-12-11 09:30:00.0' as timestamp) FROM t
-- !query schema
struct<CAST(2017-12-12 09:30:00.0 AS TIMESTAMP):timestamp>
-- !query output
2017-12-11 09:30:00
2017-12-12 09:30:00


-- !query
SELECT cast('2017-12-12 09:30:00.0' as timestamp) FROM t UNION SELECT cast('2017-12-11 09:30:00' as date) FROM t
-- !query schema
struct<CAST(2017-12-12 09:30:00.0 AS TIMESTAMP):timestamp>
-- !query output
2017-12-11 00:00:00
2017-12-12 09:30:00


-- !query
SELECT cast('2017-12-12 09:30:00' as date) FROM t UNION SELECT cast(2 as tinyint) FROM t
-- !query schema
struct<>
-- !query output
org.apache.spark.sql.catalyst.ExtendedAnalysisException
{
  "errorClass" : "INCOMPATIBLE_COLUMN_TYPE",
  "sqlState" : "42825",
  "messageParameters" : {
    "columnOrdinalNumber" : "first",
    "dataType1" : "\"TINYINT\"",
    "dataType2" : "\"DATE\"",
    "hint" : "",
    "operator" : "UNION",
    "tableOrdinalNumber" : "second"
  },
  "queryContext" : [ {
    "objectType" : "",
    "objectName" : "",
    "startIndex" : 1,
    "stopIndex" : 88,
    "fragment" : "SELECT cast('2017-12-12 09:30:00' as date) FROM t UNION SELECT cast(2 as tinyint) FROM t"
  } ]
}


-- !query
SELECT cast('2017-12-12 09:30:00' as date) FROM t UNION SELECT cast(2 as smallint) FROM t
-- !query schema
struct<>
-- !query output
org.apache.spark.sql.catalyst.ExtendedAnalysisException
{
  "errorClass" : "INCOMPATIBLE_COLUMN_TYPE",
  "sqlState" : "42825",
  "messageParameters" : {
    "columnOrdinalNumber" : "first",
    "dataType1" : "\"SMALLINT\"",
    "dataType2" : "\"DATE\"",
    "hint" : "",
    "operator" : "UNION",
    "tableOrdinalNumber" : "second"
  },
  "queryContext" : [ {
    "objectType" : "",
    "objectName" : "",
    "startIndex" : 1,
    "stopIndex" : 89,
    "fragment" : "SELECT cast('2017-12-12 09:30:00' as date) FROM t UNION SELECT cast(2 as smallint) FROM t"
  } ]
}


-- !query
SELECT cast('2017-12-12 09:30:00' as date) FROM t UNION SELECT cast(2 as int) FROM t
-- !query schema
struct<>
-- !query output
org.apache.spark.sql.catalyst.ExtendedAnalysisException
{
  "errorClass" : "INCOMPATIBLE_COLUMN_TYPE",
  "sqlState" : "42825",
  "messageParameters" : {
    "columnOrdinalNumber" : "first",
    "dataType1" : "\"INT\"",
    "dataType2" : "\"DATE\"",
    "hint" : "",
    "operator" : "UNION",
    "tableOrdinalNumber" : "second"
  },
  "queryContext" : [ {
    "objectType" : "",
    "objectName" : "",
    "startIndex" : 1,
    "stopIndex" : 84,
    "fragment" : "SELECT cast('2017-12-12 09:30:00' as date) FROM t UNION SELECT cast(2 as int) FROM t"
  } ]
}


-- !query
SELECT cast('2017-12-12 09:30:00' as date) FROM t UNION SELECT cast(2 as bigint) FROM t
-- !query schema
struct<>
-- !query output
org.apache.spark.sql.catalyst.ExtendedAnalysisException
{
  "errorClass" : "INCOMPATIBLE_COLUMN_TYPE",
  "sqlState" : "42825",
  "messageParameters" : {
    "columnOrdinalNumber" : "first",
    "dataType1" : "\"BIGINT\"",
    "dataType2" : "\"DATE\"",
    "hint" : "",
    "operator" : "UNION",
    "tableOrdinalNumber" : "second"
  },
  "queryContext" : [ {
    "objectType" : "",
    "objectName" : "",
    "startIndex" : 1,
    "stopIndex" : 87,
    "fragment" : "SELECT cast('2017-12-12 09:30:00' as date) FROM t UNION SELECT cast(2 as bigint) FROM t"
  } ]
}


-- !query
SELECT cast('2017-12-12 09:30:00' as date) FROM t UNION SELECT cast(2 as float) FROM t
-- !query schema
struct<>
-- !query output
org.apache.spark.sql.catalyst.ExtendedAnalysisException
{
  "errorClass" : "INCOMPATIBLE_COLUMN_TYPE",
  "sqlState" : "42825",
  "messageParameters" : {
    "columnOrdinalNumber" : "first",
    "dataType1" : "\"FLOAT\"",
    "dataType2" : "\"DATE\"",
    "hint" : "",
    "operator" : "UNION",
    "tableOrdinalNumber" : "second"
  },
  "queryContext" : [ {
    "objectType" : "",
    "objectName" : "",
    "startIndex" : 1,
    "stopIndex" : 86,
    "fragment" : "SELECT cast('2017-12-12 09:30:00' as date) FROM t UNION SELECT cast(2 as float) FROM t"
  } ]
}


-- !query
SELECT cast('2017-12-12 09:30:00' as date) FROM t UNION SELECT cast(2 as double) FROM t
-- !query schema
struct<>
-- !query output
org.apache.spark.sql.catalyst.ExtendedAnalysisException
{
  "errorClass" : "INCOMPATIBLE_COLUMN_TYPE",
  "sqlState" : "42825",
  "messageParameters" : {
    "columnOrdinalNumber" : "first",
    "dataType1" : "\"DOUBLE\"",
    "dataType2" : "\"DATE\"",
    "hint" : "",
    "operator" : "UNION",
    "tableOrdinalNumber" : "second"
  },
  "queryContext" : [ {
    "objectType" : "",
    "objectName" : "",
    "startIndex" : 1,
    "stopIndex" : 87,
    "fragment" : "SELECT cast('2017-12-12 09:30:00' as date) FROM t UNION SELECT cast(2 as double) FROM t"
  } ]
}


-- !query
SELECT cast('2017-12-12 09:30:00' as date) FROM t UNION SELECT cast(2 as decimal(10, 0)) FROM t
-- !query schema
struct<>
-- !query output
org.apache.spark.sql.catalyst.ExtendedAnalysisException
{
  "errorClass" : "INCOMPATIBLE_COLUMN_TYPE",
  "sqlState" : "42825",
  "messageParameters" : {
    "columnOrdinalNumber" : "first",
    "dataType1" : "\"DECIMAL(10,0)\"",
    "dataType2" : "\"DATE\"",
    "hint" : "",
    "operator" : "UNION",
    "tableOrdinalNumber" : "second"
  },
  "queryContext" : [ {
    "objectType" : "",
    "objectName" : "",
    "startIndex" : 1,
    "stopIndex" : 95,
    "fragment" : "SELECT cast('2017-12-12 09:30:00' as date) FROM t UNION SELECT cast(2 as decimal(10, 0)) FROM t"
  } ]
}


-- !query
SELECT cast('2017-12-12 09:30:00' as date) FROM t UNION SELECT cast(2 as string) FROM t
-- !query schema
struct<>
-- !query output
org.apache.spark.SparkDateTimeException
{
  "errorClass" : "CAST_INVALID_INPUT",
  "sqlState" : "22018",
  "messageParameters" : {
    "expression" : "'2'",
    "sourceType" : "\"STRING\"",
    "targetType" : "\"DATE\""
  },
  "queryContext" : [ {
    "objectType" : "",
    "objectName" : "",
    "startIndex" : 1,
    "stopIndex" : 87,
    "fragment" : "SELECT cast('2017-12-12 09:30:00' as date) FROM t UNION SELECT cast(2 as string) FROM t"
  } ]
}


-- !query
SELECT cast('2017-12-12 09:30:00' as date) FROM t UNION SELECT cast('2' as binary) FROM t
-- !query schema
struct<>
-- !query output
org.apache.spark.sql.catalyst.ExtendedAnalysisException
{
  "errorClass" : "INCOMPATIBLE_COLUMN_TYPE",
  "sqlState" : "42825",
  "messageParameters" : {
    "columnOrdinalNumber" : "first",
    "dataType1" : "\"BINARY\"",
    "dataType2" : "\"DATE\"",
    "hint" : "",
    "operator" : "UNION",
    "tableOrdinalNumber" : "second"
  },
  "queryContext" : [ {
    "objectType" : "",
    "objectName" : "",
    "startIndex" : 1,
    "stopIndex" : 89,
    "fragment" : "SELECT cast('2017-12-12 09:30:00' as date) FROM t UNION SELECT cast('2' as binary) FROM t"
  } ]
}


-- !query
SELECT cast('2017-12-12 09:30:00' as date) FROM t UNION SELECT cast(2 as boolean) FROM t
-- !query schema
struct<>
-- !query output
org.apache.spark.sql.catalyst.ExtendedAnalysisException
{
  "errorClass" : "INCOMPATIBLE_COLUMN_TYPE",
  "sqlState" : "42825",
  "messageParameters" : {
    "columnOrdinalNumber" : "first",
    "dataType1" : "\"BOOLEAN\"",
    "dataType2" : "\"DATE\"",
    "hint" : "",
    "operator" : "UNION",
    "tableOrdinalNumber" : "second"
  },
  "queryContext" : [ {
    "objectType" : "",
    "objectName" : "",
    "startIndex" : 1,
    "stopIndex" : 88,
    "fragment" : "SELECT cast('2017-12-12 09:30:00' as date) FROM t UNION SELECT cast(2 as boolean) FROM t"
  } ]
}


-- !query
SELECT cast('2017-12-12 09:30:00' as date) FROM t UNION SELECT cast('2017-12-11 09:30:00.0' as timestamp) FROM t
-- !query schema
struct<CAST(2017-12-12 09:30:00 AS DATE):timestamp>
-- !query output
2017-12-11 09:30:00
2017-12-12 00:00:00


-- !query
SELECT cast('2017-12-12 09:30:00' as date) FROM t UNION SELECT cast('2017-12-11 09:30:00' as date) FROM t
-- !query schema
struct<CAST(2017-12-12 09:30:00 AS DATE):date>
-- !query output
2017-12-11
2017-12-12
