-- Automatically generated by SQLQueryTestSuite
-- !query
CREATE TEMPORARY VIEW tab1 AS SELECT * FROM VALUES
    (0), (1), (2), (2), (2), (2), (3), (null), (null) AS tab1(c1)
-- !query schema
struct<>
-- !query output



-- !query
CREATE TEMPORARY VIEW tab2 AS SELECT * FROM VALUES
    (1), (2), (2), (3), (5), (5), (null) AS tab2(c1)
-- !query schema
struct<>
-- !query output



-- !query
CREATE TEMPORARY VIEW tab3 AS SELECT * FROM VALUES
    (1, 2), 
    (1, 2),
    (1, 3),
    (2, 3),
    (2, 2)
    AS tab3(k, v)
-- !query schema
struct<>
-- !query output



-- !query
CREATE TEMPORARY VIEW tab4 AS SELECT * FROM VALUES
    (1, 2), 
    (2, 3),
    (2, 2),
    (2, 2),
    (2, 20)
    AS tab4(k, v)
-- !query schema
struct<>
-- !query output



-- !query
SELECT udf(c1) FROM tab1
EXCEPT ALL
SELECT udf(c1) FROM tab2
-- !query schema
struct<udf(c1):int>
-- !query output
0
2
2
NULL


-- !query
SELECT udf(c1) FROM tab1
MINUS ALL
SELECT udf(c1) FROM tab2
-- !query schema
struct<udf(c1):int>
-- !query output
0
2
2
NULL


-- !query
SELECT udf(c1) FROM tab1
EXCEPT ALL
SELECT udf(c1) FROM tab2 WHERE udf(c1) IS NOT NULL
-- !query schema
struct<udf(c1):int>
-- !query output
0
2
2
NULL
NULL


-- !query
SELECT udf(c1) FROM tab1 WHERE udf(c1) > 5
EXCEPT ALL
SELECT udf(c1) FROM tab2
-- !query schema
struct<udf(c1):int>
-- !query output



-- !query
SELECT udf(c1) FROM tab1
EXCEPT ALL
SELECT udf(c1) FROM tab2 WHERE udf(c1 > udf(6))
-- !query schema
struct<udf(c1):int>
-- !query output
0
1
2
2
2
2
3
NULL
NULL


-- !query
SELECT udf(c1) FROM tab1
EXCEPT ALL
SELECT CAST(udf(1) AS BIGINT)
-- !query schema
struct<udf(c1):bigint>
-- !query output
0
2
2
2
2
3
NULL
NULL


-- !query
SELECT udf(c1) FROM tab1
EXCEPT ALL
SELECT array(1)
-- !query schema
struct<>
-- !query output
org.apache.spark.sql.catalyst.ExtendedAnalysisException
{
  "errorClass" : "INCOMPATIBLE_COLUMN_TYPE",
  "sqlState" : "42825",
  "messageParameters" : {
    "columnOrdinalNumber" : "first",
    "dataType1" : "\"ARRAY<INT>\"",
    "dataType2" : "\"INT\"",
    "hint" : "",
    "operator" : "EXCEPT ALL",
    "tableOrdinalNumber" : "second"
  },
  "queryContext" : [ {
    "objectType" : "",
    "objectName" : "",
    "startIndex" : 1,
    "stopIndex" : 51,
    "fragment" : "SELECT udf(c1) FROM tab1\nEXCEPT ALL\nSELECT array(1)"
  } ]
}


-- !query
SELECT udf(k), v FROM tab3
EXCEPT ALL
SELECT k, udf(v) FROM tab4
-- !query schema
struct<udf(k):int,v:int>
-- !query output
1	2
1	3


-- !query
SELECT k, udf(v) FROM tab4
EXCEPT ALL
SELECT udf(k), v FROM tab3
-- !query schema
struct<k:int,udf(v):int>
-- !query output
2	2
2	20


-- !query
SELECT udf(k), udf(v) FROM tab4
EXCEPT ALL
SELECT udf(k), udf(v) FROM tab3
INTERSECT DISTINCT
SELECT udf(k), udf(v) FROM tab4
-- !query schema
struct<udf(k):int,udf(v):int>
-- !query output
2	2
2	20


-- !query
SELECT udf(k), v FROM tab4
EXCEPT ALL
SELECT k, udf(v) FROM tab3
EXCEPT DISTINCT
SELECT udf(k), udf(v) FROM tab4
-- !query schema
struct<udf(k):int,v:int>
-- !query output



-- !query
SELECT k, udf(v) FROM tab3
EXCEPT ALL
SELECT udf(k), udf(v) FROM tab4
UNION ALL
SELECT udf(k), v FROM tab3
EXCEPT DISTINCT
SELECT k, udf(v) FROM tab4
-- !query schema
struct<k:int,udf(v):int>
-- !query output
1	3


-- !query
SELECT k FROM tab3
EXCEPT ALL
SELECT k, v FROM tab4
-- !query schema
struct<>
-- !query output
org.apache.spark.sql.catalyst.ExtendedAnalysisException
{
  "errorClass" : "NUM_COLUMNS_MISMATCH",
  "sqlState" : "42826",
  "messageParameters" : {
    "firstNumColumns" : "1",
    "invalidNumColumns" : "2",
    "invalidOrdinalNum" : "second",
    "operator" : "EXCEPT ALL"
  },
  "queryContext" : [ {
    "objectType" : "",
    "objectName" : "",
    "startIndex" : 1,
    "stopIndex" : 51,
    "fragment" : "SELECT k FROM tab3\nEXCEPT ALL\nSELECT k, v FROM tab4"
  } ]
}


-- !query
SELECT udf(k), udf(v) FROM tab3
EXCEPT ALL
SELECT udf(k), udf(v) FROM tab4
UNION
SELECT udf(k), udf(v) FROM tab3
EXCEPT DISTINCT
SELECT udf(k), udf(v) FROM tab4
-- !query schema
struct<udf(k):int,udf(v):int>
-- !query output
1	3


-- !query
SELECT udf(k), udf(v) FROM tab3
MINUS ALL
SELECT k, udf(v) FROM tab4
UNION
SELECT udf(k), udf(v) FROM tab3
MINUS DISTINCT
SELECT k, udf(v) FROM tab4
-- !query schema
struct<udf(k):int,udf(v):int>
-- !query output
1	3


-- !query
SELECT k, udf(v) FROM tab3
EXCEPT ALL
SELECT udf(k), v FROM tab4
EXCEPT DISTINCT
SELECT k, udf(v) FROM tab3
EXCEPT DISTINCT
SELECT udf(k), v FROM tab4
-- !query schema
struct<k:int,udf(v):int>
-- !query output



-- !query
SELECT * 
FROM   (SELECT tab3.k,
               udf(tab4.v)
        FROM   tab3 
               JOIN tab4 
                 ON udf(tab3.k) = tab4.k)
EXCEPT ALL 
SELECT * 
FROM   (SELECT udf(tab3.k),
               tab4.v
        FROM   tab3 
               JOIN tab4 
                 ON tab3.k = udf(tab4.k))
-- !query schema
struct<k:int,udf(v):int>
-- !query output



-- !query
SELECT * 
FROM   (SELECT udf(udf(tab3.k)),
               udf(tab4.v)
        FROM   tab3 
               JOIN tab4 
                 ON udf(udf(tab3.k)) = udf(tab4.k))
EXCEPT ALL 
SELECT * 
FROM   (SELECT udf(tab4.v) AS k,
               udf(udf(tab3.k)) AS v
        FROM   tab3 
               JOIN tab4 
                 ON udf(tab3.k) = udf(tab4.k))
-- !query schema
struct<udf(udf(k)):int,udf(v):int>
-- !query output
1	2
1	2
1	2
2	20
2	20
2	3
2	3


-- !query
SELECT udf(v) FROM tab3 GROUP BY v
EXCEPT ALL
SELECT udf(k) FROM tab4 GROUP BY k
-- !query schema
struct<udf(v):int>
-- !query output
3


-- !query
DROP VIEW IF EXISTS tab1
-- !query schema
struct<>
-- !query output



-- !query
DROP VIEW IF EXISTS tab2
-- !query schema
struct<>
-- !query output



-- !query
DROP VIEW IF EXISTS tab3
-- !query schema
struct<>
-- !query output



-- !query
DROP VIEW IF EXISTS tab4
-- !query schema
struct<>
-- !query output

