-- Automatically generated by SQLQueryTestSuite
-- Number of queries: 22


-- !query
CREATE TEMPORARY VIEW tab1 AS SELECT * FROM VALUES
    (1, 2), 
    (1, 2),
    (1, 3),
    (1, 3),
    (2, 3),
    (null, null),
    (null, null)
    AS tab1(k, v)
-- !query schema
struct<>
-- !query output



-- !query
CREATE TEMPORARY VIEW tab2 AS SELECT * FROM VALUES
    (1, 2), 
    (1, 2), 
    (2, 3),
    (3, 4),
    (null, null),
    (null, null)
    AS tab2(k, v)
-- !query schema
struct<>
-- !query output



-- !query
SELECT udf(k), v FROM tab1
INTERSECT ALL
SELECT k, udf(v) FROM tab2
-- !query schema
struct<udf(k):int,v:int>
-- !query output
1	2
1	2
2	3
NULL	NULL
NULL	NULL


-- !query
SELECT k, udf(v) FROM tab1
INTERSECT ALL
SELECT udf(k), v FROM tab1 WHERE udf(k) = 1
-- !query schema
struct<k:int,udf(v):int>
-- !query output
1	2
1	2
1	3
1	3


-- !query
SELECT udf(k), udf(v) FROM tab1 WHERE k > udf(2)
INTERSECT ALL
SELECT udf(k), udf(v) FROM tab2
-- !query schema
struct<udf(k):int,udf(v):int>
-- !query output



-- !query
SELECT udf(k), v FROM tab1
INTERSECT ALL
SELECT udf(k), v FROM tab2 WHERE udf(udf(k)) > 3
-- !query schema
struct<udf(k):int,v:int>
-- !query output



-- !query
SELECT udf(k), v FROM tab1
INTERSECT ALL
SELECT CAST(udf(1) AS BIGINT), CAST(udf(2) AS BIGINT)
-- !query schema
struct<udf(k):bigint,v:bigint>
-- !query output
1	2


-- !query
SELECT k, udf(v) FROM tab1
INTERSECT ALL
SELECT array(1), udf(2)
-- !query schema
struct<>
-- !query output
org.apache.spark.sql.AnalysisException
IntersectAll can only be performed on tables with the compatible column types. The first column of the second table is array<int> type which is not compatible with int at same column of first table


-- !query
SELECT udf(k) FROM tab1
INTERSECT ALL
SELECT udf(k), udf(v) FROM tab2
-- !query schema
struct<>
-- !query output
org.apache.spark.sql.AnalysisException
IntersectAll can only be performed on tables with the same number of columns, but the first table has 1 columns and the second table has 2 columns


-- !query
SELECT udf(k), v FROM tab2
INTERSECT ALL
SELECT k, udf(v) FROM tab1
INTERSECT ALL
SELECT udf(k), udf(v) FROM tab2
-- !query schema
struct<udf(k):int,v:int>
-- !query output
1	2
1	2
2	3
NULL	NULL
NULL	NULL


-- !query
SELECT udf(k), v FROM tab1
EXCEPT
SELECT k, udf(v) FROM tab2
UNION ALL
SELECT k, udf(udf(v)) FROM tab1
INTERSECT ALL
SELECT udf(k), v FROM tab2
-- !query schema
struct<udf(k):int,v:int>
-- !query output
1	2
1	2
1	3
2	3
NULL	NULL
NULL	NULL


-- !query
SELECT udf(k), udf(v) FROM tab1
EXCEPT
SELECT udf(k), v FROM tab2
EXCEPT
SELECT k, udf(v) FROM tab1
INTERSECT ALL
SELECT udf(k), udf(udf(v)) FROM tab2
-- !query schema
struct<udf(k):int,udf(v):int>
-- !query output
1	3


-- !query
(
  (
    (
      SELECT udf(k), v FROM tab1
      EXCEPT
      SELECT k, udf(v) FROM tab2
    )
    EXCEPT
    SELECT udf(k), udf(v) FROM tab1
  )
  INTERSECT ALL
  SELECT udf(k), udf(v) FROM tab2
)
-- !query schema
struct<udf(k):int,v:int>
-- !query output



-- !query
SELECT * 
FROM   (SELECT udf(tab1.k),
               udf(tab2.v)
        FROM   tab1 
               JOIN tab2 
                 ON udf(udf(tab1.k)) = tab2.k)
INTERSECT ALL 
SELECT * 
FROM   (SELECT udf(tab1.k),
               udf(tab2.v)
        FROM   tab1 
               JOIN tab2 
                 ON udf(tab1.k) = udf(udf(tab2.k)))
-- !query schema
struct<udf(k):int,udf(v):int>
-- !query output
1	2
1	2
1	2
1	2
1	2
1	2
1	2
1	2
2	3


-- !query
SELECT * 
FROM   (SELECT udf(tab1.k),
               udf(tab2.v)
        FROM   tab1 
               JOIN tab2 
                 ON udf(tab1.k) = udf(tab2.k))
INTERSECT ALL 
SELECT * 
FROM   (SELECT udf(tab2.v) AS k,
               udf(tab1.k) AS v
        FROM   tab1 
               JOIN tab2 
                 ON tab1.k = udf(tab2.k))
-- !query schema
struct<udf(k):int,udf(v):int>
-- !query output



-- !query
SELECT udf(v) FROM tab1 GROUP BY v
INTERSECT ALL
SELECT udf(udf(k)) FROM tab2 GROUP BY k
-- !query schema
struct<udf(v):int>
-- !query output
2
3
NULL


-- !query
SET spark.sql.legacy.setopsPrecedence.enabled= true
-- !query schema
struct<key:string,value:string>
-- !query output
spark.sql.legacy.setopsPrecedence.enabled	true


-- !query
SELECT udf(k), v FROM tab1
EXCEPT
SELECT k, udf(v) FROM tab2
UNION ALL
SELECT udf(k), udf(v) FROM tab1
INTERSECT ALL
SELECT udf(udf(k)), udf(v) FROM tab2
-- !query schema
struct<udf(k):int,v:int>
-- !query output
1	2
1	2
2	3
NULL	NULL
NULL	NULL


-- !query
SELECT k, udf(v) FROM tab1
EXCEPT
SELECT udf(k), v FROM tab2
UNION ALL
SELECT udf(k), udf(v) FROM tab1
INTERSECT
SELECT udf(k), udf(udf(v)) FROM tab2
-- !query schema
struct<k:int,udf(v):int>
-- !query output
1	2
2	3
NULL	NULL


-- !query
SET spark.sql.legacy.setopsPrecedence.enabled = false
-- !query schema
struct<key:string,value:string>
-- !query output
spark.sql.legacy.setopsPrecedence.enabled	false


-- !query
DROP VIEW IF EXISTS tab1
-- !query schema
struct<>
-- !query output



-- !query
DROP VIEW IF EXISTS tab2
-- !query schema
struct<>
-- !query output

