-- Automatically generated by SQLQueryTestSuite
-- !query
create temporary view nt1 as select * from values
  ("one", 1),
  ("two", 2),
  ("three", 3)
  as nt1(k, v1)
-- !query schema
struct<>
-- !query output



-- !query
create temporary view nt2 as select * from values
  ("one", 1),
  ("two", 22),
  ("one", 5)
  as nt2(k, v2)
-- !query schema
struct<>
-- !query output



-- !query
SELECT * FROM nt1 natural join nt2 where udf(k) = "one"
-- !query schema
struct<k:string,v1:int,v2:int>
-- !query output
one	1	1
one	1	5


-- !query
SELECT * FROM nt1 natural left join nt2 where k <> udf("") order by v1, v2
-- !query schema
struct<k:string,v1:int,v2:int>
-- !query output
one	1	1
one	1	5
two	2	22
three	3	NULL


-- !query
SELECT * FROM nt1 natural right join nt2 where udf(k) <> udf("") order by v1, v2
-- !query schema
struct<k:string,v1:int,v2:int>
-- !query output
one	1	1
one	1	5
two	2	22


-- !query
SELECT udf(count(*)) FROM nt1 natural full outer join nt2
-- !query schema
struct<udf(count(1)):bigint>
-- !query output
4
